left_entity_id,right_entity_id,score,left_name,right_name
per_efc7f3b55f6918264ff2,per_1c82349944418a5c5f5e,100,A,GARCIA LUCAS A
per_efc7f3b55f6918264ff2,per_b65fe90bea629359373a,100,A,GIACCIO MIGUEL ANTONIO00502521821 GIACCIO MIGUEL A
per_efc7f3b55f6918264ff2,per_569e073e001ace022ea1,100,A,GIACCIO MIGUEL ANTONIO00502521821 GIACCIO MIGUEL A
per_37929b78c2fd1fc4ba49,per_7637b8fc0ca41adc9aec,100,ABAD DANIEL VICTOR,ABAD DANIEL VICTOR
per_a64ed3d6afbc6a113517,per_22516b9076141dc40202,100,ABAD MAXIMILIANO,ABAD MAXIMILIANO
per_143a4a888c14b9d23fc5,per_e7e26ac0310d3a6ce950,100,ABATE MELISA VANINA,ABATE MELISA VANINA
per_e79799c6f967c0632c8d,per_6b94f76e694f46327648,100,ABDALA BARTOLOME,ABDALA BARTOLOME
per_b59cc9cfd5d7962ba5d7,per_0eceb4ea10898431a7d1,100,ABECASIS JOSE,ABECASIS JOSE
per_dc61927bc229cd406acf,per_5343b16f67460f827957,100,ABELLA NAZAR EDUARDO,ABELLA NAZAR EDUARDO
per_8234d3c6cd6cbf95af92,per_ceceac132d8a781bf75e,100,ABELLA SEBASTIAN,ABELLA SEBASTIAN
per_8b83f720fe5baa890832,per_d566cceb7da1f0257cea,100,ABELS MAGALI,MARTINEZ JUAN CRUZ ABELS MAGALI
per_be904d07f320a0e24c0f,per_cd0a3cfd1d606ed7251b,100,ABRAHAN JOSE ROMERO BRENDA,ROMERO BRENDA
per_be904d07f320a0e24c0f,per_22ad2fc5263313421452,100,ABRAHAN JOSE ROMERO BRENDA,ROMERO BRENDA
per_10797ceac7e2e5a2bce9,per_0d4cfb80f3ac62d620b5,100,ABRAMOVICH SEBASTIAN,ABRAMOVICH SEBASTIAN
per_975a5e318706540b20d7,per_364a6d721c99b5bf8775,100,ABSI GABRIEL,ABSI GABRIEL
per_06669efe2e007e9c471f,per_436b5337c07af3da8b04,100,ABSI GABRIEL SICILIA FEDERICO,SICILIA FEDERICO
per_5c9b1747fe4ebf94e0c2,per_1a8984d99cab4dc2645e,100,ABU ARAB GUSTAVO,ABU ARAB GUSTAVO
per_4630f2032396ccbcca1d,per_42147fe6a19bcca84a4f,100,ACEVEDO JESUS,ACEVEDO JESUS
per_b4ec6779dbdb58e29305,per_5924e82958b053c5ba4f,100,ACEVEDO JOSE LUIS,ACEVEDO JOSE LUIS
per_b4ec6779dbdb58e29305,per_a87fb3fe5ba2a11f8eb3,100,ACEVEDO JOSE LUIS,ACEVEDO JOSE LUISACEVEDO JOSE LUIS
per_5924e82958b053c5ba4f,per_a87fb3fe5ba2a11f8eb3,100,ACEVEDO JOSE LUIS,ACEVEDO JOSE LUISACEVEDO JOSE LUIS
per_8a608be506a2ccdadd2d,per_fe8df24d231bc0966ea9,100,ACEVEDO MIGUEL ANGEL,MIGUEL ANGEL
per_5063b738aec5232dac77,per_3ba3f7ab505ccf926301,100,ACHAVAL IGNACIO,IGNACIO
per_a96fbb37613b97e22eac,per_8df4ee102742a59ea12e,100,ACIERNO JUAN PABLO,ACIERNO JUAN PABLO
per_351b5ab650899460405d,per_3a89f223766229cb2a9d,100,ACOSTA GUILLERMO,ACOSTA GUILLERMO
per_d78edab6c931eb564573,per_d982357bb74a615599ba,100,ACOSTA LEANDRO ALFREDO,ACOSTA LEANDRO ALFREDO
per_4b2bda636cae49627f03,per_7c4fdb2a803063d5c7bc,100,ACUNA EDUARDO,ACUNA JOAQUIN EDUARDO
per_cad5f4fdb6ad6b3daad9,per_7e74319c23c6dddb9048,100,ACUNA EZEQUIEL ISMAEL,ACUNA EZEQUIEL ISMAEL
per_cad5f4fdb6ad6b3daad9,per_d6144d90e25d6be70bd0,100,ACUNA EZEQUIEL ISMAEL,LUCERO LUIS ACUNA EZEQUIEL ISMAEL
per_7e74319c23c6dddb9048,per_d6144d90e25d6be70bd0,100,ACUNA EZEQUIEL ISMAEL,LUCERO LUIS ACUNA EZEQUIEL ISMAEL
per_b53c6d44dce26142c494,per_0d53225936ed7c819a93,100,ACUNA GUSTAVO,ACUNA GUSTAVO
per_b241df78aefaa1cac6f1,per_3ba3f7ab505ccf926301,100,ACUNA IGNACIO,IGNACIO
per_30ffc4c559fae9d99b1c,per_db0ddd9d2d096331e2e0,100,ACUNA PATRICIO,ACUNA PATRICIO
per_cfd223ac66cd88971bec,per_350ee4d51cb34db1513a,100,ADLERCREUTZ ROBERTO,ADLERCREUTZ ROBERTO
per_342a00e229ecf3fc2f6d,per_3fd562838119e91882f5,100,ADORNI FRANCISCO,ADORNI FRANCISCO
per_e1ae413f5feb95b8c260,per_8f58f9ed4d83d4d4250c,100,ADORNI MANUEL,ADORNI MANUEL
per_e1ae413f5feb95b8c260,per_3c763471d029fed2b0d8,100,ADORNI MANUEL,ZAMBRANO LUCIANA SOLEDAD ADORNI MANUEL
per_8f58f9ed4d83d4d4250c,per_3c763471d029fed2b0d8,100,ADORNI MANUEL,ZAMBRANO LUCIANA SOLEDAD ADORNI MANUEL
per_6da7210fa1e10a339863,per_55164762410830a50702,100,ADORNI MANUEL DOLCINI EZEQUIEL,DOLCINI EZEQUIEL
per_587797a9f6c37f067707,per_25ed5e9d5b834d5217e0,100,ADORNI MANUEL FRANZOLINI ZUANET VICTORIA,FRANZOLINI ZUANET VICTORIA
per_b9fdfecc2ab2bdf5835a,per_422b936dbb306a4ad572,100,ADORNI MANUEL MIGONE SANTIAGO,MIGONE SANTIAGO
per_b9fdfecc2ab2bdf5835a,per_8d5814171a6793ddbee4,100,ADORNI MANUEL MIGONE SANTIAGO,MIGONE SANTIAGO
per_24f6c301f318c89ef677,per_cd5233e27efde07ef7af,100,ADORNI MANUEL MIRASOLA PATRICIA,MIRASOLA PATRICIA
per_0d009b01778be86d9308,per_fe952e2587bad0f9f560,100,ADORNI TOMAS,ADORNI TOMAS
per_6f62213f8264504ee7fd,per_3e154584fd16a0fcd2c2,100,ADORNI TRINIDAD,ADORNI TRINIDAD
per_81336c7ea43fad8602d0,per_38d7e5613dddbf501390,100,ADRIAN LAROCCA HERRERA BRAVO JAVIER,HERRERA BRAVO JAVIER
per_81336c7ea43fad8602d0,per_3b1143732975ab1b3713,100,ADRIAN LAROCCA HERRERA BRAVO JAVIER,HERRERA BRAVO JAVIER
per_dff1805727a7f3ad2bd4,per_10ad232e36b40d57d832,100,ADURIZ DIEGO,ADURIZ DIEGO
per_25c989a7be64a9963cb1,per_c0bed7ed6c223dca71d3,100,AGOST CARRENO OSCAR,AGOST CARRENO OSCAR
per_bb7f30505cebe5c8ac8e,per_373e5b8cb10fbe43bae4,100,AGREDO DELGADO JUAN DANIEL,AGREDO JUAN DANIEL
per_bb7f30505cebe5c8ac8e,per_592f467cbcbbf10a04eb,100,AGREDO DELGADO JUAN DANIEL,AGREDO JUAN DANIEL
per_373e5b8cb10fbe43bae4,per_592f467cbcbbf10a04eb,100,AGREDO JUAN DANIEL,AGREDO JUAN DANIEL
per_e090b65503d177a7b956,per_cba525b7df377f104462,100,AGUDIEZ ANALIA,AGUDIEZ ANALIA
per_cc553dd1dc4590869f83,per_a8609396177103ee044b,100,AGUDIEZ BELEN,AGUDIEZ MARIA BELEN
per_cc553dd1dc4590869f83,per_68625960c7098d594a79,100,AGUDIEZ BELEN,AGUDIEZ MARIA BELEN
per_cc553dd1dc4590869f83,per_1257937488af537958de,100,AGUDIEZ BELEN,DIAZ SILVIA DEL VALLE RIVEIRO SOLEDAD AGUDIEZ MARIA BELEN
per_a8609396177103ee044b,per_68625960c7098d594a79,100,AGUDIEZ MARIA BELEN,AGUDIEZ MARIA BELEN
per_a8609396177103ee044b,per_1257937488af537958de,100,AGUDIEZ MARIA BELEN,DIAZ SILVIA DEL VALLE RIVEIRO SOLEDAD AGUDIEZ MARIA BELEN
per_68625960c7098d594a79,per_1257937488af537958de,100,AGUDIEZ MARIA BELEN,DIAZ SILVIA DEL VALLE RIVEIRO SOLEDAD AGUDIEZ MARIA BELEN
per_d8b1aa3e985f65b09a98,per_ed8e44099498c35cd4f4,100,AGUDIEZ MARIA BELEN BIALOSTOZKY YAEL,BIALOSTOZKY YAEL
per_d8b1aa3e985f65b09a98,per_d51ca2a8f5c0256c59f9,100,AGUDIEZ MARIA BELEN BIALOSTOZKY YAEL,BIALOSTOZKY YAEL
per_ac353fe4d64bbabe847a,per_4be14b9e702c38e6c45d,100,AGUDIEZ MARIA BELEN FERRANDO ANDREA,FERRANDO ANDREA
per_ac353fe4d64bbabe847a,per_9bd49b4bb9ee88f0681e,100,AGUDIEZ MARIA BELEN FERRANDO ANDREA,FERRANDO ANDREA
per_2da7cac7104d5e6b5c10,per_7bb82a1d6810bb81da65,100,AGUERO ALEXIS IVAN DEANDRES JOSE LUIS,DEANDRES JOSE LUIS
per_2da7cac7104d5e6b5c10,per_66d65c9e55af4aa03660,100,AGUERO ALEXIS IVAN DEANDRES JOSE LUIS,DEANDRES JOSE LUIS
per_9ad88bbdf26602ddb795,per_cdf326b35e04827801c2,100,AGUERO ALEXIS IVAN MILEI KARINA NILDA ROSA ROJAS,NILDA ROSA ROJAS
per_5b880e009e2acc00314f,per_f85c727e278ea750c2b2,100,AGUERO GULLERMO,AGUERO GULLERMO
per_9d4a8c1cf2eb90c6643b,per_cc3cb0e699a784079159,100,AGUERO GULLERMO ALVAREZ LEONARDO GABRIEL,ALVAREZ LEONARDO GABRIEL
per_50f942399b2176dd51b3,per_90616dac34369bb8f156,100,AGUIAR GONZALEZ MARIA,GONZALEZ MARIA
per_50f942399b2176dd51b3,per_b341876c164d0bbe8ba4,100,AGUIAR GONZALEZ MARIA,GONZALEZ MARIA
per_4fbae54abb009f224637,per_4edae969597b3cb18bc1,100,AGUILAR MATIAS LEONARDO,AGUILAR MATIAS LEONARDO
per_b5af6868d67993c86786,per_9a58d70a4ea255135b78,100,AGUINAGA CARLOS,AGUINAGA OMAR CARLOS
per_6bcd5be44f178cdb27e3,per_3d22bb31d6b47433560b,100,AGUIRRE BRAIAN DANIEL,AGUIRRE DANIEL
per_6bcd5be44f178cdb27e3,per_afc1ee47d90dac63c6a2,100,AGUIRRE BRAIAN DANIEL,AGUIRRE DANIEL
per_a3cddd160f8fd84c4365,per_04bd67b847a03517cdc2,100,AGUIRRE CARLOS RAFAEL,AGUIRRE RAFAEL
per_a3cddd160f8fd84c4365,per_68f76171c604ee8dc022,100,AGUIRRE CARLOS RAFAEL,AGUIRRE RAFAEL
per_a3cddd160f8fd84c4365,per_fb5345707c1ec52fe480,100,AGUIRRE CARLOS RAFAEL,AGUIRRE RAFAEL
per_8d0e8766ee72f154ae01,per_3d22bb31d6b47433560b,100,AGUIRRE CESAR DANIEL,AGUIRRE DANIEL
per_8d0e8766ee72f154ae01,per_afc1ee47d90dac63c6a2,100,AGUIRRE CESAR DANIEL,AGUIRRE DANIEL
per_3d22bb31d6b47433560b,per_afc1ee47d90dac63c6a2,100,AGUIRRE DANIEL,AGUIRRE DANIEL
per_de74b5e5decb703fc3ce,per_fa49f65173da2770dbb5,100,AGUIRRE DANIEL RICARDO,AGUIRRE DANIEL RICARDO
per_a24e0772ceaa64a6e24b,per_71595c37b311edabf6d9,100,AGUIRRE GABRIELA,AGUIRRE GABRIELA
per_7b9fe4b39643dc82f18c,per_9a65113f12d62303c0aa,100,AGUIRRE GENTILE ESTEBAN NESTOR,AGUIRRE NESTOR
per_5925b661690733979cbd,per_171e24644db4c2cdc2db,100,AGUIRRE GISELA JAQUELINE,AGUIRRE GISELA JAQUELINE
per_bc60ddb5b7a422032384,per_3c205814038b9d93d1a8,100,AGUIRRE HECTOR RENE,AGUIRRE HECTOR RENE
per_04bd67b847a03517cdc2,per_68f76171c604ee8dc022,100,AGUIRRE RAFAEL,AGUIRRE RAFAEL
per_68f76171c604ee8dc022,per_fb5345707c1ec52fe480,100,AGUIRRE RAFAEL,AGUIRRE RAFAEL
per_3df8b5c992452e117494,per_9113e2ff649c53db71ab,100,AGUSTIN DEFRANCHI,AGUSTIN DEFRANCHI
per_834ad8e050e37906ced8,per_d54b65ce0199ac288e91,100,AGUSTINA GENOVESE,AGUSTINA GENOVESE
per_bf47702f5cb39962d6f2,per_a344672bdeaa38b760b4,100,AIZPEOLEA HORACIO JAVIER,AIZPEOLEA HORACIO JAVIER
per_351b2d25bc7581ac2bf1,per_042d35e51bd79c827c9b,100,AIZPUN JOSE,AIZPUN JOSE
per_ca6af42cf426af39a6fe,per_17be678a364145e414d3,100,AJANEESH KUMAR,SHRI AJANEESH KUMAR
per_8046d7aaab5d7028472c,per_9e7b9471b276c813c195,100,ALAIME PABLO PAREJA SEBASTIAN RAMIREZ MARIA DEL PILAR,MARIA DEL PILAR
per_8046d7aaab5d7028472c,per_43bc25423b013997b03b,100,ALAIME PABLO PAREJA SEBASTIAN RAMIREZ MARIA DEL PILAR,RAMIREZ MARIA DEL PILAR
per_8046d7aaab5d7028472c,per_48b4a44be93000524fb0,100,ALAIME PABLO PAREJA SEBASTIAN RAMIREZ MARIA DEL PILAR,RAMIREZ MARIA DEL PILAR
per_8046d7aaab5d7028472c,per_c6ee274c158bd10fe287,100,ALAIME PABLO PAREJA SEBASTIAN RAMIREZ MARIA DEL PILAR,RAMIREZ PILAR
per_886e1f73a1b9dfab772d,per_83081ac4587a6af5209e,100,ALBA LUZ TANGARIFE,ALBA LUZ TANGARIFE
per_4e2b6f32478e548f4574,per_174c25ee795f454add70,100,ALBAMONTE CRISTIAN,ALBAMONTE CRISTIAN
per_e47bda6a7dffba2a7d09,per_a504337cc9da1d8ac573,100,ALBANESE EDUARDO ALFONSO,ALBANESE EDUARDO ALFONSO
per_fc419342f58c490c6115,per_1b18d5f1eca133d5b437,100,ALBANESE MARIA DEL PILAR,ALBANESE PILAR
per_fc419342f58c490c6115,per_9e7b9471b276c813c195,100,ALBANESE MARIA DEL PILAR,MARIA DEL PILAR
per_36eaadecb84528413d3b,per_ea51d31f3e53b5f54eb2,100,ALBANI HUGO,ALBANI HUGO
per_317799e8c77bb125944d,per_051aa577d1117b9ff7c3,100,ALBARRACIN RAUL,ALBARRACIN RAUL
per_8a89fdb397b3edf1a846,per_fcd6581afa4ed912eccc,100,ALBERDI ANA CLARA,ALBERDI ANA CLARA
per_21cd5b3a8bd727c6ddec,per_b3a346f0fa59dd1fae20,100,ALBERTO CARLUCCI NAVARRO DANA,NAVARRO DANA
per_bcb38b8517b6ea1b5790,per_9e6fabbd557b9f182a79,100,ALBERTO GERMAN,CZERNIKOWSKI ALBERTO GERMAN
per_39857bbf979fd62b02a0,per_3ba3f7ab505ccf926301,100,ALBERTO JUAN IGNACIO,IGNACIO
per_021c32a42a7ea2895926,per_42fda8f900f25267f1c1,100,ALBERTO NANZER,ALBERTO NANZER
per_4c764d5625742dce02b8,per_f54a6e317083d95d5b33,100,ALBORNOZ LOPEZ FRANCO,LOPEZ FRANCO
per_608a21d4d3e0b7f0212f,per_02bb78783fc20b28ca37,100,ALBURQUERQUE CARLA JOHANNA,ALBURQUERQUE CARLA JOHANNA
per_645b2495cc34a17274c4,per_d37ea7dc99d75e367df1,100,ALCARAZ HERNAN,ALCARAZ HERNAN
per_986c7d9a327438935b0a,per_24e8bb30eb6ab78fdf54,100,ALCIDES MARINO,ALCIDES MARINO
per_c3c33d15e4b66b08409c,per_0dcef2bb2734caa31493,100,ALDAO GONZALO ALBERTO,ALDAO GONZALO ALBERTO
per_6e02a9343c5a1db9ac83,per_06cba64d63db7d031a73,100,ALDAYA DEL CAMPO,ALDAYA DEL CAMPO
per_bd3dc81a275834947bee,per_d2cfa0a9897ec8789f5a,100,ALDEA JORGE,ALDEA JORGE
per_8c72faf3fbd14b2796c5,per_972c62b3bcb462dea996,100,ALDERETE CLAUDIO,ALDERETE CLAUDIO
per_61fb7e45108605842e67,per_5faca4f8e994cc38535a,100,ALEC OXENFORD SERVENTI MARIA ALEJANDRA,OXENFORD ALEC
per_61fb7e45108605842e67,per_35e37a1a6fcaead5a8a1,100,ALEC OXENFORD SERVENTI MARIA ALEJANDRA,SERVENTI ALEJANDRA
per_61fb7e45108605842e67,per_46f5607302db3fdf1c2b,100,ALEC OXENFORD SERVENTI MARIA ALEJANDRA,SERVENTI MARIA ALEJANDRA
per_61fb7e45108605842e67,per_48700c9158ef78e5e3fe,100,ALEC OXENFORD SERVENTI MARIA ALEJANDRA,SERVENTI MARIA ALEJANDRA
per_61fb7e45108605842e67,per_49adc6fc6e84543f092e,100,ALEC OXENFORD SERVENTI MARIA ALEJANDRA,SERVENTI MARIA ALEJANDRA
per_0516390fa8277d73c9c1,per_029b72c22e51f7934932,100,ALEGRE DIEGO ALEJANDRO,DIEGO ALEJANDRO
per_da8f0de9819c2cac41cd,per_e62e15975adba303a71c,100,ALEGRE LUCAS,ALEGRE LUCAS
per_f5df83ac407added76c5,per_a6006ee6e7d8f0d2a04d,100,ALEJANDRO ALFIE,ALFIE ALEJANDRO
per_6be3ade419013ceb6775,per_11cb6f79cb1253609129,100,ALEJANDRO DEL FRANCO,DAMIAN ALEJANDRO DEL FRANCO
per_260e02e4ac325d96d793,per_edd062731005d16ff59f,100,ALEJANDRO PEREZ ALEJANDRO,BELIZAN RAMON MATIAS PEREZ DAVID ALEJANDRO
per_260e02e4ac325d96d793,per_2c34bfe30e4380209740,100,ALEJANDRO PEREZ ALEJANDRO,PEREZ ARIEL ALEJANDRO
per_260e02e4ac325d96d793,per_a7df4f7909b287e04652,100,ALEJANDRO PEREZ ALEJANDRO,PEREZ DAVID ALEJANDRO
per_299a378fd6d94df91a0b,per_a4ecfaf2728448f739d5,100,ALEJANDRO SCHAPOVALOFF,DIAZ SILVIA DEL VALLE ALEJANDRO SCHAPOVALOFF
per_299a378fd6d94df91a0b,per_fa06aeaf4836bbb7f659,100,ALEJANDRO SCHAPOVALOFF,DURE DANIEL ALEJANDRO SCHAPOVALOFF
per_5c986df36c2e5568523f,per_fbd7621524f02dce47d9,100,ALEJANDRO SCHAPOVALOFF CATALAN LISANDRO,CATALAN LISANDRO
per_5c986df36c2e5568523f,per_abcd2effc98cb785e849,100,ALEJANDRO SCHAPOVALOFF CATALAN LISANDRO,CATALAN LISANDRO
per_9334ddf547b604912d04,per_5f4fd595535a5fa4f200,100,ALEJANDRO SCHAPOVALOFF OJEDA CARLOS SERRA NOELIA LORENA,SERRA NOELIA LORENA
per_9334ddf547b604912d04,per_b6d8dbc7e45bdaf8f410,100,ALEJANDRO SCHAPOVALOFF OJEDA CARLOS SERRA NOELIA LORENA,SERRA NOELIA LORENA
per_d6f81110cb2d5f954cfb,per_0b87eef6cb0159f24d4f,100,ALEJANDRO SCHAPOVALOFF PALENQUE RAMIRO ROBERTO TUERO,ROBERTO TUERO
per_69e3f3d4d816c96a0825,per_ad3a916ae0d75a293a51,100,ALEMANN FLAVIA,ALEMANN FLAVIA
per_2327a111ea0397da47d6,per_17f0e1c48aedeaca757c,100,ALEU EUGENIA,ALEU EUGENIA
per_72b302cf34d04aa131a1,per_31a3b7a53ccf2af500c8,100,ALEXIS LEONEL GONZALEZ,ALEXIS LEONEL GONZALEZ
per_a071cc907a49b3328eb9,per_3333ed25c92a52770c3a,100,ALEXIS LEONEL GONZALEZ BESAUE CECILIA,BESAUE CECILIA
per_a071cc907a49b3328eb9,per_0f4f28ab478d39a81b95,100,ALEXIS LEONEL GONZALEZ BESAUE CECILIA,BESAUE CECILIA
per_7e2de5fe4893c793b465,per_f44394e6bb8d25234f6b,100,ALFIZ MARTIN,ALFIZ MARTIN
per_f0745d7dc4210ca5ce17,per_da0d3acd8e8f2c88f6b3,100,ALFONSIN JUAN FRANCISCO,ALFONSIN JUAN FRANCISCO
per_88cf317be14b46b14dd6,per_e8ebfb2a759851a358c6,100,ALFREDO CABRAL,ALFREDO CABRAL
per_f068a0cec80e201eecdd,per_b30824eb56ec0a8cc400,100,ALIOTO SANTIAGO,ALIOTO SANTIAGO
per_ec620fc8596ffef5ba7f,per_f96c2ae38321ea546955,100,ALIVERA IGNACIO,ALIVERA IGNACIO
per_ec620fc8596ffef5ba7f,per_3ba3f7ab505ccf926301,100,ALIVERA IGNACIO,IGNACIO
per_f96c2ae38321ea546955,per_3ba3f7ab505ccf926301,100,ALIVERA IGNACIO,IGNACIO
per_f0ea341f54aa3d296d9d,per_859acd26ed728b0ab41a,100,ALIVES BRENDA,ALIVES BRENDA
per_aec7a5fee9311e417c56,per_6c8ffb49e38822f750a6,100,ALLAN JUAN PABLO,ALLAN JUAN PABLO
per_1ad3bc17c4b5f82a291c,per_0e9a7c3318bfc5cf628b,100,ALLARIO PABLO,ALLARIO PABLO
per_020cba482bc0cf057b95,per_610e6da872c16cce2341,100,ALLEGUE MATIAS,ALLEGUE MATIAS MANUEL
per_66c16ba89203ddb59d52,per_761b1f48caa14228ae07,100,ALMADA AUGUSTO,ALMADA AUGUSTO
per_080b853029e84acb6977,per_2b6a49bd6aecaf0d920f,100,ALMADA MONICA,ALMADA RITA MONICA
per_a38b5fab4f62bfa92cb2,per_6af7d7cb3330074adc62,100,ALMADA MONICA RITA,ALMADA MONICA RITA
per_e681fe776cb1ee958e5e,per_c230080cee3d882449d9,100,ALMADA MONICA RITA MURILLO JOSE NICOLAS,MURILLO JOSE NICOLAS
per_c110484b293a1f56dca7,per_3ba3f7ab505ccf926301,100,ALMARA IGNACIO,IGNACIO
per_8938ca9550d1aaa76b5f,per_cc2ea6722e51dd031d08,100,ALMARAZ VICTOR ORLANDO,ALMARAZ VICTOR ORLANDO
per_744975483b96144f2955,per_2b69d475ce902e77c092,100,ALMENA CARLOS ALBERTO,CARLOS ALBERTO
per_d655e5e425a3b4516c9b,per_cab235e8db57df232c88,100,ALMIRON CARLOS,ALMIRON JUAN CARLOS
per_b592e8944ade167acb7a,per_e7b41e51fd9ba0e5e6df,100,ALMIRON CLAUDIO LISANDRO,ALMIRON LISANDRO
per_b592e8944ade167acb7a,per_556cb5a6cd361e1ea5d4,100,ALMIRON CLAUDIO LISANDRO,ALMIRON LISANDRO
per_3ed3675e5037eb7e9b26,per_e7b41e51fd9ba0e5e6df,100,ALMIRON CLAUDIORON LISANDRO,ALMIRON LISANDRO
per_3ed3675e5037eb7e9b26,per_556cb5a6cd361e1ea5d4,100,ALMIRON CLAUDIORON LISANDRO,ALMIRON LISANDRO
per_e7b41e51fd9ba0e5e6df,per_556cb5a6cd361e1ea5d4,100,ALMIRON LISANDRO,ALMIRON LISANDRO
per_af2e919515cc03c504c3,per_5b3ca9badde2d1f43154,100,ALOMA SUSANA,ALOMA SUSANA
per_339fb967a6fe944213bb,per_fe8df24d231bc0966ea9,100,ALONSO CANCINO MIGUEL ANGEL,MIGUEL ANGEL
per_95639e47843f5a504e74,per_ab899cc2053cc06a27a3,100,ALONSO GIMENEZ MARIA JESUS,ALONSO MARIA JESUS
per_26868786519a92d6c186,per_3ba3f7ab505ccf926301,100,ALONSO JUAN IGNACIO,IGNACIO
per_1de73caffe1a83bb0c6f,per_fe8df24d231bc0966ea9,100,ALONSO NEIRA MIGUEL ANGEL,MIGUEL ANGEL
per_3bf40026c501a9758263,per_a7985c2b5b0f61ad8320,100,ALTAMIRA MARIANO,ALTAMIRA MARIANO
per_6ad975f674940fca52f5,per_cab1c4f37983353af230,100,ALTAMIRANO JUAN JOSE,ALTAMIRANO JUAN JOSE
per_554893b0f3807740e3be,per_5d4570de8039aa1574db,100,ALTAMIRANO LUISERNESTO,ALTAMIRANO LUISERNESTO
per_98c5e812aacc52512a77,per_b3816fb00bd12d0a6fc4,100,ALURREL DE MARIANO,ALURREL DE MARIANO
per_d5c67b1ffecb0ed9e495,per_3ba3f7ab505ccf926301,100,ALVARADO IGNACIO,IGNACIO
per_820613abb6847e648326,per_846b77d9a12bfdc839a6,100,ALVAREZ AMESTOY JUAN FACUNDO,ALVAREZ FACUNDO
per_f433f98ab2ce5652e041,per_84e5da75da9ebc97bb8c,100,ALVAREZ CANDELARIA MARIA,ALVAREZ CANDELARIA MARIA
per_84e5da75da9ebc97bb8c,per_6542fb338e6c266c48ea,100,ALVAREZ CANDELARIA MARIA,ALVAREZ MARIA
per_461fab24db6ba1f6b3f6,per_50019fff636ce34e9ae0,100,ALVAREZ CARLOS,ALVAREZ CARLOS
per_b966c9935236fde44abb,per_50019fff636ce34e9ae0,100,ALVAREZ CARLOS,ALVAREZ CARLOS
per_461fab24db6ba1f6b3f6,per_e30cb4e23fb5d1391595,100,ALVAREZ CARLOS,ALVAREZ LEONARDO GABRIEL GUAYMAS CARLOS
per_b966c9935236fde44abb,per_e30cb4e23fb5d1391595,100,ALVAREZ CARLOS,ALVAREZ LEONARDO GABRIEL GUAYMAS CARLOS
per_50019fff636ce34e9ae0,per_e30cb4e23fb5d1391595,100,ALVAREZ CARLOS,ALVAREZ LEONARDO GABRIEL GUAYMAS CARLOS
per_ad025a38ea65df8e1031,per_6542fb338e6c266c48ea,100,ALVAREZ CHARDON MARIA,ALVAREZ MARIA
per_c6919ef8174b947e8f34,per_a427b85be422e162da41,100,ALVAREZ COLANTONIO JUAN MANUEL,ALVAREZ JUAN MANUEL
per_c6919ef8174b947e8f34,per_64382203a75afb1d1203,100,ALVAREZ COLANTONIO JUAN MANUEL,JUAN MANUEL
per_433486ebbf11d0ea12d9,per_9a0466de0dbbabafcbc0,100,ALVAREZ DO CAMPO MARIA VICTORIA,ALVAREZ MARIA VICTORIA
per_33a8b19fe138d71bf15e,per_a427b85be422e162da41,100,ALVAREZ ECHAGUXXE JUAN MANUEL,ALVAREZ JUAN MANUEL
per_33a8b19fe138d71bf15e,per_64382203a75afb1d1203,100,ALVAREZ ECHAGUXXE JUAN MANUEL,JUAN MANUEL
per_9012ec7577fc15ba8d00,per_7554a7592099137006cc,100,ALVAREZ FABIAN GUSTAVO,ALVAREZ GUSTAVO
per_e8a0932bf39b6ce0278c,per_67fc51bd2c0a5d7c1baf,100,ALVAREZ FELIX ROBERTO MARDEGAN NICOLO,MARDEGAN NICOLO
per_d6e2378b0f04c20f214e,per_b62bcd42ff00c0877f59,100,ALVAREZ FELIX ROBERTO QUINTANA FERREIRA HILDA DEL CARMEN DANIELA TUFO,DANIELA TUFO
per_0945fa7ce841244291bc,per_c6d451143c47a2f8ccf1,100,ALVAREZ FLORES LUIS,FLORES LUIS
per_c4b0e1005b7269a03c71,per_5ac50866f231dc4ff87a,100,ALVAREZ GONZALO,ALVAREZ GONZALO
per_5ac50866f231dc4ff87a,per_4af6fc2954350af2a108,100,ALVAREZ GONZALO,ALVAREZ GONZALO
per_a427b85be422e162da41,per_64382203a75afb1d1203,100,ALVAREZ JUAN MANUEL,JUAN MANUEL
per_ac0fc2e412f09f9ae24b,per_6542fb338e6c266c48ea,100,ALVAREZ LAURA MARIA,ALVAREZ MARIA
per_cc3cb0e699a784079159,per_40fee7915625f7e0cb1f,100,ALVAREZ LEONARDO GABRIEL,VAZQUEZ SERGIO TOLABA CLARA VICENTA ALVAREZ LEONARDO GABRIEL
per_99926dd6ca41d408b6b5,per_2c429c3df75ca6977152,100,ALVAREZ LEONARDO GABRIEL GERMAN NICOLAS,GERMAN NICOLAS
per_99926dd6ca41d408b6b5,per_fce84ac41a78f03c6ba1,100,ALVAREZ LEONARDO GABRIEL GERMAN NICOLAS,GERMAN NICOLAS
per_e30cb4e23fb5d1391595,per_55f717b438d576ae816d,100,ALVAREZ LEONARDO GABRIEL GUAYMAS CARLOS,GUAYMAS CARLOS
per_e30cb4e23fb5d1391595,per_e9cd4ac31850008883bf,100,ALVAREZ LEONARDO GABRIEL GUAYMAS CARLOS,GUAYMAS CARLOS
per_8629419a2f52a6d67481,per_e6fb19c08ac2aecc0c61,100,ALVAREZ MARIA LAURA,ALVAREZ MARIA LAURA
per_dd5b3d122eee106a64c3,per_fe8df24d231bc0966ea9,100,ALVAREZ MIGUEL ANGEL,MIGUEL ANGEL
per_b99322e047eff115b5b8,per_826c1a457ffe8f5202f3,100,ALVAREZ NELSON,ALVAREZ NELSON
per_25ff2959bdbee7edb38a,per_6bb10b951e614764454d,100,ALVAREZ PINERO MARIA CANDELARIA,ALVAREZ PINERO MARIA CANDELARIA
per_b477f4396bcf56a20a6d,per_e39942fb3b092e2b5031,100,ALVAREZ RIVERO CARMEN,ALVAREZ RIVERO CARMEN
per_b477f4396bcf56a20a6d,per_464b36b99c903d23a96f,100,ALVAREZ RIVERO CARMEN,ALVAREZ RIVERO CARMEN
per_1104721692aa92cc53c1,per_5bdd8ce73729a6e717e4,100,ALVARO LUIS,CLARO D ALVARO LUIS
per_6512fe08c536eaf57b01,per_5b2394134f3f6833c367,100,ALVEZ JULIAN,ALVEZ JULIAN
per_4f64a83fdae7a1316870,per_b1fdcf5324ccf31e7d22,100,AM NURIA YASMINE,AM NURIA YASMINE
per_4057f8e54b19ea614be4,per_e87a0807688f377615ef,100,AMANDA TOLEDO,AMANDA TOLEDO
per_918f3235696065280d46,per_d174b1ca00423184f049,100,AMARILLA MARTIN FABIAN,AMARILLA MARTIN FABIAN
per_a1d2a2f0ad674402e148,per_b14898e934c956fcc047,100,AMBOS BENICIO,AMBOS BENICIO
per_3a0cbda13fe3ee5d5d62,per_03468703211a131f9740,100,AMBROS LUIS MARIA,AMBROS LUIS MARIA
per_a6128b223a5d4abfa0cc,per_27e0f1b10800aaf8aa65,100,AMENDOLAGGIRE JULIAN,AMENDOLAGGIRE JULIAN
per_5277820c95b0d87e62fe,per_6494d654b70b613a6945,100,AMERIO SEBASTIAN,AMERIO SEBASTIAN
per_5277820c95b0d87e62fe,per_81503f958a918b5e843c,100,AMERIO SEBASTIAN,AMERIO SEBASTIAN
per_5277820c95b0d87e62fe,per_9aa52108ed8b39b439ca,100,AMERIO SEBASTIAN,GURUCIAGA AUGUSTO CARLOS AMERIO SEBASTIAN
per_6494d654b70b613a6945,per_9aa52108ed8b39b439ca,100,AMERIO SEBASTIAN,GURUCIAGA AUGUSTO CARLOS AMERIO SEBASTIAN
per_81503f958a918b5e843c,per_9aa52108ed8b39b439ca,100,AMERIO SEBASTIAN,GURUCIAGA AUGUSTO CARLOS AMERIO SEBASTIAN
per_78befa0c398f76c7452a,per_6cb13f4591827f5a723f,100,AMERIO SEBASTIAN DE APELLANIZ ESTEBAN JOSE,DE APELLANIZ ESTEBAN JOSE
per_78befa0c398f76c7452a,per_7ed99e47978b85aca06f,100,AMERIO SEBASTIAN DE APELLANIZ ESTEBAN JOSE,DE APELLANIZ ESTEBAN JOSE
per_fafacfca4594489bbd8a,per_3fa8532a12691822bef3,100,AN GUANGHUI LUPPO LUCIANA MICAELA,LUPPO LUCIANA MICAELA
per_fafacfca4594489bbd8a,per_30e7051fbdf40cd684c6,100,AN GUANGHUI LUPPO LUCIANA MICAELA,LUPPO LUCIANA MICAELA
per_b929b1dbd075d4db751d,per_a97df062d48e154d8435,100,ANBINDER HERNAN,ANBINDER HERNAN
per_dba1ce4a099b6298eec9,per_3ba3f7ab505ccf926301,100,ANCIL EZCURRA IGNACIO,IGNACIO
per_e9cc7e5712e34f6ae177,per_f8ba6266823812ac7c50,100,ANDERSON GUILLERMO,ANDERSON GUILLERMO
per_c0dfcacc1bba716813fa,per_f8c8cc138f34816599f8,100,ANDERSON LEANDRO,ANDERSON LEANDRO
per_4c526358b93d6ea3fd75,per_cf20dff64e511b5e1d9f,100,ANDINO GUILLERMO,ANDINO GUILLERMO
per_66e013ae8ac107814224,per_1da8cffba0951efe5736,100,ANDRADA GUILLERMO,ANDRADA GUILLERMO
per_c8fa8e117f84d4015b8a,per_b41b9d5b0829cf6aff34,100,ANDRADE NICOLAS,ROBINSON ANDRADE NICOLAS
per_c3a25123e6ec31a8eb86,per_ca5b8caaa910df07768a,100,ANDREA VERONICA STAMATI,ANDREA VERONICA STAMATI
per_f2875c5f831ef406ec76,per_627f982df30f8dfacad6,100,ANDRES MAXIMILIANO,ANDRES MAXIMILIANO
per_6d51ddff2e96ba96b195,per_210a9931517e9f2c1fe5,100,ANDRES RODRIGUEZ,ANDRES RODRIGUEZ
per_d0aacb8048241019c1c3,per_55f717b438d576ae816d,100,ANDREWS KATHERINE GUAYMAS CARLOS,GUAYMAS CARLOS
per_d0aacb8048241019c1c3,per_e9cd4ac31850008883bf,100,ANDREWS KATHERINE GUAYMAS CARLOS,GUAYMAS CARLOS
per_bed5290a202e572bd94b,per_5cfe45a3b2a27d656842,100,ANDRO FELIX PABLO,ANDRO FELIX PABLO
per_45d237eada231dca857f,per_e36213edbedeedf5069d,100,ANGEL ZABALA,ANGEL ZABALA
per_97c2a896480a3463479c,per_cdf465d1903af25031dd,100,ANGELETTI BETTINA,ANGELETTI BETTINA
per_441e3cf6ad7294ed0d1f,per_33c98913edd3ae90f286,100,ANNE LAURE POUCHARD SERRA,ANNE LAURE POUCHARD SERRA
per_d48c57acd10487a26d3e,per_432420a860b2f66e17f0,100,ANSALONI PABLO,ANSALONI PABLO
per_fb0f65be33a27df246d1,per_3ba3f7ab505ccf926301,100,ANTELO IGNACIO,IGNACIO
per_c522243c857bc84a2204,per_9d7591d1d28d8dcf76e7,100,ANTELO JORGE,ANTELO JORGE
per_28f41cc85701eef915ef,per_d07a56e3a278b967359d,100,ANTEROS SERGIO,ANTEROS SERGIO
per_fc9fcad7fc02ca3c5862,per_974fbcf44d6bdfdd15c6,100,ANTONIN DIEGO,ANTONIN DIEGO
per_cdf32ffad81822f73fa4,per_46523f3f1564aebfd7f7,100,ANTUNEZ FERNANDO,ANTUNEZ FERNANDO
per_46523f3f1564aebfd7f7,per_bbbe9052808ce8da1007,100,ANTUNEZ FERNANDO,ANTUNEZ FERNANDO
per_7feb962803cf0f28fba7,per_725793f5afb273b56c0f,100,ANZULOVICH DARINKA,ANZULOVICH DARINKA
per_e241e12405d455943320,per_cc82812d402cdd002d0f,100,APAZA FRANCISCO JERONIMO,APAZA FRANCISCO JERONIMO
per_c8d6b9e0b05fce64ee94,per_3ba3f7ab505ccf926301,100,APELLA IGNACIO,IGNACIO
per_29eb99186e0af074907c,per_d3da9cd92978af0d046c,100,AQUINO BARRIENTOS FEDERICO,AQUINO BARRIENTOS FEDERICO
per_e374d5917444cd4ce0ec,per_35d3afeef5438e8da0f5,100,AQUINO CLAUDIO ALBERTO,AQUINO CLAUDIO ALBERTO
per_52426d4c9b3d02d71d26,per_52daa6301fb39428a802,100,AQUINO MARISA,GERMAN NICOLAS AQUINO MARISA
per_52426d4c9b3d02d71d26,per_961a9205590250d6e3e1,100,AQUINO MARISA,IACOVINO SERGIO AQUINO MARISA
per_2de23126d84f42fb40be,per_fbd7621524f02dce47d9,100,AQUINO MARISA CATALAN LISANDRO,CATALAN LISANDRO
per_2de23126d84f42fb40be,per_abcd2effc98cb785e849,100,AQUINO MARISA CATALAN LISANDRO,CATALAN LISANDRO
per_c58bc71685e159ee6950,per_9811ee40337d4156f9be,100,ARABIA DAMIAN,ARABIA DAMIAN
per_77b9c6e6ee7423b295b1,per_029b72c22e51f7934932,100,ARAGON DIEGO ALEJANDRO,DIEGO ALEJANDRO
per_9354dfe2c5de9c2072d8,per_f8bbc108ad64dec9cc4e,100,ARAMAYO NANCY,ARAMAYO NANCY
per_ee2966ce7a52b385376d,per_83c00bdc1af797d99582,100,ARAMBURO CLAUDIA NOEMI,ARAMBURO CLAUDIA NOEMI
per_411c9103b41231f9a2e8,per_c034eeca91cc7a0f011d,100,ARAN RICARDO,ARAN RICARDO
per_c01b995bca000630da92,per_436b5337c07af3da8b04,100,ARANCIBIA LUIS ALBERTO SICILIA FEDERICO,SICILIA FEDERICO
per_865f1d01e86359121dab,per_7da15e53edc6567d8e88,100,ARANDA AXEL EZEQUIEL,ARANDA EZEQUIEL
per_92437ac0362b426f67b8,per_c3e9747bcb6abfd847d5,100,ARANDA CARLOS,ARANDA CARLOS
per_b10042ca2157cf8b324e,per_b3a3ee7801c452f49125,100,ARANDA EDUARDO NICOLAS,ARANDA EDUARDO NICOLAS
per_b3a3ee7801c452f49125,per_eaaf1f32f09183119368,100,ARANDA EDUARDO NICOLAS,ARANDA NICOLAS
per_a8715007aa693fbb0e52,per_64382203a75afb1d1203,100,ARANDA JUAN MANUEL,JUAN MANUEL
per_a2acc256d6774ca077d8,per_9ddc0c93abd3c38e9bae,100,ARATA MIGUEL ANGEL,LAURIA FEDERICO ARATA MIGUEL ANGEL
per_a2acc256d6774ca077d8,per_fe8df24d231bc0966ea9,100,ARATA MIGUEL ANGEL,MIGUEL ANGEL
per_915e6b6beb7f49c814ed,per_48b1d5ec4b8f22f21df6,100,ARAUJO FEDERICO,ARAUJO FEDERICO
per_3baaa6ed3ba773560116,per_1349dc1fba70e5d73e58,100,ARAUJO JOSE,ARAUJO MARIA JOSE
per_bbcb5f4584a626c0a26b,per_a557630fd96e474f6d9d,100,ARAUJO MARIA FERNANDA,ARAUJO MARIA FERNANDA
per_76d85e1abd537b1a1cb1,per_8f6f881375a5a2904a6f,100,ARAUJO NELSON OMAR,ARAUJO OMAR
per_76d85e1abd537b1a1cb1,per_1047846b6a851d1d7ef0,100,ARAUJO NELSON OMAR,ARAUJO OMAR
per_8f6f881375a5a2904a6f,per_1047846b6a851d1d7ef0,100,ARAUJO OMAR,ARAUJO OMAR
per_a32a846b94374af285c4,per_b590907f2b53403d9f6a,100,ARAYA LERDO DE TEJADA CAROLINA CECILIA,ARAYA LERDO DE TEJADA CAROLINA CECILIA
per_761ad94c33352c23db54,per_68c42622f6be0ef4acf1,100,ARBELECHE SERGIO,MORENO ARBELECHE SERGIO
per_06c08b40259b7cd033d0,per_3c5b9dd2dd7471d1d1ab,100,ARBELECHE SERGIO DIOGENES,ARBELECHE SERGIO DIOGENES
per_06c08b40259b7cd033d0,per_7841a4c8f7c39ba113a4,100,ARBELECHE SERGIO DIOGENES,COCERES JUAN ALBERTO ARBELECHE SERGIO DIOGENES
per_3c5b9dd2dd7471d1d1ab,per_7841a4c8f7c39ba113a4,100,ARBELECHE SERGIO DIOGENES,COCERES JUAN ALBERTO ARBELECHE SERGIO DIOGENES
per_66e4c262a072e6318cef,per_fe80677272de5f1500f3,100,ARBIA CARLOS,ARBIA CARLOS
per_5330baed8afe39716b87,per_fe8df24d231bc0966ea9,100,ARCE MIGUEL ANGEL,MIGUEL ANGEL
per_fce77cbc5945612e897a,per_550cb57e715109af8c9d,100,ARCE RAUL ARIEL,MARIA ELENA MAZZANTINI ARCE RAUL ARIEL
per_81ad6cfa83b3265a87a4,per_5fd757ecd7c0da29a7cf,100,ARDOHAIN MARTIN,ARDOHAIN MARTIN
per_35f15ed22b636a7ba1fd,per_1b684f590b0f54266f5b,100,ARECCO CARLOS,ARECCO CARLOS
per_c98832795953af368ed6,per_01254d9e03a6583e6610,100,ARECCO CAROLINA,ARECCO CAROLINA
per_32797e00252e7f543bbb,per_65ae75e84928742fbca4,100,ARECO GUSTAVO,ARECO GUSTAVO
per_a1fd2e04a3e83eb76fce,per_5cab567f138179ec163f,100,ARENA JOSE ALBERTO,ARENA JOSE ALBERTO
per_a1bc15d1771fe6e84863,per_eb9f8c86acc39ce59746,100,ARENALES ANDREA,ARENALES ANDREA
per_59a9fc88e89b53633b54,per_9a910f81f9ae074f3fb8,100,ARENALES FLAVIO MARTIN,ARENALES FLAVIO MARTIN
per_7f6157b4ee18a2d43d8f,per_a789cb2f03cab5d0a002,100,ARENALES SOLIS HECTOR OJEDA CARLOS,OJEDA CARLOS
per_7f6157b4ee18a2d43d8f,per_7d64ffffc65d844e6d33,100,ARENALES SOLIS HECTOR OJEDA CARLOS,OJEDA CARLOS
per_eb922164c24a392cca72,per_4f3ad1bd1b72bbbaeb7b,100,ARENASZA JUAN PABLO,ARENASZA JUAN PABLO
per_2d9e18c723f9c0816c3d,per_901a5152af83329d257e,100,ARGENTO ANALIA,ARGENTO ANALIA
per_38d4128a87b79f2b6864,per_c279f1a3a2e3df7508f4,100,ARGUELLO RUBEN,ARGUELLO RUBEN
per_17d578c077e55be4c9b4,per_f80d6774724162ee0310,100,ARGUELLO VALENTI GUIDO,ARGUELLO VALENTI GUIDO
per_fe4cc1a4f19646f9b352,per_7eef37e653d2e289e549,100,ARGUETA MARISOL,ARGUETA MARISOL
per_91d3e560e5fec6f820dd,per_980081c00d8e02df9237,100,ARIAS CANDELA,ARIAS CANDELA
per_b0bbc7b97ef6270f1fad,per_89afbaadc6d82154056a,100,ARIAS DUVAL SEBASTIAN,ARIAS DUVAL SEBASTIAN
per_689fe84573837c12b839,per_a37cf2f4408579f41ac5,100,ARIAS IGNACIO VALENTIN,ARIAS VALENTIN
per_1a1b9e9fc961abe12b0b,per_fbb79d6b53a1a6222b07,100,ARIAS LILIANA,CARRERAS SILVINA MARCELA COTO AGUSTIN PEDRO ARIAS LILIANA
per_5ad970331b02ece42528,per_934bfafab68df925be63,100,ARIAS LILIANA GLADYS,ARIAS LILIANA GLADYS
per_39f761dbd93006b5cdac,per_3ba3f7ab505ccf926301,100,ARIAS MARTIN IGNACIO,IGNACIO
per_03ab3dccd6e2633f238e,per_f19c168ba1c161b98d89,100,ARIEL ALBERTO REPETTI,ARIEL ALBERTO REPETTI
per_ff782f5a54103835f032,per_c5b76cf72647e51f456f,100,ARIEL TOLABA,ARIEL TOLABA
per_68e03f78ac42b38058aa,per_d30e4c3e84a75b7ea090,100,ARIETTO MARIA FLORENCIA,ARIETTO MARIA FLORENCIA
per_90d7a6e8dcd61ab5a83a,per_46e1a4e74a65e82e0946,100,ARIOLI JONATAN,ARIOLI JONATAN
per_37101e3ff3e27061ccca,per_5bde8f087cdef67c24e5,100,ARISTIZABAL JIMENA,ARISTIZABAL JIMENA
per_14d112ae9d58452e432a,per_bcffa12b58a93d0e83db,100,ARIZU IGNACIO,ARIZU IGNACIO
per_14d112ae9d58452e432a,per_3ba3f7ab505ccf926301,100,ARIZU IGNACIO,IGNACIO
per_bcffa12b58a93d0e83db,per_3ba3f7ab505ccf926301,100,ARIZU IGNACIO,IGNACIO
per_0360bc58a519207d105e,per_e803b061c9cf3dc601b4,100,ARMELLINO HUGO,ARMELLINO VICTOR HUGO
per_0360bc58a519207d105e,per_d57443635d5d04d2ca13,100,ARMELLINO HUGO,NOVICK NICOLAS ARMELLINO HUGO
per_66c50461285df186c269,per_cd38674ed9bdb7269555,100,ARMELLINO HUGO CHASARRETA PAULA,CHASARRETA PAULA
per_66c50461285df186c269,per_dd8118ec26246d71f951,100,ARMELLINO HUGO CHASARRETA PAULA,CHASARRETA PAULA
per_5c0e741789a97aea288c,per_5b7eb0cb2495e6ff0edc,100,ARMELLINO HUGO MATIAS VIRGINIA,MATIAS VIRGINIA
per_5c0e741789a97aea288c,per_d6fb31209dd4e0d56a2f,100,ARMELLINO HUGO MATIAS VIRGINIA,MATIAS VIRGINIA
per_ed65b01e250ea601768d,per_5c9f288e57f513d9008f,100,ARMELLINO HUGO OMINETTI JORGELINA,OMINETTI JORGELINA
per_ed65b01e250ea601768d,per_82d788a5157fe81fd6a0,100,ARMELLINO HUGO OMINETTI JORGELINA,OMINETTI JORGELINA
per_1a2b2954882c5dd27e97,per_4bf9da6012fcfaf230f5,100,ARMELLINO HUGO PORDELANE SANTIAGO,PORDELANE SANTIAGO
per_1a2b2954882c5dd27e97,per_1df8c772905233f06f65,100,ARMELLINO HUGO PORDELANE SANTIAGO,PORDELANE SANTIAGO
per_46349dc277b3dfd5e0d9,per_9069ce310ff3e5070167,100,ARMENTA ARMANDO,ARMENTA ARMANDO
per_2159c3d1fa94328e96a5,per_7f96ea3d510210bbc1dc,100,ARMERDING GISELA,ARMERDING GISELA
per_475a8175ebdaf3abf3c5,per_9d51ec3861cf99b3d1e4,100,ARMESTO DIEGO,ARMESTO DIEGO
per_df79924f71fac5ff8e41,per_b472ba97b0378892d344,100,ARMOA BENIGNO BONELI RODOLFO,BONELI RODOLFO
per_eac4dffdd8eb544d0875,per_5ee832a9ef569e909c50,100,ARMOA BENIGNO RICARDO,ARMOA BENIGNO RICARDO
per_eac4dffdd8eb544d0875,per_d42604283b351c6e2647,100,ARMOA BENIGNO RICARDO,ARMOA RICARDO
per_5ee832a9ef569e909c50,per_d42604283b351c6e2647,100,ARMOA BENIGNO RICARDO,ARMOA RICARDO
per_e048b2c778608bd6b23c,per_8491ffe3594c94185109,100,ARNEJO MARIA LAURA,ARNEJO MARIA LAURA
per_af908b2ad0befc2bc2ba,per_d37b4a5a90969a1b545b,100,ARNING ADELA,ARNING ADELA
per_a0b1d9815df48789dd3d,per_5c6035dea18b12abc823,100,ARRACIBIA RODRIGUEZ ALBERTO,ARRACIBIA RODRIGUEZ ALBERTO
per_11b8ad017eeaa35adc05,per_4fa7f1cc9e3a1c6a209c,100,ARRASCAETA IVANA,ARRASCAETA IVANA
per_8b2586002481e7d1375e,per_fe8df24d231bc0966ea9,100,ARREDONDO MIGUEL ANGEL,MIGUEL ANGEL
per_415255852f0d429b608e,per_5a7ec1dce9124817a1cf,100,ARRESEYGOR INAKI MIGUEL,ARRESEYGOR INAKI MIGUEL
per_3292e6acd6990eeffc46,per_5584002ace17d4bc5742,100,ARRIBERE RICARDO,ARRIBERE RICARDO
per_ff068b86d96c5ffeb930,per_9e45c074633ba80864d1,100,ARRIETA LOURDES,ARRIETA LOURDES
per_1204346c1d636bbf9a01,per_bca0872b83f54f326398,100,ARRIETA MARTIN,ARRIETA MARTIN
per_24491463c3a0add061d3,per_6f2c5712f0232b70a518,100,ARTUNDUAGA GONZALEZ CARLA DEL VALLE,ARTUNDUAGA GONZALEZ CARLA DEL VALLE
per_40e2360b615a48f9e633,per_4be14b9e702c38e6c45d,100,ARTUNDUAGA GONZALEZ CARLA DEL VALLE MELELLA GUSTAVO FERRANDO ANDREA,FERRANDO ANDREA
per_40e2360b615a48f9e633,per_9bd49b4bb9ee88f0681e,100,ARTUNDUAGA GONZALEZ CARLA DEL VALLE MELELLA GUSTAVO FERRANDO ANDREA,FERRANDO ANDREA
per_40e2360b615a48f9e633,per_43a812879061c63c332b,100,ARTUNDUAGA GONZALEZ CARLA DEL VALLE MELELLA GUSTAVO FERRANDO ANDREA,GONZALEZ ANDREA
per_ffda874d9e7ec2df302c,per_f07cb9a234ae9b34e666,100,ARTURO VILLALVA,ARTURO VILLALVA
per_fe701733e353f69c1789,per_5578f964a6e9cae445b9,100,ASERENY IAN PABLO,ASERENY IAN PABLO
per_cb49f70c2cdabdd13e46,per_00f339a66fda797ac26c,100,ASHVIN AHUJA,ASHVIN AHUJA
per_7adf32053df6d1df803a,per_5f502d6dc1fb0034a72e,100,ASIS JOSE FABIAN,ASIS JOSE FABIAN
per_f0b64c651908544d750b,per_cc2d6980600e62540146,100,ASSEFF ANIBAL JULIO,ASSEFF ANIBAL JULIO
per_ebba2a466a6a475a03c4,per_58b38185ef991d1c83d8,100,ASTOBIZA DAIANA,ASTOBIZA DAIANA
per_ebba2a466a6a475a03c4,per_cd4e1ee68a78d7783beb,100,ASTOBIZA DAIANA,SANFILIPPO DAMIAN ASTOBIZA DAIANA
per_58b38185ef991d1c83d8,per_cd4e1ee68a78d7783beb,100,ASTOBIZA DAIANA,SANFILIPPO DAMIAN ASTOBIZA DAIANA
per_c37e88432b02b14e2b82,per_f4797784aaa38edc3ea6,100,ASTORGA LIENDRO MIGUEL PAZ CARLOS,PAZ CARLOS
per_c37e88432b02b14e2b82,per_aaa53b6b7a1913fb0888,100,ASTORGA LIENDRO MIGUEL PAZ CARLOS,PAZ CARLOS
per_85f1d727f69a54a9fef1,per_3e84de8f562ff5551b76,100,ASTORGA QUINTANA MATIAS,ASTORGA QUINTANA MATIAS
per_080072ab2f7c9104ee74,per_d6acf340f8fbd4219534,100,ATALA MARIA,ATALA MARIA
per_e4b1f79de6245f579937,per_d7a33d7d1dfe08e13372,100,ATAUCHE EZEQUIEL,ATAUCHE EZEQUIEL
per_0c581fe689ec991e4edb,per_b3b50d0b2561a67b6986,100,ATAUCHE PEDRO,ATAUCHE PEDRO
per_cdd26b4a7c284c072a47,per_311c86ddfe39fe7cb35e,100,AURELIO FEDERICO,AURELIO FEDERICO
per_cdd26b4a7c284c072a47,per_87ef23eb7e0f404dee2e,100,AURELIO FEDERICO,AURELIO JULIO FEDERICO
per_311c86ddfe39fe7cb35e,per_87ef23eb7e0f404dee2e,100,AURELIO FEDERICO,AURELIO JULIO FEDERICO
per_e494837c24e09b7a41d0,per_0cad0b3fa495e2738ff8,100,AURELIO FEDERICO SOLARI MARIA CONSTANZA,SOLARI MARIA CONSTANZA
per_72f7ff6b43604b8e9dea,per_23ab898d5e3172fdf83e,100,AUTIERO VICENTE,AUTIERO VICENTE
per_667654bf8dea2d3072ac,per_c25e84f2f17f8e938a05,100,AVALOS JUAN MANUEL,AVALOS JUAN MANUEL
per_667654bf8dea2d3072ac,per_64382203a75afb1d1203,100,AVALOS JUAN MANUEL,JUAN MANUEL
per_c25e84f2f17f8e938a05,per_64382203a75afb1d1203,100,AVALOS JUAN MANUEL,JUAN MANUEL
per_f85bde006aee8f5bc9e3,per_ea932e1b76789dd8d11f,100,AVELLANEDA RICARDO,VIRAMONTE OLMOS EMILIO JOSE AVELLANEDA RICARDO
per_4a2051ce4a3bb44927c5,per_ecf57d0a1498efbbdb18,100,AVENDANO NATALIA IRENE,AVENDANO NATALIA IRENE
per_ea299cb7ef89c305460f,per_a916fdf8b33b09d72b5d,100,AVERSA SANTIAGO LUIS,AVERSA SANTIAGO LUIS
per_267bda585d3db5a0637c,per_f4f98b1c09c830f0dc2b,100,AVILA FERNANDA,AVILA FERNANDA
per_e5589218f026a808bab6,per_19a47579e8eb0caec2b2,100,AVILA GONZALEZ JOSE MARIA,AVILA JOSE MARIA
per_e5589218f026a808bab6,per_23f512d22cc886b2e899,100,AVILA GONZALEZ JOSE MARIA,GONZALEZ AVILA JOSE MARIA
per_e5589218f026a808bab6,per_90616dac34369bb8f156,100,AVILA GONZALEZ JOSE MARIA,GONZALEZ MARIA
per_e5589218f026a808bab6,per_b341876c164d0bbe8ba4,100,AVILA GONZALEZ JOSE MARIA,GONZALEZ MARIA
per_19a47579e8eb0caec2b2,per_23f512d22cc886b2e899,100,AVILA JOSE MARIA,GONZALEZ AVILA JOSE MARIA
per_4e31ff78d408d86803ad,per_4a8c409e2998aae600f0,100,AVILA JUAN CRUZ,AVILA JUAN CRUZ
per_66735f7f32966d4157d2,per_7ec260411bc2600f2ea7,100,AVILA JUAN CRUZ SOLA GASTON,SOLA GASTON
per_66735f7f32966d4157d2,per_ffed6d089e4267974e27,100,AVILA JUAN CRUZ SOLA GASTON,SOLA GASTON
per_ff7a15a72042b206479a,per_c8ad3ce24864a66aeb69,100,AVRUJ CLAUDIO BERNARDO,AVRUJ CLAUDIO BERNARDO
per_68de78d24b2bff1c1a57,per_d38dcd804c0a8d3c0593,100,AYALA ASASI GONZALO,AYALA ASASI GONZALO
per_9ccfb16b0ddfa08bb608,per_72a92fe341b191379eb6,100,AYALA DAVID,BUONO JAVIER ALEJANDRO AYALA DAVID
per_69957832149e2deea816,per_56b32c691ce8414d4aa8,100,AYALA ENRIQUE,AYALA GONZALEZ LUIS ENRIQUE
per_f5780ef92aae46bc6cf7,per_ab4fc66c4276c59aacf4,100,AYALA FLORENCIA,AYALA MARIA FLORENCIA
per_dea232cf3b62eb29e7c1,per_a858a9ad72441e771735,100,AYBAR PERLENDER RODRIGO,AYBAR PERLENDER RODRIGO
per_dea232cf3b62eb29e7c1,per_5ae6b7f865a42d0302ce,100,AYBAR PERLENDER RODRIGO,AYBAR RODRIGO
per_a858a9ad72441e771735,per_5ae6b7f865a42d0302ce,100,AYBAR PERLENDER RODRIGO,AYBAR RODRIGO
per_f591820bdbe8277cb8d6,per_147d5830feaf745618bf,100,AYERRA MARCOS,AYERRA MARCOS
per_3d4f81bdf6b848c9bfeb,per_0cccbf3b31fe5535f4e6,100,AYUNTA ANDREA ALEJANDRA,AYUNTA ANDREA ALEJANDRA
per_2f7dc4fb15f23e320228,per_3b7e3c37454748db33c3,100,AZCONA GASTON DEL PINO WALTER GALVES SANCHEZ SIBILA,GALVES SANCHEZ SIBILA
per_61023ba3006be575abb0,per_9956e105a8351cd7d4a6,100,AZIZ GONZALO,AZIZ GONZALO
per_cd97dc7bd2a601cb2b22,per_364b6f0a2a83efc20c27,100,AZOR FEDERICO,AZOR FEDERICO
per_78e4ca941e7bc1d5b09b,per_9aa962f3253ad82f4411,100,BADALONI DIEGO,BADALONI DIEGO
per_7d16a8e8ae86a7ce11f8,per_3a2d5a76cc907faea863,100,BADUAN ALBERTO RAUL,BADUAN ALBERTO RAUL
per_7d27a922497f009b5c74,per_b1f32d869f1b78cd6c01,100,BAEZ JIMENA ANAHI,BAEZ JIMENA ANAHI
per_51eb15a857718cbc88a8,per_3ba3f7ab505ccf926301,100,BAGATINY IGNACIO,IGNACIO
per_16d5567e02cfe627bdce,per_58d32086b41bd22b0e38,100,BAGLIETTO MATIAS,BAGLIETTO SACKMANN MATIAS
per_83e4df9f7d66e329c111,per_d77a4836fd8b16b8c5a7,100,BAILO MARCELO,BAILO MARCELO
per_3d6a2d411886eea5f891,per_fa23f1e14ae80990d44a,100,BAISTROCCHI GUIDO,BAISTROCCHI GUIDO
per_13374a72419bf37151fb,per_7a5db2b929db8e614338,100,BAKARCIC BOZIDAR,BAKARCIC BOZIDAR
per_9ca322bd8d9280c0f463,per_e94fd9403f3b85f5b959,100,BALAZINSKI NUNEZ BRISA YANINA,NUNEZ YANINA
per_aded8601813c645ea352,per_990fe1a7f0b226264e92,100,BALBI GLENDA MOLINUEVO ALEJANDRO,MOLINUEVO ALEJANDRO
per_aded8601813c645ea352,per_91ed25a1104e6cd1a768,100,BALBI GLENDA MOLINUEVO ALEJANDRO,MOLINUEVO ALEJANDRO
per_9237294b00f11a20256b,per_55569af4de0aa48cc27e,100,BALBOA ALBERTO,BALBOA MENENDEZ ALBERTO
per_fc76b796f139fc1778c5,per_3d1ec6c97bcbc76cec30,100,BALCAZA BRUNO,BALCAZA BRUNO
per_ec1ef89d0ff641126078,per_56ed042e72bf15590c86,100,BALCAZAR FELIPE FABIAN,BALCAZAR FELIPE FABIAN
per_de11a5dcc954dcbd029a,per_d8720c709855bd4bf581,100,BALDI LUCILA,BALDI LUCILA
per_e3a1ea957a845713e308,per_8ec5cce3ab0f5efc18b2,100,BALDINI CAMILO,BALDINI CAMILO
per_c3b21004172354177657,per_5a2bffff4a51a1291f19,100,BALDINI CAMILO CATIVA LUCIANO SEBASTIAN,CATIVA LUCIANO SEBASTIAN
per_02eb49a6edf3c60cf7cb,per_0a311fde57b82acf275d,100,BALDINI CAMILO MAXIT ALEJO,MAXIT ALEJO
per_02eb49a6edf3c60cf7cb,per_7d04f422a62214088f41,100,BALDINI CAMILO MAXIT ALEJO,MAXIT ALEJO
per_0196b798d76eb5cda7ea,per_f6eda9f64395d8b522e7,100,BALDINI MARIA LAURA,BALDINI MARIA LAURA
per_065c660135d91f10b4d1,per_f7298eef90dff3efc622,100,BALDUZZI MAURO DANIEL,BALDUZZI MAURO DANIEL
per_139625f425e937ee7368,per_2874e319cd8e71ad580b,100,BALDUZZI MAURO DANIEL COVELO PAULA,COVELO PAULA
per_0b3d0da9397440048826,per_2198dc6e1ef81b91d286,100,BALDUZZI MAURO DANIEL SISER PATRICIA,SISER PATRICIA
per_0b3d0da9397440048826,per_5427853b4f85e997ca93,100,BALDUZZI MAURO DANIEL SISER PATRICIA,SISER PATRICIA
per_0b3d0da9397440048826,per_4cacca80106092f52b1f,100,BALDUZZI MAURO DANIEL SISER PATRICIA,SISER PATRICIA
per_c3affdcd84b51afafa2d,per_ad83fb0aa8aa36cae7ae,100,BALESTRINI CLAUDIA,BALESTRINI CLAUDIA
per_0bcdf0f8a05fdaa26f51,per_2b69d475ce902e77c092,100,BALINA CARLOS ALBERTO,CARLOS ALBERTO
per_1452602a22377107c195,per_71f3e52eba969a561f88,100,BALLESTER NICOLAS,BALLESTER NICOLAS
per_a72f3f5534590ad83ec7,per_69bbc4da61153094d4f7,100,BALLESTEROS GUILLERMO RIZZUTO SEBASTIAN EMILIO,RIZZUTO SEBASTIAN EMILIO
per_a72f3f5534590ad83ec7,per_bf43d6ce0e21a5415e8d,100,BALLESTEROS GUILLERMO RIZZUTO SEBASTIAN EMILIO,RIZZUTO SEBASTIAN EMILIO
per_299b03fea25afeeedcec,per_0e1ccb7ea05ea52763f1,100,BALLESTEROS HORACIO AGUSTIN,BALLESTEROS HORACIO AGUSTIN
per_3b9d08fdb69c9ffeed00,per_eb610c4ac8bd58ee7031,100,BALSERA ALFREDO,BALSERA JULIO ALFREDO
per_a3a6f925bbc214a3446c,per_419eea70f22f155c5304,100,BALTER CARLOS MARIO,BALTER CARLOS MARIO
per_570c3a74499996d3e0a7,per_82a2ec9f4e04e07cf5a7,100,BALZOLA CARLOS AGUSTIN,BALZOLA CARLOS AGUSTIN
per_bac1c9502c2f738d097f,per_35cac94cb4ba199f5d0f,100,BANDITO GISELA,BANDITO GISELA
per_c0524263533faf71739a,per_eced758dd73fc4e5c331,100,BANFI KARINA,BANFI KARINA
per_25b80793fd3dff1ce715,per_b42e7fe3445514979b1e,100,BANOS ALBERTO,BANOS ALBERTO
per_1424bffefbf9d3215fa9,per_b42e7fe3445514979b1e,100,BANOS ALBERTO,BANOS ALBERTO
per_490a27f44e10ff027a77,per_64382203a75afb1d1203,100,BANOS JUAN MANUEL,JUAN MANUEL
per_495d46600617b91345a9,per_2816f0f8ab2da575f3fb,100,BARACAT MARTIN,BARACAT MARTIN
per_f82887571b8f68f5b340,per_947cc58a7ade01a5c998,100,BARANDA RUALES MATIAS,BARANDA RUALES MATIAS
per_7ea59797c116dfb93cd4,per_bdd5e17777b0fe84636f,100,BARBA GUSTAVO,BARBA GUSTAVO
per_eb6fa385bf6e6c2602d6,per_ee9c32b07a73079568c6,100,BARBARA QUINTELO,BARBARA QUINTELO
per_eb6fa385bf6e6c2602d6,per_618591632f0961d7fa07,100,BARBARA QUINTELO,CAPUTO SANTIAGO BARBARA QUINTELO
per_ee9c32b07a73079568c6,per_618591632f0961d7fa07,100,BARBARA QUINTELO,CAPUTO SANTIAGO BARBARA QUINTELO
per_c5328d599e2186ab3d80,per_2ee66920ffb78346fb43,100,BARBEITO LUCILA,BARBEITO LUCILA
per_638d46646f674b29eae9,per_f51a2dc040688a6ebf71,100,BARBEITO MARINA,BARBEITO MARINA
per_638d46646f674b29eae9,per_baeb67999f1baed2d523,100,BARBEITO MARINA,ZAPATA FANNY BARBEITO MARINA
per_f51a2dc040688a6ebf71,per_baeb67999f1baed2d523,100,BARBEITO MARINA,ZAPATA FANNY BARBEITO MARINA
per_00032591c78a2dbffd9b,per_547024be238b30379a18,100,BARBERIA TOMAS,BARBERIA TOMAS
per_d97bd99d04fb88982bfe,per_a6ecf050b23ab1832c5e,100,BARBIERI EUGENIA,BARBIERI MARIA EUGENIA
per_9df67785080b5b6f11a2,per_efd384d2062065759961,100,BARBONA ROBERTO,BARBONA ROBERTO
per_a36c594d059fa9943a8e,per_bc4934aaa91b478c9306,100,BARBOZA CESAR JESUS,BARBOZA CESAR JESUS
per_797cbdd42b9b9a82cd33,per_fa6bf0e2f05218eca159,100,BARCA JUAN MANUEL,BARCA JUAN MANUEL
per_797cbdd42b9b9a82cd33,per_64382203a75afb1d1203,100,BARCA JUAN MANUEL,JUAN MANUEL
per_fa6bf0e2f05218eca159,per_64382203a75afb1d1203,100,BARCA JUAN MANUEL,JUAN MANUEL
per_8392b48c2908ee44cad9,per_3ba3f7ab505ccf926301,100,BARCCACIA JUAN IGNACIO,IGNACIO
per_de0887d429d1ec909364,per_4ad441d3abf71adb83ab,100,BARCO MAURO DAMIAN,BARCO MAURO DAMIAN
per_57429d4c0b4a1ec4afa0,per_af9243e6c5f35901dc7a,100,BAREIRO TERESA,BAREIRO TERESA
per_57429d4c0b4a1ec4afa0,per_8551b31aa6dcb51caf56,100,BAREIRO TERESA,HERNRIQUES DE BARROS GERMAN MERCADO JULIO BAREIRO TERESA
per_af9243e6c5f35901dc7a,per_8551b31aa6dcb51caf56,100,BAREIRO TERESA,HERNRIQUES DE BARROS GERMAN MERCADO JULIO BAREIRO TERESA
per_9a386fb0f26d9f5dd4ea,per_d549a0f974f1a848b1fb,100,BARELA LILIANA,BARELA LILIANA
per_585426d3fc5714fcd792,per_4d40179e694e20d4ae2b,100,BARGAS MODERNELL CLAUDIO,REINOSO RICARDO RUBEN BARGAS MODERNELL CLAUDIO
per_86a591fd5bd611046c6e,per_2b69d475ce902e77c092,100,BARILA CARLOS ALBERTO,CARLOS ALBERTO
per_3496629b06358b5d29db,per_71ff50507415bba211b4,100,BARONI DANILO,BARONI DANILO
per_f7e812e1095d8279d127,per_d422789f46a84e00d8e7,100,BARRA RODOLFO,BARRA RODOLFO
per_a4551dc73923a5e13d7d,per_db4185b1dbb2f7486374,100,BARRAL GRIGERA NOELIA JIMENA,BARRAL GRIGERA NOELIA JIMENA
per_3e438b97941565fbdde7,per_1ec72c97dce9c8a11521,100,BARRAL GRIGERA NOELIA JIMENA GESSAGHI PATRICIO,GESSAGHI PATRICIO
per_3e438b97941565fbdde7,per_09d287f333a4cf752a33,100,BARRAL GRIGERA NOELIA JIMENA GESSAGHI PATRICIO,GESSAGHI PATRICIO
per_89218527d25c9e6b7904,per_3ba3f7ab505ccf926301,100,BARRANCO STOCCO BRUNO IGNACIO,IGNACIO
per_e5d19194dca9cb71624f,per_86dc2e8845e85ddc7de9,100,BARRENADA OSVALDO,BARRENADA OSVALDO
per_90f90e73d470f8bfa69d,per_d15719c5c678676e1e08,100,BARRETO MARIA BELEN,BARRETO MARIA BELEN
per_7d8074c7e30564fde18c,per_98ca2f7e34ce65ebcd9f,100,BARREYRO FERNANDO DIEGO,BARREYRO FERNANDO DIEGO
per_5643267a246ef25ca48d,per_ecbbcdf762f4172b3654,100,BARRIENTOS LILIANA MARLENE,BARRIENTOS LILIANA MARLENE
per_616a7b4114f4754f9130,per_d82708d472c5c2396217,100,BARRIGA BLANCO LUCAS,BARRIGA BLANCO LUCAS
per_2db523a155340a8490bb,per_b03c652106780aee72c2,100,BARRIO MARIA FERNANDA,BARRIO MARIA FERNANDA
per_2db523a155340a8490bb,per_27bef53dbe9830943af6,100,BARRIO MARIA FERNANDA,PEREYRA CASADO MICHELLE BARRIO MARIA FERNANDA
per_b03c652106780aee72c2,per_27bef53dbe9830943af6,100,BARRIO MARIA FERNANDA,PEREYRA CASADO MICHELLE BARRIO MARIA FERNANDA
per_300eee14245f7e805ef1,per_3ba3f7ab505ccf926301,100,BARRIONUEVO IGNACIO,IGNACIO
per_23ceaa22994df1068b46,per_f2401db22afa3803dc5d,100,BARROZA HERNAN,BARROZA HERNAN
per_4f53e536541a909692b2,per_42dac69f34286186d629,100,BARTTFELD FEDERICO,BARTTFELD FEDERICO
per_86cd64c16e81469f60e2,per_3fbd88d8befc9ccbb4e8,100,BARZOLA MAURO,BARZOLA MAURO
per_cef8406f9c403ba3d7bd,per_7da185a24dfa0e2bfada,100,BASABE JUAN IGNACIO,BASABE JUAN IGNACIO
per_cef8406f9c403ba3d7bd,per_3ba3f7ab505ccf926301,100,BASABE JUAN IGNACIO,IGNACIO
per_7da185a24dfa0e2bfada,per_3ba3f7ab505ccf926301,100,BASABE JUAN IGNACIO,IGNACIO
per_29d7b524e50dc98b96bf,per_c79db3b44b4f704051ca,100,BASICH SERGIO GABRIEL,BASICH SERGIO GABRIEL
per_510f23080006eb7bacdc,per_1e36023610e16080a8e1,100,BASIL NATALIA,FERRARA GUSTAVO BASIL NATALIA
per_489424a6dd509d8c9d62,per_893995642d66727f7591,100,BASIL NATALIA BELEN,BASIL NATALIA BELEN
per_38a24481838bd6bc6300,per_085d765d03b2bdd7dcf4,100,BASILE ARIEL,BASILE ARIEL
per_860a76a545b216724146,per_cb0ce8c5df8ea835b72a,100,BASMAJIAN LUZZI CARLOS ANDRES MENEM EDUARDO,MENEM EDUARDO
per_860a76a545b216724146,per_f224e5a001e17fe3ed38,100,BASMAJIAN LUZZI CARLOS ANDRES MENEM EDUARDO,MENEM EDUARDO
per_860a76a545b216724146,per_7c94c69722bb1056e6c3,100,BASMAJIAN LUZZI CARLOS ANDRES MENEM EDUARDO,MENEM EDUARDO
per_30874570a9362f493693,per_b7ccef7faa23186feb3c,100,BASSET URSULA CRISTINA,BASSET URSULA CRISTINA
per_30874570a9362f493693,per_da2535b06641e14b9b5b,100,BASSET URSULA CRISTINA,ROLANDI JOSE BASSET URSULA CRISTINA
per_b7ccef7faa23186feb3c,per_da2535b06641e14b9b5b,100,BASSET URSULA CRISTINA,ROLANDI JOSE BASSET URSULA CRISTINA
per_7665e98b7c1cb5f09699,per_27022d74e91177e00acc,100,BASTISTA HARRIET EDUARDO,BASTISTA HARRIET EDUARDO
per_3c6c4ddebe81582534d3,per_98e93e927c00d6f9b602,100,BASUALDO LUCAS,BASUALDO LUCAS
per_0c27d9949bd9a8d54b0b,per_b1574999b5c7bc0a0fe5,100,BATALLEME MARTINEZ JUAN ERARDO,BATALLEME MARTINEZ JUAN ERARDO
per_529541714ddc6252970c,per_55f717b438d576ae816d,100,BATISTA HARRIET EDUARDO GUAYMAS CARLOS,GUAYMAS CARLOS
per_529541714ddc6252970c,per_e9cd4ac31850008883bf,100,BATISTA HARRIET EDUARDO GUAYMAS CARLOS,GUAYMAS CARLOS
per_c5c31f5fcc429d762490,per_75078b9857f70418f8c3,100,BATTAINI JUAN,BATTAINI JUAN
per_9a0b2bd1156efb5e7a33,per_7b52cc13098ef7a9823e,100,BATTIOLI IGNACIO,BATTIOLI IGNACIO
per_9a0b2bd1156efb5e7a33,per_3ba3f7ab505ccf926301,100,BATTIOLI IGNACIO,IGNACIO
per_7b52cc13098ef7a9823e,per_3ba3f7ab505ccf926301,100,BATTIOLI IGNACIO,IGNACIO
per_156e647c673dbdf0d479,per_5dbd9cf02386bebdfd61,100,BAUAB CRISTIAN,IACOVINO SERGIO BAUAB CRISTIAN
per_ddc3df1ffce9c2e9f8f9,per_6fe4d171c49a49a854fa,100,BAUSILI SANTIAGO,BAUSILI SANTIAGO
per_921600f1eb394c6d6153,per_ee1e83ed3e96f1077dcc,100,BAZAN GUEMES NAZAR ALEJANDRO,NAZAR ALEJANDRO
per_7a4b675be59f9236fdec,per_62d2d73068b7fed71ba5,100,BAZAN JOSE MIGUEL,BAZAN JOSE MIGUEL
per_29e9038b31a7747400e2,per_001067ebbadf3f8594d1,100,BAZAN SERGIO,BAZAN SERGIO
per_472c07a480a3cadb4c12,per_152f483670512a49768a,100,BAZAN SERGIO NAVARRE MARIA SOLEDAD,NAVARRE MARIA SOLEDAD
per_cbc1a7fdfe9e7a13092b,per_bc3bfd688c792c3903c7,100,BAZZAN GUSTAVO,BAZZAN GUSTAVO
per_f80b101ca7d94c4e7bf0,per_5c954a34ac4f95b91aee,100,BAZZANI MARINA,BAZZANI MARINA
per_8e55a8c883b5591b081d,per_e7db2e31047951cbf743,100,BEARSI FERNANDO,BEARSI FERNANDO
per_0892798be0c1d162cddb,per_798cac7c5dc8447faa00,100,BEATO VASSOLO TEOFILO,BEATO VASSOLO TEOFILO
per_6df021bbff2c88b3bc83,per_ded3955c789a84bd6ca0,100,BECERRA LEANDRO,BECERRA LEANDRO
per_9ba629c1ace1913486d5,per_876596c5f6deb2d52608,100,BECK PABLO,BECK PABLO
per_4f9b58435065b91821f3,per_af96046da85d3f6126ca,100,BEDIA VILMA,BEDIA VILMA
per_0302883015e86e159989,per_1cfc6e621716103303b1,100,BEDOGNI LUCIANO OSVALDO,BEDOGNI LUCIANO OSVALDO
per_d1b979a56be716b5b381,per_2318a2121424de8c6233,100,BEGALA GIORGIO,BEGALA GIORGIO
per_168daef2f4cab4e86f4d,per_06c5935dd45f64362505,100,BEJARANO CARLA REBECA,BEJARANO CARLA REBECA
per_168daef2f4cab4e86f4d,per_c7dbdc2cf00934d7cc9f,100,BEJARANO CARLA REBECA,RODILOSSI ROMULO BEJARANO CARLA REBECA
per_06c5935dd45f64362505,per_c7dbdc2cf00934d7cc9f,100,BEJARANO CARLA REBECA,RODILOSSI ROMULO BEJARANO CARLA REBECA
per_168daef2f4cab4e86f4d,per_a3a30850c509a11b5f39,100,BEJARANO CARLA REBECA,SOFIA LAVADERA BEJARANO CARLA REBECA
per_06c5935dd45f64362505,per_a3a30850c509a11b5f39,100,BEJARANO CARLA REBECA,SOFIA LAVADERA BEJARANO CARLA REBECA
per_1a54bcf9e92066245cbc,per_80681f350f0f96391b00,100,BEJARANO CARLA REBECA CORDERO GILDA,CORDERO GILDA
per_7ac90f0ee679a7f9d01f,per_dc971922490d09666455,100,BEJARANO CARLA REBECA CORTEZ JAVIER,CORTEZ JAVIER
per_7ac90f0ee679a7f9d01f,per_7543578896a2cde22b55,100,BEJARANO CARLA REBECA CORTEZ JAVIER,CORTEZ JAVIER
per_bf73a51d7b681d63b2df,per_446579d38a160fcb744c,100,BEJARANO CARLA REBECA GENOVESE LIVIO,GENOVESE LIVIO
per_05e9b978b84642052888,per_1fef65b6b19902f3ab78,100,BEJARANO CARLA REBECA MENDEZ DONATO,MENDEZ DONATO
per_05e9b978b84642052888,per_e3c4647529a377ab1049,100,BEJARANO CARLA REBECA MENDEZ DONATO,MENDEZ DONATO
per_abd7ffd80d2822b84911,per_a94f7d7bde9f6f21813e,100,BELARGUINELLI PABLO,BELARGUINELLI PABLO
per_040d20859820f984e062,per_3ba3f7ab505ccf926301,100,BELBI JUAN IGNACIO,IGNACIO
per_3a9ec95ac5f999a42770,per_463dbe8310e0b82c6463,100,BELDIK MARIANO JAVIER,BELDIK MARIANO JAVIER
per_8b0f971b0ba15d605491,per_64382203a75afb1d1203,100,BELEN JUAN MANUEL,JUAN MANUEL
per_07b7ec192641ada9585b,per_5b282126e444c2f973c1,100,BELEN NATALI IBARZABAL MURPHY MARIA,IBARZABAL MARIA
per_07b7ec192641ada9585b,per_9c22b5ec0978f9f97785,100,BELEN NATALI IBARZABAL MURPHY MARIA,IBARZABAL MURPHY MARIA
per_c1d169842ae5111e8f26,per_2ca3f6a5934b35d8ff3c,100,BELEN NOELIA SOFIA,BELEN NOELIA SOFIA
per_f8fd9da840d142ed4362,per_8d3804a1eeb3643dbfaa,100,BELISARIO JOHANN,BELISARIO JOHANN
per_2c035e87247afafa2d19,per_1a3d57e2ca478d39ea6e,100,BELIZAN MATIAS,BELIZAN RAMON MATIAS
per_2c035e87247afafa2d19,per_296d8ee046f036e9ea5e,100,BELIZAN MATIAS,BELIZAN RAMON MATIAS
per_2c035e87247afafa2d19,per_e21dcc1bc1d627553673,100,BELIZAN MATIAS,SANTIUSTE LEONARDO SERENELLINI EDUARDO BELIZAN RAMON MATIAS
per_1a3d57e2ca478d39ea6e,per_296d8ee046f036e9ea5e,100,BELIZAN RAMON MATIAS,BELIZAN RAMON MATIAS
per_1a3d57e2ca478d39ea6e,per_e21dcc1bc1d627553673,100,BELIZAN RAMON MATIAS,SANTIUSTE LEONARDO SERENELLINI EDUARDO BELIZAN RAMON MATIAS
per_296d8ee046f036e9ea5e,per_e21dcc1bc1d627553673,100,BELIZAN RAMON MATIAS,SANTIUSTE LEONARDO SERENELLINI EDUARDO BELIZAN RAMON MATIAS
per_74041274a508bac12342,per_240a3fd2558331b58df6,100,BELIZAN RAMON MATIAS GUZMAN HUGO ALEJANDRO BONELLI RODOLFO,BONELLI RODOLFO
per_74041274a508bac12342,per_00c796e6d7d12b41e470,100,BELIZAN RAMON MATIAS GUZMAN HUGO ALEJANDRO BONELLI RODOLFO,BONELLI RODOLFO
per_74041274a508bac12342,per_269cb437f48bc830fbd6,100,BELIZAN RAMON MATIAS GUZMAN HUGO ALEJANDRO BONELLI RODOLFO,GUZMAN HUGO ALEJANDRO BONELLI RODOLFO
per_7541c651e8469533326b,per_fdf507d688712528583c,100,BELIZAN RAMON MATIAS GUZMAN HUGO ALEJANDRO LAGO MARCELA NOEMI,BELIZAN RAMON MATIAS LAGO MARCELA NOEMI
per_7541c651e8469533326b,per_7f99af86f97d46235165,100,BELIZAN RAMON MATIAS GUZMAN HUGO ALEJANDRO LAGO MARCELA NOEMI,GUZMAN HUGO ALEJANDRO LAGO MARCELA NOEMI
per_7541c651e8469533326b,per_02984b2374381df0dba6,100,BELIZAN RAMON MATIAS GUZMAN HUGO ALEJANDRO LAGO MARCELA NOEMI,LAGO MARCELA NOEMI
per_fdf507d688712528583c,per_02984b2374381df0dba6,100,BELIZAN RAMON MATIAS LAGO MARCELA NOEMI,LAGO MARCELA NOEMI
per_edd062731005d16ff59f,per_a7df4f7909b287e04652,100,BELIZAN RAMON MATIAS PEREZ DAVID ALEJANDRO,PEREZ DAVID ALEJANDRO
per_edd062731005d16ff59f,per_70e8d8fd1df3332c51a7,100,BELIZAN RAMON MATIAS PEREZ DAVID ALEJANDRO,PEREZ DAVID ALEJANDRO
per_8d60db47890e2a73dba9,per_3daf176236fac1718408,100,BELIZAN RAMON MATIAS SERENELLINI EDUARDO SANTIUSTE LEONARDO,SANTIUSTE LEONARDO
per_8d60db47890e2a73dba9,per_21e2c30a6464bdebbcd8,100,BELIZAN RAMON MATIAS SERENELLINI EDUARDO SANTIUSTE LEONARDO,SANTIUSTE LEONARDO
per_8807dd5175e20313019a,per_3df63be638888ec457a7,100,BELJANSKY MARIELA,BELJANSKY MARIELA
per_cc83baafcd33141222f4,per_3ba3f7ab505ccf926301,100,BELLIDO ARIAS ANDRES IGNACIO,IGNACIO
per_e43089ea006eed27960f,per_3ecab291b8205c91e72a,100,BELLO MARTIN,BELLO MARTIN
per_e43089ea006eed27960f,per_bfb913e49093a7b7afb7,100,BELLO MARTIN,SORIA JULIAN GASTON BELLO MARTIN
per_3ecab291b8205c91e72a,per_bfb913e49093a7b7afb7,100,BELLO MARTIN,SORIA JULIAN GASTON BELLO MARTIN
per_c43bedd5316c29d47a94,per_e61175c3e3b7d701b3a0,100,BELLOMO MARIANO,BELLOMO MARIANO
per_32772fa713c264025a52,per_8aeeebd87700a168e082,100,BELTRAN JOSE ANDRES,BELTRAN JOSE ANDRES
per_cfeddb653830217f52db,per_18e27d95e4707d5730cb,100,BEN KELMANSON,BEN KELMANSON
per_03e84af9943795617625,per_2b69d475ce902e77c092,100,BENAVIDEZ CARLOS ALBERTO,CARLOS ALBERTO
per_3e530016031a9117ae86,per_41cf4c9491f33318173b,100,BENEDETTO MARCELO,SEBASTIAN MARTIN BENEDETTO MARCELO
per_5ddd176aad1e4d81e187,per_8af0617fd14082372106,100,BENEDIT BELTRAN,BENEDIT BELTRAN
per_f848b230edc01d944aa9,per_bed53252e24d8ea7971f,100,BENEGAS LYNCH ALBERTO,BENEGAS LYNCH JOAQUIN ALBERTO
per_46555e70905cdc786657,per_4c465c4c8832192bff70,100,BENEGAS LYNCH BERTIE,BENEGAS LYNCH BERTIE
per_d06d1f94b928053359a0,per_1476b88e97d4a7d76fe5,100,BENEVENTANO MARCELO,BENEVENTANO MARCELO
per_0475121bf465d3636be5,per_5704dfde2e1f9a963433,100,BENINCA LUCIA,BENINCA LUCIA
per_2710e2ba92206d696e33,per_5d20595c09838df3bfe7,100,BENITEZ ALBERTO,BENITEZ JAVIER ALBERTO
per_2710e2ba92206d696e33,per_988990d07ac6dbfee348,100,BENITEZ ALBERTO,BENITEZ JAVIERIER ALBERTO
per_2710e2ba92206d696e33,per_c51254aaef8428a1fc4d,100,BENITEZ ALBERTO,SARUBBI BENITEZ ALEJANDRO ALBERTO
per_cd2d03e927fa4e722e70,per_634fd8a5b514485b5014,100,BENITEZ ANDREA,BENITEZ CORTI ANDREA
per_896216379d59b44c75c2,per_b7ecf65b979b9fc30a84,100,BENITEZ GERMAN IVAN MARCELO,BENITEZ MARCELO
per_83373800aca7685c8e33,per_7c7507eb5d99a49b632a,100,BENITEZ JAVIER,BENITEZ JAVIER
per_f69d193198e75496828f,per_0635c601a28b3209410c,100,BENITEZ JOSE,BENITEZ JUAN JOSE
per_5315191f8b6701ce4981,per_e4f95f34a9009e3726d8,100,BENITEZ JULIAN,BENITEZ JULIAN
per_09dfc0dae83eb6048168,per_e15f4bd08b1c7e1fc457,100,BENITEZ LEONARDO,BENITEZ LEONARDO
per_5982fc1d17d746f6ae2a,per_421dac1dac173cbcf898,100,BENITEZ MARCOS,BENITEZ MARCOS
per_43a2c6adbbe8d0c1eed1,per_81bf06268957fac6c095,100,BENITEZ MARIA,GONZALEZ BENITEZ MARIA
per_fd3de96ff2cfe96b0c6d,per_b5ff328f5715de7d2bd2,100,BENITEZ MARIANELA SOL,BENITEZ MARIANELA SOL
per_ff4e8503077472573baf,per_4fd9270551ae0737a47c,100,BENITEZ NESTOR FABIAN,NESTOR FABIAN
per_a0c4d3b74efe0bb72f0d,per_cebaa967e863df7f50f6,100,BENITEZ NICOLAS,CORREDOR BENITEZ ROLANDO SARMIENTO EMANUEL NICOLAS
per_9a25d7ba9301e8d1883f,per_cb0ce8c5df8ea835b72a,100,BENITO SOFIA MENEM EDUARDO,MENEM EDUARDO
per_9a25d7ba9301e8d1883f,per_f224e5a001e17fe3ed38,100,BENITO SOFIA MENEM EDUARDO,MENEM EDUARDO
per_9a25d7ba9301e8d1883f,per_7c94c69722bb1056e6c3,100,BENITO SOFIA MENEM EDUARDO,MENEM EDUARDO
per_07a94013ccaa80b9d564,per_1f3711a5d4023d236b89,100,BENVENUTO GASTON ALEJO,BENVENUTO GASTON ALEJO
per_17e47ea6592fbc104394,per_bd47022947795b6825a5,100,BERARDO DIEGO,BERARDO DIEGO
per_17e1561ad05ef2f602b9,per_a306da40ab120dedb22c,100,BERBEGLIA MARIANA LORENA,GOMEZ ALVARADO LUCIANO BERBEGLIA MARIANA LORENA
per_8d3bdc8780a3d7eefb15,per_6d00bb1194563c5573d3,100,BERDASCO MARITE,BERDASCO MARITE
per_e54dba9bea80affc4bd6,per_c6ff7bc9d4e51dec3cda,100,BERENSZTEIN SERGIO,BERENSZTEIN SERGIO
per_73692479192d6c73ee01,per_a5f8e3ca04f56164ddf4,100,BERGEL CHRISTIAN,BERGEL CHRISTIAN
per_36634021a8ae4647f252,per_a74b8e59b7eeee3172b4,100,BERNASCONI PENELLA GERARDO,BERNASCONI PENELLA GERARDO
per_a1b09a21a695ef0f8fc0,per_7eed52948b6f3f8b7d7b,100,BERNAT MARIA EVA,MARIA EVA
per_cf2c617679d0b7c0476c,per_7cf5248c564442a539cc,100,BERNERI RAUL DANIEL,BERNERI RAUL DANIEL
per_3793cd7a2ca4d4d937d3,per_3ba3f7ab505ccf926301,100,BERNHARD JUAN IGNACIO,IGNACIO
per_8911ff34a800718154ec,per_d563e0c2a4cbf266e30a,100,BERON FELIPE,BERON FELIPE
per_471c38b4c331428d3ade,per_fe87b89ac055715fd9e2,100,BERRADE MARTIN,BERRADE MARTIN
per_9ae9be64329b2edabb15,per_31169f9d86f30f4957de,100,BERRI MARIA FERNANDA,BERRI MARIA FERNANDA
per_abc86a82cc3ab2821d37,per_225d8f91d06160e7a495,100,BERTOLA RAUL,BERTOLA RAUL
per_a62d0858fabcabf8e957,per_475939a50637e6e163be,100,BERTOLDI TANYA,BERTOLDI TANYA
per_b5dd8c71ab5281802a31,per_d76ed32c4370aa98c802,100,BERTOLINI MAURO,BERTOLINI MAURO
per_f642e5a87117d067aa8e,per_f04fa99dcc013029c12f,100,BERTOZZI JUAN MARTIN,BERTOZZI MARTIN
per_fb716750adf57c49e831,per_fefac17ae6d38f5277ed,100,BERTUCCELLI DIEGO HECTOR,BERTUCCELLI DIEGO HECTOR
per_3333ed25c92a52770c3a,per_0f4f28ab478d39a81b95,100,BESAUE CECILIA,BESAUE CECILIA
per_c306c38403353aa0d166,per_3ba3f7ab505ccf926301,100,BETNAZA Y MANTERO IGNACIO,IGNACIO
per_df4f8ebb72f9fdccfca2,per_e3c87a9ae64c2762a66e,100,BETTIG ALDO RAUL,BETTIG ALDO RAUL
per_ed8e44099498c35cd4f4,per_d51ca2a8f5c0256c59f9,100,BIALOSTOZKY YAEL,BIALOSTOZKY YAEL
per_5c84b9f550a438e48f4f,per_96ab43b223796427cef9,100,BIANCO CARLOS,BIANCO CARLOS
per_fdbf15d27fffd6ffea66,per_02ab91ec62e2603f1a96,100,BIANCO MAGALI JOHANNA,BIANCO MAGALI JOHANNA
per_fdbf15d27fffd6ffea66,per_a1c83d936a222d3ac4ac,100,BIANCO MAGALI JOHANNA,ORTIZ HORACIO BIANCO MAGALI JOHANNA
per_02ab91ec62e2603f1a96,per_a1c83d936a222d3ac4ac,100,BIANCO MAGALI JOHANNA,ORTIZ HORACIO BIANCO MAGALI JOHANNA
per_fdbf15d27fffd6ffea66,per_3ef52e7a1c4dc15dbc17,100,BIANCO MAGALI JOHANNA,PROMANZIO NICOLAS BIANCO MAGALI JOHANNA
per_02ab91ec62e2603f1a96,per_3ef52e7a1c4dc15dbc17,100,BIANCO MAGALI JOHANNA,PROMANZIO NICOLAS BIANCO MAGALI JOHANNA
per_fdbf15d27fffd6ffea66,per_fbb3f74bd8513fc4e8ef,100,BIANCO MAGALI JOHANNA,SIRI MARIA FLORENCIA BIANCO MAGALI JOHANNA
per_02ab91ec62e2603f1a96,per_fbb3f74bd8513fc4e8ef,100,BIANCO MAGALI JOHANNA,SIRI MARIA FLORENCIA BIANCO MAGALI JOHANNA
per_2de548773acdd84bc767,per_094e87bc906195ef3db9,100,BIANCO MAGALI JOHANNA HADIDIAN REGINA ANA,HADIDIAN REGINA ANA
per_0eaa6af870ed7635ae40,per_83ca7e1f54834ab11573,100,BIASCO LUCILA,BIASCO LUCILA
per_83c66c76ac5879049ec0,per_697d27824f279453aeb5,100,BIASIOLI ANA,BIASIOLI ANA
per_12c5e19a036fcdb69271,per_a9abfbce96736b540631,100,BIDART ANDRES,BIDART ANDRES
per_12c5e19a036fcdb69271,per_2120f2ac73d8ca40fcb0,100,BIDART ANDRES,TOMAS CUESTA BIDART ANDRES
per_a9abfbce96736b540631,per_2120f2ac73d8ca40fcb0,100,BIDART ANDRES,TOMAS CUESTA BIDART ANDRES
per_7896af8227b16c200885,per_777bd3ede08ce1b853aa,100,BIGOZZI MARIA DEL ROSARIO,BIGOZZI MARIA DEL ROSARIO
per_9ad91008258a58e3401d,per_a10e3b99aaef381a1406,100,BILBAO IGNACIO,BILBAO LA VIEJA IGNACIO
per_9ad91008258a58e3401d,per_3ba3f7ab505ccf926301,100,BILBAO IGNACIO,IGNACIO
per_a10e3b99aaef381a1406,per_3ba3f7ab505ccf926301,100,BILBAO LA VIEJA IGNACIO,IGNACIO
per_f6a920400b873dbdaa80,per_bc94d58b4182201a0f6c,100,BILIMORIA KARAN,BILIMORIA LORD KARAN
per_b68e7dee0b867c203bf6,per_486ab026fc8618b3b8b9,100,BINDI RICARDO,BINDI RICARDO
per_6c685108592d75c08375,per_f836b8e4ed4728a34c85,100,BIONGIORNO MARIANO,BIONGIORNO MARIANO
per_65a24340936b4b99c852,per_3e61a4466a5699ab701c,100,BISTACCO PEDRO GUILLERMO,BISTACCO PEDRO GUILLERMO
per_abd7ead4a9ef036d7923,per_0a2f023a67de5707feee,100,BITELLI GLINTERNIK JULIO,BITELLI JULIO
per_e6100e56a1502e170818,per_42af6d45a4a33ee3e5d7,100,BLAGOJEVIC DEJAN,BLAGOJEVIC DEJAN
per_8ec0548ee8e8738657c0,per_9186428a423bf9f912a3,100,BLANCO ALFREDO ERNESTO,BLANCO ERNESTO
per_bf94ac7e2ce265268dc3,per_d066845a287924f37c3f,100,BLANCO ARIEL,BLANCO CARLOS ARIEL
per_ba3d425e70241da806c2,per_483a7691651d1aea808e,100,BLANCO GONZALO,BLANCO LUCAS GONZALO
per_9a13b90688d00aed9683,per_bfe294d1552f06d8aaef,100,BLANCO JUAN,BLANCO JUAN
per_becd233ec1c2954809bf,per_fe8df24d231bc0966ea9,100,BLANCO MIGUEL ANGEL,MIGUEL ANGEL
per_5574e5735d61f54470cb,per_2ad0a66641237ac01bdb,100,BLANCO MIGUEL CARLOS,BLANCO MIGUEL CARLOS
per_d135827e6c54cf8b7efb,per_804f76b5f282ebb9c2e4,100,BLANCO MUINO FERNANDO MARTIN,BLANCO MUINO FERNANDO MARTIN
per_e5ed5009411a31428812,per_380b749daa91dd32d261,100,BLANCO PABLO,BLANCO PABLO
per_e5ed5009411a31428812,per_8bd1d3b761ea83f2c401,100,BLANCO PABLO,BLANCO PABLO
per_eff7f6294b957d0c9a2c,per_93170031a3c9fd131bd7,100,BLANCO ROBERTO,BLANCO ROBERTO
per_e0bab95e37680594ef45,per_c0005f34bd0b2c71d3c9,100,BLANES JULIETA IPOLITTI CLAUDIO,IPOLITTI CLAUDIO
per_e0bab95e37680594ef45,per_01542cb1fb4335266ab3,100,BLANES JULIETA IPOLITTI CLAUDIO,IPOLITTI CLAUDIO
per_611666cdd60aa6520a01,per_186ac177cd11e87af534,100,BOCACCI MARTIN,BOCACCI MARTIN
per_e1e62d612f575c2d1ae3,per_5aace94488b48e038773,100,BOCCARDO EDUARDO,BOCCARDO EDUARDO
per_e1e62d612f575c2d1ae3,per_458f4dc568fd31a5ac56,100,BOCCARDO EDUARDO,BOCCARDO EDUARDO
per_a104516480572be6f347,per_96a2a61f254d9a5ba415,100,BOCCIO HILLEN PAULINE MARIA,BOCCIO HILLEN PAULINE MARIA
per_e69ae71ed06bca5f27b6,per_b94fcf7282cecf3c45cd,100,BOETTNER MARIANO,BOETTNER MARIANO
per_e70a428660693745fe13,per_cf7181810160b51942ff,100,BOGGIANO MIGUEL,BOGGIANO MIGUEL
per_bcb6fd1b05361d142244,per_fe8df24d231bc0966ea9,100,BOGGIANO MIGUEL ANGEL,MIGUEL ANGEL
per_8fa9acf30aad1e205038,per_adc4617c1a654fa3b86f,100,BOIERO EDUARDO,BOIERO EDUARDO
per_c1550dcc50dae945c6a6,per_3ba3f7ab505ccf926301,100,BOJANICH JUAN IGNACIO,IGNACIO
per_7a19e47aa62a9279f7f2,per_200ade35f5ef73efb0b0,100,BOLATTI MARIELA FLORENCIA,BOLATTI MARIELA FLORENCIA
per_2fc7d93da5f88b05c5ce,per_5e104b5bfdf3c1a390a4,100,BOLUKALO LEMOINE LILIA,BOLUKALO LEMOINE LILIA
per_2fc7d93da5f88b05c5ce,per_774593035d9035fe66cc,100,BOLUKALO LEMOINE LILIA,LEMOINE LILIA
per_5e104b5bfdf3c1a390a4,per_774593035d9035fe66cc,100,BOLUKALO LEMOINE LILIA,LEMOINE LILIA
per_b6265b699ea15d819b6f,per_a56b97dfb0bfe58da20e,100,BOLUKALO LEMOINE LILIA MUNOZ LAURA PATRICIA,MUNOZ LAURA PATRICIA
per_b6265b699ea15d819b6f,per_48711b08acc27c4144d6,100,BOLUKALO LEMOINE LILIA MUNOZ LAURA PATRICIA,MUNOZ LAURA PATRICIA
per_322633c3162e2d78613e,per_33a922ae03dd8456dc8d,100,BOLZOMI ANGEL,BOLZOMI ANGEL
per_f2a86d3d1e3e7fe944f4,per_377f2dad270787c28c80,100,BONACCI ROCIO,BONACCI ROCIO
per_cdb6f3f8cc1d87ea5c82,per_3d35047653d285807d5f,100,BONAVERA SANTIAGO JAVIER,BONAVERA SANTIAGO JAVIER
per_b472ba97b0378892d344,per_37da7004dfbb335fb4d5,100,BONELI RODOLFO,TALAVERA BRIAN BONELI RODOLFO
per_c85d2fabd4b44c480a35,per_34ce21349cb37703b65a,100,BONELI RODOLFO MAQUIEYRA MARTIN,MAQUIEYRA MARTIN
per_c85d2fabd4b44c480a35,per_a7fe7dc3c383495445e2,100,BONELI RODOLFO MAQUIEYRA MARTIN,MAQUIEYRA MARTIN
per_825b21d2c497ac06060a,per_c499b9b0f6e065983901,100,BONELI RODOLFO SANDOVAL RUBEN,SANDOVAL RUBEN
per_825b21d2c497ac06060a,per_71c21dd8cf47f33af018,100,BONELI RODOLFO SANDOVAL RUBEN,SANDOVAL RUBEN
per_184962c3d63165ad52fe,per_961b563e2859e5fd07b6,100,BONELLI MARCELO,BONELLI MARCELO
per_240a3fd2558331b58df6,per_00c796e6d7d12b41e470,100,BONELLI RODOLFO,BONELLI RODOLFO
per_240a3fd2558331b58df6,per_269cb437f48bc830fbd6,100,BONELLI RODOLFO,GUZMAN HUGO ALEJANDRO BONELLI RODOLFO
per_00c796e6d7d12b41e470,per_269cb437f48bc830fbd6,100,BONELLI RODOLFO,GUZMAN HUGO ALEJANDRO BONELLI RODOLFO
per_24a627ab497eabf73d0b,per_ebe651d3da689645a72a,100,BONICATTO ISIDRO RODOLFO,BONICATTO ISIDRO RODOLFO
per_cc2b315e16b5acef6f40,per_caf1569408a636d118b6,100,BONORA JUAN,BONORA JUAN JOSEBONORA JUAN
per_cc2b315e16b5acef6f40,per_8a7d706cbe480d36bb9e,100,BONORA JUAN,BONORA JUAN JOSEBONORA JUAN
per_caf1569408a636d118b6,per_8a7d706cbe480d36bb9e,100,BONORA JUAN JOSEBONORA JUAN,BONORA JUAN JOSEBONORA JUAN
per_d2eed7c3675ef827327d,per_20792e19295a53a5ca72,100,BORDA JOAQUIN LISANDRO SALATINO MARIA,SALATINO MARIA
per_3f8cd26177284b080636,per_7af544e7c21a56fd07c9,100,BORDENAVE CLAUDIO,BORDENAVE CLAUDIO
per_0b87c04fab97b0d10f1a,per_7af544e7c21a56fd07c9,100,BORDENAVE CLAUDIO,BORDENAVE CLAUDIO
per_b31fb162b17fcdc55312,per_c3019e3a700ce1544c60,100,BORGHI HUMBERTO ARIEL,BORGHI HUMBERTO ARIEL
per_164feb259b9b35b84e15,per_3ba3f7ab505ccf926301,100,BORGO IGNACIO,IGNACIO
per_05e195533d4d470c3a1e,per_7606a159275505902849,100,BORMIOLI EMILIANO,BORMIOLI EMILIANO
per_ad4571daca6f6986c713,per_e0e5474ff3ac77eeb359,100,BORNORONI GABRIEL,BORNORONI GABRIEL
per_17442df5fdfb25c3e7f6,per_9e7b9471b276c813c195,100,BORQUEZ MARIA DEL PILAR,MARIA DEL PILAR
per_d533e0dc96f7968fdd38,per_bc3234190d488b109a66,100,BORRELLI OSVALDO,BORRELLI OSVALDO
per_1c9f2cee95a05a629cbe,per_c3f003063e1aba790cef,100,BORTOLI KARINA ALEJANDRA,BORTOLI KARINA ALEJANDRA
per_86bea3ab158e01824ae5,per_19c31dcb6b234cbbf0e0,100,BOSCHI MARIO NICOLAS,BOSCHI MARIO NICOLAS
per_86bea3ab158e01824ae5,per_c92a76b2427393266dbb,100,BOSCHI MARIO NICOLAS,SANCHEZ FERNADO BOSCHI MARIO NICOLAS
per_19c31dcb6b234cbbf0e0,per_c92a76b2427393266dbb,100,BOSCHI MARIO NICOLAS,SANCHEZ FERNADO BOSCHI MARIO NICOLAS
per_d8b96b191e2d8acec213,per_4399638130a1543d6ae4,100,BOSCHIN GERARDO,BOSCHIN GERARDO
per_4dc944c3995b3840d19d,per_3ba3f7ab505ccf926301,100,BOSH IGNACIO,IGNACIO
per_e941d1e12627b819dfb0,per_13107d28f471c724b71a,100,BOSIO SEBASTIAN,TALAVERA BRIAN BOSIO SEBASTIAN
per_d250ca0650226e0e646e,per_ab5b60f705a9692501bd,100,BOSIO SEBASTIAN GALPARSORO MATIAS,GALPARSORO MATIAS
per_c5a815991b4f7e5cd79b,per_3e031d2204069738d60f,100,BOSSI JESICA,BOSSI JESICA
per_ed49429c3743ff896ddd,per_3ba3f7ab505ccf926301,100,BOSSI JOSE IGNACIO,IGNACIO
per_1014840e015c1ebff4ef,per_e45c1afa784654b0d3d9,100,BOTANA RICARDO,BOTANA RICARDO
per_434ff071eb8d1984a18c,per_c7c8d135d23d9c3b4e41,100,BOTINELLI LUCIANA,BOTINELLI LUCIANA
per_a675bed1370e73b8df02,per_3fb2fc470bd09f2bcb1d,100,BOTTA MARIA VICTORIA,BOTTA MARIA VICTORIA
per_bc32a82c1325b8d5115d,per_0d4c628b5f19808eed32,100,BOTTARINI LUIS ESTEBAN,BOTTARINI LUIS ESTEBAN
per_272ae144565f58aa27a1,per_0ee6e0f419d976fa1ba9,100,BOTTINNO ALEJANDRO DANIEL,BOTTINNO ALEJANDRO DANIEL
per_229f9045c6a1fcba6d8d,per_810a9f7cb2d9505152b7,100,BOTTO FERNANDO,BOTTO FERNANDO
per_83afdf0556f9d8c57d0b,per_838e7230331112547d3b,100,BOTTO MAURICIO,GONZALEZ BOTTO MAURICIO
per_1f97bf2ce758a483c4cf,per_d53a01ac2763c3d78433,100,BOUFLET CECILIA,BOUFLET CECILIA
per_574ef112534f8b438924,per_42409463d3c3fb8d0721,100,BOUTET JUAN IGNACIO,BOUTET JUAN IGNACIO
per_574ef112534f8b438924,per_3ba3f7ab505ccf926301,100,BOUTET JUAN IGNACIO,IGNACIO
per_42409463d3c3fb8d0721,per_3ba3f7ab505ccf926301,100,BOUTET JUAN IGNACIO,IGNACIO
per_4a46d818a25fe77f8e27,per_54afb82c27c7cb8acf99,100,BOVEDA FERNANDO,BOVEDA FERNANDO
per_5ba4ce4ded4b097dab64,per_7bedd89ccdf350e77838,100,BRAUN SEBASTIAN,BRAUN SEBASTIAN
per_f5bd30e7b5460a5e8137,per_cf0f25a940f8fdc61434,100,BRAVO HERRERA DANTE JAVIER,HERRERA BRAVO DANTE JAVIER
per_f5bd30e7b5460a5e8137,per_38d7e5613dddbf501390,100,BRAVO HERRERA DANTE JAVIER,HERRERA BRAVO JAVIER
per_f5bd30e7b5460a5e8137,per_3b1143732975ab1b3713,100,BRAVO HERRERA DANTE JAVIER,HERRERA BRAVO JAVIER
per_99a5dabc9e71939ecb64,per_3ba3f7ab505ccf926301,100,BRAVO JUAN IGNACIO,IGNACIO
per_70f6599a5054204bc9a6,per_8b5fed67aa3131b9c6a9,100,BRAVO JUAN RAMON,BRAVO JUAN RAMON
per_92d7c1f42403cfb47954,per_5b282126e444c2f973c1,100,BRAVO MONICA IBARZABAL MURPHY MARIA,IBARZABAL MARIA
per_92d7c1f42403cfb47954,per_9c22b5ec0978f9f97785,100,BRAVO MONICA IBARZABAL MURPHY MARIA,IBARZABAL MURPHY MARIA
per_f449d46b83a43f932f77,per_1fd00787f88e13dcbf35,100,BREGLIANO SERGIO FABIAN,BREGLIANO SERGIO FABIAN
per_2b1f31d424c611a6bee8,per_d1edec21b3a92e8c54ca,100,BREITSCHMITT GONZALEZ ALZAGA JORGE ENRIQUE,GONZALEZ JORGE ENRIQUE
per_cba85142d45ca7561fe3,per_3ba3f7ab505ccf926301,100,BRIA JOSE IGNACIO,IGNACIO
per_0d35e618b10f5fba5310,per_e4405bb60631254bc5bc,100,BRIAN ROMERO,BRIAN ROMERO
per_403641dd01967eefbd56,per_008769627282d24a90f0,100,BRICHETTI AGOSTINA,BRICHETTI AGOSTINA
per_2db91e212582bb153e23,per_64382203a75afb1d1203,100,BRIGUEZ JUAN MANUEL,JUAN MANUEL
per_e347922839bb5f75ee39,per_2bb887f3847510af0369,100,BRINA ADRIAN CARLOS,BRINA ADRIAN CARLOS
per_682099370fd3446153f0,per_35b798079ea9fcad4a86,100,BRIROS JOSEFINA,BRIROS JOSEFINA
per_6e9bef98b215db1219e7,per_501e471f5e1a43669355,100,BRIZUELA CARLOS ADRIAN NICOLAS,BRIZUELA CARLOS ADRIAN NICOLAS
per_49fd4e7ce7fc18df6a3d,per_61d0a1e297a86d134c0e,100,BRIZUELA MAURO DAMIAN,SIMON JORGE BRIZUELA MAURO DAMIAN
per_28c1ff27b717dca62072,per_621c19e558c122e70ac1,100,BRIZUELA NADIA,PESTANA GONZALO BRIZUELA NADIA
per_c242b421f820a7bb98eb,per_9374d345c3012bea220f,100,BROCCA FLAVIO,BROCCA FLAVIO
per_c242b421f820a7bb98eb,per_5d2eb930cb48bbb7a688,100,BROCCA FLAVIO,FERRASORE MARCO BROCCA FLAVIO
per_9374d345c3012bea220f,per_5d2eb930cb48bbb7a688,100,BROCCA FLAVIO,FERRASORE MARCO BROCCA FLAVIO
per_dd2daf351a2d8a204be4,per_fe8df24d231bc0966ea9,100,BRODA MIGUEL ANGEL,MIGUEL ANGEL
per_895ac7b3defbbc2afba6,per_b38d4b56d96840b0ea93,100,BROGIN MARIA INES,BROGIN MARIA INES
per_d25b50458e287db1243d,per_0ebeeea4845dbd16ea2c,100,BROM FERNANDO,BROM FERNANDO
per_fff744f6564d9a898af3,per_cb5ee282872445a7492e,100,BRONDO EDUARDO,BRONDO EDUARDO
per_2e95764a3d873c9bc07d,per_20848dd18130b7c0ef59,100,BROUWER DE KONIG GABRIELA,BROUWER DE KONIG GABRIELA
per_3c0c1f03ea4ff4fc9976,per_dd3de8ff77ac94b93086,100,BRUCKLER MARCELO,BRUCKLER MARCELO
per_8bbce092622fb0deb6d3,per_64382203a75afb1d1203,100,BRUCKNER JUAN MANUEL,JUAN MANUEL
per_ff6d7fe872a6824feece,per_96a9ba35d94883bd7643,100,BRUERA GRIFONI JOSE IGNACIO,BRUERA JOSE IGNACIO
per_ff6d7fe872a6824feece,per_3ba3f7ab505ccf926301,100,BRUERA GRIFONI JOSE IGNACIO,IGNACIO
per_96a9ba35d94883bd7643,per_3ba3f7ab505ccf926301,100,BRUERA JOSE IGNACIO,IGNACIO
per_8add8e5cb69999db0cc2,per_ed8f60d41c08744b1bcd,100,BRUERA JOSE IGNACIO CORTES WALTER,CORTES WALTER
per_55486f30a8eb275f92ea,per_386dc85cd880a5f0a337,100,BRUGGE JUAN FERNANDO,BRUGGE JUAN FERNANDO
per_406044e4f64fa19336a5,per_7ba2d202312d81b23536,100,BRUNO ESTEBAN,YACONO ALARCON BRUNO ESTEBAN
per_2014d4254cea8b90ff4e,per_25ed0dab88d867133cef,100,BRUNO GASTON,BRUNO MANUEL GASTON
per_012a7a4fae5e85dc3f7a,per_e88b1dd0536f7b865976,100,BRUNOL SANTIAGO LUCAS,BRUNOL SANTIAGO LUCAS
per_59fcc1eaf6314e481b86,per_4d9011b2704f7c45a5f1,100,BRUSA VICTORIA,BRUSA VICTORIA
per_e6d98485b6b62ecb9696,per_71c88ca253dfa39aa662,100,BUCKLER MIGUEL,BUCKLER MIGUEL
per_983f1023095216a2be3c,per_74b4f475d776afdc0ea3,100,BUENOS GABRIEL,BUENOS GABRIEL
per_ce07ba24d22d8007d4d6,per_64382203a75afb1d1203,100,BUGARIN JUAN MANUEL,JUAN MANUEL
per_a4767f4226fcf34688ec,per_f8b70f201afd98c50c9d,100,BUGGE DIEGO,BUGGE DIEGO
per_1db71b8e1268a2da5258,per_8592dc8a81497b6483fd,100,BUITRAGO CATALINA,BUITRAGO CATALINA
per_7654bf7f5f15bee52c80,per_527960abb9c9df000812,100,BULGHERONI ALEJANDRO DE ANCHORENA BEATRIZ METRO VIOLETA,METRO VIOLETA
per_50f286225333f8733092,per_cba5ef27a8f4492295bb,100,BULLRICH PATRICIA,CACACE ALEJANDRO BULLRICH PATRICIA
per_a01055e253a1baa792b6,per_5b7eb0cb2495e6ff0edc,100,BULLRICH PATRICIA MATIAS VIRGINIA,MATIAS VIRGINIA
per_a01055e253a1baa792b6,per_d6fb31209dd4e0d56a2f,100,BULLRICH PATRICIA MATIAS VIRGINIA,MATIAS VIRGINIA
per_b3186c2ac5c673216c48,per_d7302b59055f5eecb8f5,100,BULRICH PATRICIA,BULRICH PATRICIA
per_b3186c2ac5c673216c48,per_b3ce1fd30f29fe60b6e7,100,BULRICH PATRICIA,TARRAGONA GONZALO NAHUEL VIDAL MANUEL BULRICH PATRICIA
per_d7302b59055f5eecb8f5,per_b3ce1fd30f29fe60b6e7,100,BULRICH PATRICIA,TARRAGONA GONZALO NAHUEL VIDAL MANUEL BULRICH PATRICIA
per_38b19b799c18149c7f71,per_8d21e2d2f67670eb4f00,100,BURCAIZEA MARIA DE LAS MERCEDES,BURCAIZEA MARIA DE LAS MERCEDES
per_27714d5bdb859a6a08cd,per_b6866fa97617cf96fadd,100,BURG JOSE,BURG JOSE
per_2ceee0259b14d24f9c26,per_de93c887bb489d20d329,100,BURGOS EZEQUIEL,GORGAL LEANDRO ADRIAN BURGOS EZEQUIEL
per_8747c0cd508dc5ee8f5e,per_70bd2fa6218c8000efd4,100,BURGOS MARIA FLORENCIA,BURGOS MARIA FLORENCIA
per_8747c0cd508dc5ee8f5e,per_a8c7836d354c849dd3c1,100,BURGOS MARIA FLORENCIA,DE ARISTEGUI JOAQUIN BURGOS MARIA FLORENCIA
per_70bd2fa6218c8000efd4,per_a8c7836d354c849dd3c1,100,BURGOS MARIA FLORENCIA,DE ARISTEGUI JOAQUIN BURGOS MARIA FLORENCIA
per_c67354c2904e74539189,per_4623bceae4a1a1ec99e0,100,BURGOS MARIA VICTORIA,BURGOS MARIA VICTORIA
per_72f4e9e696dfd8d107b4,per_2b69d475ce902e77c092,100,BURION CARLOS ALBERTO,CARLOS ALBERTO
per_b0c280789c5cb53ec75d,per_b1e3d5f361c2315db2d2,100,BURION PAULINA,BURION PAULINA
per_87fad783def7c2320a2e,per_3ba3f7ab505ccf926301,100,BURSA ELMO IGNACIO,IGNACIO
per_b5ac384397f3418e01a8,per_37623bb73382ad4d1e00,100,BUSLEIMAN ARTURO,BUSLEIMAN ARTURO
per_f524b5e0a406ae34779b,per_1ebdf906507c70cadc22,100,BUSSI RICARDO ARGENTINO,BUSSI RICARDO ARGENTINO
per_709286cde2fd1681f01c,per_abcfcfaad3c3eb37a4d8,100,BUSSO LEONARDO,BUSSO LEONARDO
per_77b3751907c211b01898,per_3ba3f7ab505ccf926301,100,BUSSOLATI IGNACIO,IGNACIO
per_0e116816dd3c4ca1f3a4,per_fe8df24d231bc0966ea9,100,BUSTINDUY MIGUEL ANGEL,MIGUEL ANGEL
per_04cf396ff9cfade298e5,per_ad3b6789d852d3460809,100,BUSTOS MARIO,BUSTOS MARIO
per_7a68f95b05305cab40a5,per_2e54c1314c4af3ff8afc,100,BUTTI ALEJANDRO,BUTTI ALEJANDRO
per_e32c255f1ca56b2993e7,per_fd0bd1d5fa0bfd86d6e2,100,CABALLERO DANIELA,CABALLERO DANIELA
per_62f16a8a40b75a274b30,per_2cb3fcda7f0568460352,100,CABALLERO PABLO,CABALLERO PABLO
per_18ca1443042023c5f021,per_3938dcbf8ed2b8c9d98a,100,CABALLERO PAULINO,CABALLERO PAULINO
per_20a8b27c6070d7e492d3,per_2e714dd13f707d832dfd,100,CABALLERO PEDRO,CABALLERO PEDRO
per_f59902663ed2f0948015,per_3ba3f7ab505ccf926301,100,CABELLO PEDRO IGNACIO,IGNACIO
per_773b803ce87747f02053,per_fb3eee2555ddf62da792,100,CABO EMILIO GONZALES LOPEZ,CABO EMILIO GONZALES LOPEZ
per_c5c18a6705d256c75d44,per_c80fbd91e04d1d522588,100,CABOT DIEGO ARIEL,CABOT DIEGO ARIEL
per_99eaa26a9fbc859d0ce4,per_9e7b9471b276c813c195,100,CABRALES MARIA DEL PILAR,MARIA DEL PILAR
per_79f00da20c4fce73a6f4,per_928d752070cc5d1e269e,100,CABRERA ENZO MARTIN,CABRERA MARTIN
per_3d4be9b439a8e6297e6e,per_c9aa721d6c52b509701d,100,CABRERA GABRIEL,CABRERA GABRIEL
per_d9d4a673fa557ed81942,per_dcd46fbe3112a13fa1bf,100,CABRERA GUILLERMO JAVIER,CABRERA GUILLERMO JAVIER
per_928d752070cc5d1e269e,per_ed28f879d7d0f5d34c99,100,CABRERA MARTIN,MARIANI CABRERA MARTIN
per_739ccad7647fbc340d06,per_db1e4b29e7efff1fe5d0,100,CABRERA SERGIO,CABRERA SERGIO
per_6b0566456e99b8897b29,per_f88578fd4e7498f09d4b,100,CACACE ALEJANDRO,CACACE ALEJANDRO
per_d5286fa7e08298b3a5ef,per_80d897d8a31e7df1474e,100,CACACE ALEJANDRO DOMINGUEZ DIACOLUCA CECILIA MARIA,DOMINGUEZ DIACOLUCA CECILIA MARIA
per_cdca0853809f9ef38fb6,per_ea701dbe4a15c62a0e17,100,CACACE ALEJANDRO ZDERO LEANDRO,ZDERO LEANDRO
per_cdca0853809f9ef38fb6,per_7290641d9b961fb403da,100,CACACE ALEJANDRO ZDERO LEANDRO,ZDERO LEANDRO
per_cdca0853809f9ef38fb6,per_8efdc352a08a8f18162e,100,CACACE ALEJANDRO ZDERO LEANDRO,ZDERO LEANDRO
per_62462489dadf6cc257ef,per_b82675e2d92ac9cc32c1,100,CACERES ALEJANDRA,CACERES ALEJANDRA
per_bedc89c57e0c9e2df30e,per_4848e1eb4cace0b13b10,100,CACERES CRISTIAN,CACERES CRISTIAN
per_d5af81d6a686a290f6b8,per_0bd35d5c5356059b38df,100,CACERES LEONARDO FEDERICO,CACERES LEONARDO FEDERICO
per_ca45101bba2ac212af0f,per_58d8b7721508922dfe65,100,CACERES MIGUEL,CACERES MIGUEL
per_9d15e00fed0bffa96077,per_c2683a44783d37393bd7,100,CACERES MIGUEL ANGEL,CACERES MIGUEL ANGEL
per_9d15e00fed0bffa96077,per_fe8df24d231bc0966ea9,100,CACERES MIGUEL ANGEL,MIGUEL ANGEL
per_ed68a895d343fbf3a5ef,per_29b1de81a8bfc51c796d,100,CAEIRO FEDERICO,CAEIRO FEDERICO
per_61803f50f810314c28ec,per_db9ff76093be8d2e9661,100,CAFFARO ROBERTO HERNAN,CAFFARO ROBERTO HERNAN
per_ef443801960ee2ad1f39,per_0669169ac1d4464b29bb,100,CAGIDE RODRIGO,CAGIDE RODRIGO
per_6feb02f05d10fff67301,per_4c2ef418fe4953a4fbbc,100,CAJA LEON FRANCO PIPARO CAROLINA DALTROY NICOLE ELENA,DALTROY NICOLE ELENA
per_6feb02f05d10fff67301,per_be0e59217c495f63d16d,100,CAJA LEON FRANCO PIPARO CAROLINA DALTROY NICOLE ELENA,DALTROY NICOLE ELENA
per_e22c3f96101c61f6a591,per_e4a3ae332e9bd41b4319,100,CALANDRI ANGELES,CALANDRI ANGELES
per_a7f782707e7bc02f15d5,per_25e4faf954735ec70d81,100,CALDERON LILIANA,CALDERON NORA LILIANA
per_c025b557b956ff45c67e,per_9532437248584aef7806,100,CALDERON MANUEL IGNACIO,CALDERON MANUEL IGNACIO
per_c025b557b956ff45c67e,per_3ba3f7ab505ccf926301,100,CALDERON MANUEL IGNACIO,IGNACIO
per_9532437248584aef7806,per_3ba3f7ab505ccf926301,100,CALDERON MANUEL IGNACIO,IGNACIO
per_107b3475c458768cf840,per_32e5cc6f2749f531a221,100,CALDERON MATIAS,CALDERON MATIAS
per_84448825ca6b84958b0c,per_68a559de14095679c5bd,100,CALDERON MATIAS ALEJANDRO VAZQUEZ GUADALUPE,VAZQUEZ GUADALUPE
per_69c05ac664cab8d7999d,per_45744a7c20e855d04774,100,CALENS PATRICIO,CALENS PATRICIO
per_4a14a6ae8718feefb865,per_46caf90fb06ca376c42d,100,CALLA JORGE,CALLA JORGE
per_c6b8de2e5f7caa55aab1,per_932aa02117765fa41e6e,100,CALLA SOFIA CANDELA,CALLA SOFIA CANDELA
per_035e0afafaa82f965966,per_a3b408c52cd3ad1437f1,100,CALO GUILLERMO,CALO GUILLERMO
per_61e31c23bd7afe5a8181,per_4c5bea1934ed319c9a90,100,CALOCERO MARINA,CALOCERO MARINA
per_965eaa014ca83a695fc8,per_cf46295f983471ec51e8,100,CALVO BASUALDO LUCILA,CALVO BASUALDO LUCILA
per_8dfbca046006aa65d337,per_4d9d6c071aa83d25ce57,100,CAMACHO SERGIO,CAMACHO SERGIO
per_b8403b64a75251048035,per_db41c18cfb8279f59ac1,100,CAMANO ALICIA,CAMANO ALICIA
per_e02ebd10d5175b310810,per_c7a66166140854c23efe,100,CAMANO DANTE,CAMANO DANTE
per_e02ebd10d5175b310810,per_ffb2ca2ab276527cec71,100,CAMANO DANTE,DE LEON PABLO CAMANO DANTE
per_c7a66166140854c23efe,per_ffb2ca2ab276527cec71,100,CAMANO DANTE,DE LEON PABLO CAMANO DANTE
per_448b022f5c3dfcdd25af,per_bab538e509b4f9487050,100,CAMARANI CECILIA,CAMARANI CECILIA
per_c6f12cf65ed0f26aca31,per_db2a3464b462beb7bcab,100,CAMAUER NICOLAS,CAMAUER NICOLAS
per_4f908b454d7e3986aa97,per_e6047862698ad4488ddc,100,CAMBACERES BELEN,CAMBACERES BELEN
per_e094383b76842b1d9d6f,per_0383ad9a107a2c3d8016,100,CAMBEY ELOY,CAMBEY ELOY
per_69f32f5f0aeb869b4031,per_3ba3f7ab505ccf926301,100,CAMBRIGLIA IGNACIO,IGNACIO
per_36d690a5e2a635c94cd8,per_d4d5e5aa71a1dff1d9c6,100,CAMILA MASCHERONI,CAMILA MASCHERONI
per_3dc3bc0f1ec583a58c6c,per_39935ce6a889806709f4,100,CAMINOS IAN ALEXIS,CAMINOS IAN ALEXIS
per_eb705479923b7c93c6ac,per_710398bacd6391122eeb,100,CAMOZZI LUCA,CAMOZZI LUCA
per_dfee49dc2864e7771b69,per_85860d55a58b37e60b9f,100,CAMPAGNA GUSTAVO OJEDA CARLOS CARDOSO EMILIANO,CARDOSO EMILIANO
per_5d6f4f20a7f16368b185,per_78bd7a9ec49b30586b48,100,CAMPAGNE MARCOS,CAMPAGNE MARCOS
per_5b433b83cca9c6cfe505,per_a9af41a4a13e490a5f27,100,CAMPBELL TORRES AGUSTIN,CAMPBELL TORRES AGUSTIN
per_bcf23af68c1a5b63dbd0,per_78b993f3ae1bc1098414,100,CAMPEGLIA MARCELO ALEJANDRO,CAMPEGLIA MARCELO ALEJANDRO
per_0d552ebcd84616e7dd73,per_ca6649d6e265446b1fa8,100,CAMPELO LEANDRO,CAMPELO LEANDRO
per_c400236556c0b2094f59,per_4be14b9e702c38e6c45d,100,CAMPENI VICENTE FERRANDO ANDREA,FERRANDO ANDREA
per_c400236556c0b2094f59,per_9bd49b4bb9ee88f0681e,100,CAMPENI VICENTE FERRANDO ANDREA,FERRANDO ANDREA
per_29c4de883127da4fbd59,per_947fad619b42b9d5674e,100,CAMPENNI VICENTE,CAMPENNI VICENTE
per_7c8925c1997297dbec79,per_de0b774b39817e45a8c0,100,CAMPERO MARIANO,CAMPERO MARIANO
per_3bca2289bc2ffd95e281,per_3ba3f7ab505ccf926301,100,CAMPO JUAN IGNACIO,IGNACIO
per_969d133989bb76f259ee,per_94cff3a57a6d5390f169,100,CAMPOS CARLOS ANTONIO,CAMPOS CARLOS ANTONIO
per_cad77bd6d20015d5d320,per_c32eab6793ea96e588ca,100,CAMPOS ENRIQUE GABRIEL,CAMPOS ENRIQUE GABRIEL
per_d16eab3b33ff9c096621,per_09e85a299510f5236adb,100,CAMPOS JORGE,CAMPOS JORGE
per_07acc24ce95e43d7002c,per_42c0262cbe43bbac93e7,100,CAMPOS ORIA MARCELO,CAMPOS ORIA MARCELO
per_91084011b49157d46c57,per_7f51e46102705737d725,100,CAMPOS PORRO ALFREDO,PORRO CAMPOS ALFREDO
per_d090b877a3c4de8f5a89,per_1797403ec76faac3f112,100,CAMPOY MARCELO,PEIS GASTON CAMPOY MARCELO
per_ff3cbe997ecdb5d6bf68,per_a535314a8bf0d6d3f1af,100,CAMPS MARTIN,CAMPS MARTIN
per_9f25febf404eaa8f4645,per_88c27214e7ccf4f990c6,100,CAN KANADOGLU,SABIH CAN KANADOGLU
per_e684ee9d16535d85f3d8,per_0d9cd5aae90383d3671c,100,CANADA CARLOS ARMELLINO HUGO MARIA ELENA MAZZANTINI,MARIA ELENA MAZZANTINI
per_5dfc85aabd31fc71b4dc,per_735f7412c463ecd34365,100,CANADA MARIELA,CANADA MARIELA ORELLA MAURO EZEQUIEL PENA MARISOL
per_735f7412c463ecd34365,per_eae88c2a486d46f1e680,100,CANADA MARIELA ORELLA MAURO EZEQUIEL PENA MARISOL,PENA MARISOL
per_400193919ba1471701e7,per_158149c59bfda011f79c,100,CANCELARE ALEJANDRO,CANCELARE ALEJANDRO
per_5fefde3ab24cf0692408,per_3ba3f7ab505ccf926301,100,CANEPA JUAN IGNACIO,IGNACIO
per_7dfc3ab1e9880d4979f3,per_fbfe1cdffc53148d7ce4,100,CANO KIARA,CANO KIARA
per_a73b85809a2a3f26e0fa,per_93fc6909ff5566115626,100,CANO VALERIA,CANO VALERIA
per_c572ff704b71faef4f7b,per_452015aaf23cb459c5cf,100,CANTANDO BIANCHINI MAURICIO,CANTANDO MAURICIO
per_95ea05d512d74ab53bda,per_5eeb3115d79a8b4b0d0f,100,CANTERO SILVINA,CANTERO SILVINA
per_95ea05d512d74ab53bda,per_b19fabc42931b708eb76,100,CANTERO SILVINA,EMANUEL CESPEDE CANTERO SILVINA
per_5eeb3115d79a8b4b0d0f,per_b19fabc42931b708eb76,100,CANTERO SILVINA,EMANUEL CESPEDE CANTERO SILVINA
per_85b327f79c427bda0115,per_7fe2b9022f3bbe7eb413,100,CANTEROS GUSTAVO JESUS ADOLFO,CANTEROS GUSTAVO JESUS ADOLFO
per_2f526e8f08699f3fef6f,per_264d8783ccac8a292bae,100,CANTU RAMACIOTTI MARIA,CANTU RAMACIOTTI MARIA
per_a2fd194ca19feed762cf,per_f9b6a70c8ea8d203fecb,100,CAPELLO NORA,CAPELLO NORA
per_a4e3104a59fb67229c3c,per_38164a962b018e2bad93,100,CAPOZZI SERGIO,CAPOZZI SERGIO
per_0e78660ebeef2373a16d,per_c8313c417d6048922a88,100,CAPRIA JUAN IGNACIO,CAPRIA JUAN IGNACIO
per_0e78660ebeef2373a16d,per_3ba3f7ab505ccf926301,100,CAPRIA JUAN IGNACIO,IGNACIO
per_c8313c417d6048922a88,per_3ba3f7ab505ccf926301,100,CAPRIA JUAN IGNACIO,IGNACIO
per_c0634e5d0f89c6392479,per_c773302cb75144c00775,100,CAPUSSELLI PABLO,CAPUSSELLI PABLO
per_631f5d8d383f3024b189,per_c00f7c6d1d4cbdcc15dc,100,CAPUTO ANDRES,CAPUTO LUIS ANDRES
per_631f5d8d383f3024b189,per_87792149cdd402abf7ad,100,CAPUTO ANDRES,CAPUTO LUIS ANDRES
per_631f5d8d383f3024b189,per_cc34fb24238bd623f0e6,100,CAPUTO ANDRES,JAIME ANA MARIA CAPUTO LUIS ANDRES
per_bac03f53ebdac2cfb6bc,per_7e5696ff6cb2e2186855,100,CAPUTO FRANSISCO JAVIER,CAPUTO FRANSISCO JAVIER
per_a95145237ac3a3303cc8,per_6f0603d74fbfc9266274,100,CAPUTO LUIS,CAPUTO LUIS
per_c00f7c6d1d4cbdcc15dc,per_87792149cdd402abf7ad,100,CAPUTO LUIS ANDRES,CAPUTO LUIS ANDRES
per_c00f7c6d1d4cbdcc15dc,per_cc34fb24238bd623f0e6,100,CAPUTO LUIS ANDRES,JAIME ANA MARIA CAPUTO LUIS ANDRES
per_87792149cdd402abf7ad,per_cc34fb24238bd623f0e6,100,CAPUTO LUIS ANDRES,JAIME ANA MARIA CAPUTO LUIS ANDRES
per_e2a4ad6a4021a5bc3bbf,per_2d64d7ec3c07323c326f,100,CAPUTO LUIS ANDRES SCHIAVI ALEJANDRO,SCHIAVI ALEJANDRO
per_e2a4ad6a4021a5bc3bbf,per_0c28a34d6911b0c9826e,100,CAPUTO LUIS ANDRES SCHIAVI ALEJANDRO,SCHIAVI ALEJANDRO
per_efaea0a5f564685c9709,per_2198dc6e1ef81b91d286,100,CAPUTO LUIS SISER PATRICIA,SISER PATRICIA
per_efaea0a5f564685c9709,per_5427853b4f85e997ca93,100,CAPUTO LUIS SISER PATRICIA,SISER PATRICIA
per_efaea0a5f564685c9709,per_4cacca80106092f52b1f,100,CAPUTO LUIS SISER PATRICIA,SISER PATRICIA
per_3f1396e01e69dfe33ff7,per_16271ded5578c90f4135,100,CAPUTO NICOLAS,CAPUTO NICOLAS
per_ffc7769298cb288da99e,per_69cce0d96e8226a704da,100,CAPUTO SANTIAGO,CAPUTO SANTIAGO
per_ffc7769298cb288da99e,per_02a5b7ae16a04cf59852,100,CAPUTO SANTIAGO,GRILLO NICOLAS CAPUTO SANTIAGO
per_69cce0d96e8226a704da,per_02a5b7ae16a04cf59852,100,CAPUTO SANTIAGO,GRILLO NICOLAS CAPUTO SANTIAGO
per_ffc7769298cb288da99e,per_fdabcfe07e50b5843d70,100,CAPUTO SANTIAGO,HADIDIAN REGINA ANA CAPUTO SANTIAGO
per_69cce0d96e8226a704da,per_fdabcfe07e50b5843d70,100,CAPUTO SANTIAGO,HADIDIAN REGINA ANA CAPUTO SANTIAGO
per_ffc7769298cb288da99e,per_5cc257e29ac1ac31a04e,100,CAPUTO SANTIAGO,LABORDA GUILLERMO CAPUTO SANTIAGO
per_69cce0d96e8226a704da,per_5cc257e29ac1ac31a04e,100,CAPUTO SANTIAGO,LABORDA GUILLERMO CAPUTO SANTIAGO
per_ffc7769298cb288da99e,per_7a5b6cb95103d412a02a,100,CAPUTO SANTIAGO,LAVIGNE PABLO CAPUTO SANTIAGO
per_69cce0d96e8226a704da,per_7a5b6cb95103d412a02a,100,CAPUTO SANTIAGO,LAVIGNE PABLO CAPUTO SANTIAGO
per_ffc7769298cb288da99e,per_a508e3ed9e42b967bd9a,100,CAPUTO SANTIAGO,MAZZIERI TOMAS OCTAVIO CAPUTO SANTIAGO
per_69cce0d96e8226a704da,per_a508e3ed9e42b967bd9a,100,CAPUTO SANTIAGO,MAZZIERI TOMAS OCTAVIO CAPUTO SANTIAGO
per_ffc7769298cb288da99e,per_7f361cc7008faf069fca,100,CAPUTO SANTIAGO,RANDLE TOMAS CAPUTO SANTIAGO
per_69cce0d96e8226a704da,per_7f361cc7008faf069fca,100,CAPUTO SANTIAGO,RANDLE TOMAS CAPUTO SANTIAGO
per_1e7a244824a425edd0f0,per_03a1f4967fa5b196e5ea,100,CAPUTO SANTIAGO CHINI MARIANO,CHINI MARIANO
per_4ec210e9fd7b227ef0fb,per_171bb7131c81ac6f6aa7,100,CAPUTO SANTIAGO CORREA LLANO FACUNDO,CORREA LLANO FACUNDO
per_4ec210e9fd7b227ef0fb,per_c0903d39aaabe5ccae1e,100,CAPUTO SANTIAGO CORREA LLANO FACUNDO,CORREA LLANO FACUNDO
per_16c675372a3db435c757,per_33e448ae4784e83e1473,100,CAPUTO SANTIAGO GUIDO CARELLI,GUIDO CARELLI
per_16c675372a3db435c757,per_f1f4bc5b2a86e2d472a2,100,CAPUTO SANTIAGO GUIDO CARELLI,GUIDO CARELLI
per_16c675372a3db435c757,per_feeb9bfa581123bf165b,100,CAPUTO SANTIAGO GUIDO CARELLI,SANTIAGO CAPUTO
per_9afabce8bc8496e984f5,per_0d9cd5aae90383d3671c,100,CAPUTO SANTIAGO MARIA ELENA MAZZANTINI,MARIA ELENA MAZZANTINI
per_dee2aba62d75175c2352,per_3d523b6484cbb056b427,100,CAPUTO SANTIAGO OLIVAREZ MARIA ALEJANDRA,OLIVAREZ MARIA ALEJANDRA
per_bf13354be220e1945430,per_9d061ea53b8e34e311ca,100,CAPUTO SANTIAGO SUJODONE RODRIGO,SUJODONE RODRIGO
per_e4c565b2a72130768bd3,per_35e0a52f348a24314a99,100,CARACOCH MARIA,CARACOCH MARIA
per_39fbf24f788bbc9941cd,per_d1bbe6cde4dabf343721,100,CARBALLO ROMINA MELANIE,CARBALLO ROMINA MELANIE
per_f6a2e1e63d71833aca0d,per_11f78f3f65ffca2a6803,100,CARBONARI CARLOS LUIS,CARBONARI CARLOS LUIS
per_7becf0a8653fdbed6de1,per_3ba3f7ab505ccf926301,100,CARCEDO GUIDO IGNACIO,IGNACIO
per_1f93850d0d67543ee8ec,per_59f104cdf2ee3fc0611c,100,CARDENAS CHRISTIAN,CARDENAS CHRISTIAN
per_f23cf025129b2b0d4233,per_27c6834b50fd0986a51e,100,CARDENAS ROCIO SOLEDAD,CARDENAS ROCIO SOLEDAD
per_701a0b348873369d3335,per_3ba3f7ab505ccf926301,100,CARDINI JAVIER IGNACIO,IGNACIO
per_d2a5d60c659a322ea55a,per_b3cb38a8b57a58174f96,100,CARILLO MELINA,CARILLO MELINA
per_cbebf1a3f2d9350a9927,per_a4709d358c9648d0737c,100,CARINA MITAR,CARINA MITAR
per_cce36970df3c41f0d5a5,per_5fc5531ff2f4bdf3574d,100,CARISTIA BRIAN ALEXIS,CARISTIA BRIAN ALEXIS
per_9390aa148215823249fa,per_22b3e604eeff3e870877,100,CARLANIAN CARLA ROMINA,CATALAN LISANDRO CARLANIAN CARLA ROMINA
per_802f2940d0f6fa0b064c,per_1a6f2bcda160b5546b83,100,CARLINI LOPEZ LEONEL,CARLINI LOPEZ LEONEL
per_2b69d475ce902e77c092,per_54e370621f90c60816a6,100,CARLOS ALBERTO,CAROSIA CARLOS ALBERTO
per_2b69d475ce902e77c092,per_0e607b344136a10f070e,100,CARLOS ALBERTO,CARUGNO CARLOS ALBERTO
per_2b69d475ce902e77c092,per_d807722049e08f28ac29,100,CARLOS ALBERTO,CASTILLA CARLOS ALBERTO
per_2b69d475ce902e77c092,per_1f7df770434cff4cb979,100,CARLOS ALBERTO,CHOCANO BURGA CARLOS ALBERTO
per_2b69d475ce902e77c092,per_e30cb8c36357fbee240a,100,CARLOS ALBERTO,DESTEFANO CARLOS ALBERTO
per_2b69d475ce902e77c092,per_38441dd7d3cf2e73eb69,100,CARLOS ALBERTO,DI PALMA CARLOS ALBERTO
per_2b69d475ce902e77c092,per_185d59f2893ff42a4779,100,CARLOS ALBERTO,DINER CARLOS ALBERTO
per_2b69d475ce902e77c092,per_c438057fa99fa3f5d5f6,100,CARLOS ALBERTO,FERNANDEZ CARLOS ALBERTO
per_2b69d475ce902e77c092,per_655faf5d92a56bb96a5c,100,CARLOS ALBERTO,GARABENTA CARLOS ALBERTO
per_2b69d475ce902e77c092,per_fbba7a0ed528e22cbf76,100,CARLOS ALBERTO,GONZALEZ CARLOS ALBERTO
per_2b69d475ce902e77c092,per_87cf64800eaeb815a168,100,CARLOS ALBERTO,GUGLIANONE CARLOS ALBERTO
per_2b69d475ce902e77c092,per_6e61afc94614c881d208,100,CARLOS ALBERTO,MONTALENTI CARLOS ALBERTO
per_2b69d475ce902e77c092,per_de9306d6add93499407b,100,CARLOS ALBERTO,PEREZ BRIONES CARLOS ALBERTO
per_2b69d475ce902e77c092,per_518c5ca9d0d542df8e79,100,CARLOS ALBERTO,PRESTI CARLOS ALBERTO
per_2b69d475ce902e77c092,per_3d9a1fce63d19013b2c3,100,CARLOS ALBERTO,ROMO CARLOS ALBERTO
per_2b69d475ce902e77c092,per_84e8d92c5f69c856a309,100,CARLOS ALBERTO,SAN JUAN CARLOS ALBERTO
per_2b69d475ce902e77c092,per_ab9e9ad27473c2b1340d,100,CARLOS ALBERTO,SANABRIA CARLOS ALBERTO
per_2b69d475ce902e77c092,per_9b54d35f538ab9369870,100,CARLOS ALBERTO,TAVELLA CARLOS ALBERTO
per_2b69d475ce902e77c092,per_a2f3f111aa74fb3daf3d,100,CARLOS ALBERTO,TERRADO CARLOS ALBERTO
per_2b69d475ce902e77c092,per_8d3b68685322fece42e9,100,CARLOS ALBERTO,TONELLI BANFI CARLOS ALBERTO
per_2b69d475ce902e77c092,per_2642ebc97b576514ee13,100,CARLOS ALBERTO,VODOVOSOFF CARLOS ALBERTO
per_d465b04151834bfc309c,per_42ae8ba46614b6350d19,100,CARMONA MARIA,CARMONA MARTINEZ MARIA
per_42ae8ba46614b6350d19,per_24b9cb8784131e4a8179,100,CARMONA MARTINEZ MARIA,MARTINEZ MARIA
per_7fcc03e98717dafda7b4,per_00d66a184117b09e60a1,100,CARNIERO GUSTAVO,CARNIERO GUSTAVO
per_430f7971b06af7ae81f3,per_a9453e119dffebfa9081,100,CARO ALEJANDRA,CARO PABLO EZEQUIEL SERVENTI MARIA ALEJANDRA
per_651c877eca3735f9394b,per_d43d297d5545165ff81e,100,CARO PABLO EZEQUIEL,CARO PABLO EZEQUIEL
per_651c877eca3735f9394b,per_569a86417c4906a0ce01,100,CARO PABLO EZEQUIEL,MUSLERA LARCADE JULIO CARO PABLO EZEQUIEL
per_d43d297d5545165ff81e,per_569a86417c4906a0ce01,100,CARO PABLO EZEQUIEL,MUSLERA LARCADE JULIO CARO PABLO EZEQUIEL
per_2f58981cf7028836e42d,per_8e7716656e0733f5da51,100,CARO PABLO EZEQUIEL GUZMAN HUGO ALEJANDRO,GUZMAN ALEJANDRO
per_2f58981cf7028836e42d,per_2395903ef9dc04d99921,100,CARO PABLO EZEQUIEL GUZMAN HUGO ALEJANDRO,GUZMAN HUGO ALEJANDRO
per_2f58981cf7028836e42d,per_a4ba28c979ba8e7efff8,100,CARO PABLO EZEQUIEL GUZMAN HUGO ALEJANDRO,GUZMAN HUGO ALEJANDRO
per_3f1d13575a466e284225,per_02984b2374381df0dba6,100,CARO PABLO EZEQUIEL LAGO MARCELA NOEMI,LAGO MARCELA NOEMI
per_93804c6974f320d81ff0,per_5b7eb0cb2495e6ff0edc,100,CARO PABLO EZEQUIEL MATIAS VIRGINIA,MATIAS VIRGINIA
per_93804c6974f320d81ff0,per_d6fb31209dd4e0d56a2f,100,CARO PABLO EZEQUIEL MATIAS VIRGINIA,MATIAS VIRGINIA
per_24a7e1cf72484209217b,per_a97f4ac98b5c9bbc8b41,100,CARO PABLO EZEQUIEL PEREZ HEREDIA SILVINA,PEREZ HEREDIA SILVINA
per_24a7e1cf72484209217b,per_d55f3385e5a32d6a5f46,100,CARO PABLO EZEQUIEL PEREZ HEREDIA SILVINA,PEREZ HEREDIA SILVINA
per_24a7e1cf72484209217b,per_45acbf21a879cfdf1df9,100,CARO PABLO EZEQUIEL PEREZ HEREDIA SILVINA,PEREZ SILVINA
per_2b0d91b62d6c4d8fd253,per_3daf176236fac1718408,100,CARO PABLO EZEQUIEL SERENELLINI EDUARDO SANTIUSTE LEONARDO,SANTIUSTE LEONARDO
per_2b0d91b62d6c4d8fd253,per_21e2c30a6464bdebbcd8,100,CARO PABLO EZEQUIEL SERENELLINI EDUARDO SANTIUSTE LEONARDO,SANTIUSTE LEONARDO
per_a9453e119dffebfa9081,per_35e37a1a6fcaead5a8a1,100,CARO PABLO EZEQUIEL SERVENTI MARIA ALEJANDRA,SERVENTI ALEJANDRA
per_a9453e119dffebfa9081,per_46f5607302db3fdf1c2b,100,CARO PABLO EZEQUIEL SERVENTI MARIA ALEJANDRA,SERVENTI MARIA ALEJANDRA
per_a9453e119dffebfa9081,per_48700c9158ef78e5e3fe,100,CARO PABLO EZEQUIEL SERVENTI MARIA ALEJANDRA,SERVENTI MARIA ALEJANDRA
per_a9453e119dffebfa9081,per_49adc6fc6e84543f092e,100,CARO PABLO EZEQUIEL SERVENTI MARIA ALEJANDRA,SERVENTI MARIA ALEJANDRA
per_2b904142da45873317b3,per_ae83a05444d817340789,100,CARO PABLO EZEQUIEL SUSANA CAVALLINI,SUSANA CAVALLINI
per_aae82215dee3873bd944,per_e0b6d7f05969795df26c,100,CARONI FEDERICO EZEQUIEL,FEDERICO EZEQUIEL
per_f9f7428547c6a587bc9d,per_39e13fb0ceba23dfe5e8,100,CARPENA NICOLAS,CARPENA NICOLAS
per_f5d6e1e9d494c5479f98,per_80663acbf5acc9c7a2a3,100,CARRANCIO ALEJANDRO,CARRANCIO ALEJANDRO
per_5e63be2bfceec9efca09,per_38b143831fa462318a20,100,CARRANZA GUILLERMO DAVID,CARRANZA GUILLERMO DAVID
per_49c9629e929cb9fa1702,per_37a8e5f8e162fc407e75,100,CARRASCO LUCIANA,CARRASCO MARIA LUCIANA
per_3161e0233368c1ab607f,per_7918b4f7c084ab5c37ce,100,CARRASCO LUIS ALFREDO,CARRASCO LUIS ALFREDO
per_12f64c2f4bea9e42867d,per_bc36f3fd7251513c7cbc,100,CARRASCO MARIA,CARRASCO MARIA
per_60f9e70a5d8010d0dfe1,per_6749268fd3807c15ba9e,100,CARRASCO MATIAS FABIAN,CARRASCO MATIAS FABIAN
per_9436d9f49d3316ff82bc,per_09f2a30ee16fffef50ed,100,CARRERAS SILVINA MARCELA,CARRERAS SILVINA MARCELA
per_2245e89244e89e41cf4d,per_b15ca6a4a35f56477c4e,100,CARRILLO LUIS FELIPE,CARRILLO LUIS FELIPE
per_a4e2129b2bd7c78a5878,per_544b590d4e71aa20f37a,100,CARRIZO ANA CARLA,CARRIZO CARLA
per_4685f45beb2e9879a432,per_e96042361d2e3b7ddec3,100,CARRIZO ENRIQUE,CARRIZO ENRIQUE
per_dcb541b0ac6ab9dfdbef,per_ce06082f75de3aa20264,100,CARRIZO MARIA SOLEDAD,CARRIZO MARIA SOLEDAD
per_a7a5fe91846007954008,per_078dd27346a3969feb67,100,CARRIZO ROCIO ANABEL,CARRIZO ROCIO ANABEL
per_410399fe69a3fbce1e3b,per_ca8b77476e5f14e0bece,100,CARUSO PABLO,CARUSO PABLO
per_c72d46cfc9c2bc1487af,per_5738b88d8be14976a7eb,100,CARUSSO CARLOS HERNAN,CARUSSO CARLOS HERNAN
per_624dec88bdd11f1ca4d1,per_3d007996e2ff762cf11e,100,CASADO HEBE SILVINA,CASADO HEBE SILVINA
per_cd90dcbcef62b4552d6d,per_f2991d5baaedb0dc7071,100,CASAL EDUARDO EZEQUIEL,CASAL EDUARDO EZEQUIEL
per_135c7b2c965de4ad425a,per_dbb9788a609d4cb57c2a,100,CASAL VICTORIA,GRILLONE PABLO CASAL VICTORIA
per_c302132617db8153a8ee,per_64382203a75afb1d1203,100,CASANOVAS JUAN MANUEL,JUAN MANUEL
per_1062316acf6aed9fe1e2,per_8aaae3a08b5ff4d3b7ce,100,CASARES CARLOS ALBERTO MARIA,CASARES CARLOS ALBERTO MARIA
per_c2f3d89fb4b97716e46e,per_9dbfc788abc5434cb510,100,CASARES RICARDO,CASARES RICARDO
per_74a20ed11b5189be6fec,per_7cd7b35fdefbf149b561,100,CASARI ROBERTO,CASARI ROBERTO
per_17bf76c005915b4c3a20,per_3ba3f7ab505ccf926301,100,CASASOLA IGNACIO,IGNACIO
per_11ade1c700391cb1f18f,per_cc88d749209ea2cc3e34,100,CASAUX ALSINA JACINTA,CASAUX ALSINA JACINTA
per_ab71cc784d5865509a1e,per_f9c48ca16498f2f02036,100,CASAUX ALSINA SANTIAGO,CASAUX ALSINA SANTIAGO
per_88987ef43f3d2f8dedc0,per_871d00f7f34e47ea6a54,100,CASCALLARES MARIANO,CASCALLARES MARIANO
per_55f0e4151a68e97a15bf,per_81117f2f9778e468fa2b,100,CASCARDO MARIA ISABEL,CASCARDO RENTA MARIA ISABEL
per_867732f867c95fc6b74c,per_5894820193b51908963a,100,CASEIRO FEDERICO,CASEIRO FEDERICO
per_528da25dba10f4e8cd62,per_0b45584b45b84fc5d317,100,CASROUGE LUDOVIC,CASROUGE LUDOVIC
per_2d8ebbfa08a9cfdce801,per_fe8df24d231bc0966ea9,100,CASSANI MIGUEL ANGEL,MIGUEL ANGEL
per_788d7206c8014e1519a7,per_4e5571ee836405c9398b,100,CASSINO MARCELO,CASSINO MARCELO
per_c1b87a45e0c5c5d00e83,per_e2532647d9c9ae4d15e5,100,CASTAGNANI CARLOS,CASTAGNANI CARLOS
per_586de146226dd5ad1405,per_b39bfaf9d9109ed58e0e,100,CASTAGNELLO DANTE EZEQUIEL,CASTAGNELLO DANTE EZEQUIEL
per_6abd3a690568584f02c2,per_69ab3c864966a6871524,100,CASTAGNINO GUSTAVO,CASTAGNINO GUSTAVO
per_c7b472c61d357700e330,per_d06a3c437ad6f5265171,100,CASTANO PEDRO MIGUEL,CASTANO PEDRO MIGUEL
per_2bec2282b49a7df35d9d,per_61eca065115360636ddc,100,CASTANON ALFREDO,CASTANON ALFREDO
per_58f0af1dd1ab2fc8f86b,per_6a425c2701d50f4afbba,100,CASTELNUOVO GISELLE,CASTELNUOVO GISELLE
per_42c33ab43203fd670bda,per_56d7e67cd8925f23fc5e,100,CASTILLO FABIAN XAVIER,CASTILLO FABIAN XAVIER
per_f0a428cc8ffe8b12bd81,per_164c3fba4f5e36b8a32f,100,CASTRO ARCE MARIA,CASTRO MARIA
per_2353b4b77a7362267af8,per_9dc1db41833440510af9,100,CASTRO ENRIQUE,CASTRO PEREZ ENRIQUE
per_9cf3bf9729f7a736b8a0,per_7a7cd50835a623cce993,100,CASTRO JOHANNA CINTHIA,CASTRO JOHANNA CINTHIA
per_0899ba6660e1fa1db20b,per_43d600b44c1191faee00,100,CASTRO MANUELA,CASTRO MANUELA
per_164c3fba4f5e36b8a32f,per_d0214df05a2523e78508,100,CASTRO MARIA,CASTRO MARIA VICTORIA MENEM EDUARDO MARIA ELENA MAZZANTINI
per_164c3fba4f5e36b8a32f,per_ae6c3ab72d84207f5450,100,CASTRO MARIA,SAVINA LO CASTRO MARIA
per_2013bdcc66869d816591,per_7bc4fc7236fa9dadbd98,100,CASTRO MARIA VICTORIA,CASTRO MARIA VICTORIA
per_2013bdcc66869d816591,per_0beb36d3ee8fa8d70775,100,CASTRO MARIA VICTORIA,CASTRO VICTORIA
per_7bc4fc7236fa9dadbd98,per_0beb36d3ee8fa8d70775,100,CASTRO MARIA VICTORIA,CASTRO VICTORIA
per_2013bdcc66869d816591,per_fdf4c58c1a2ec0393b18,100,CASTRO MARIA VICTORIA,GONZALEZ DANIEL CASTRO MARIA VICTORIA
per_7bc4fc7236fa9dadbd98,per_fdf4c58c1a2ec0393b18,100,CASTRO MARIA VICTORIA,GONZALEZ DANIEL CASTRO MARIA VICTORIA
per_2013bdcc66869d816591,per_f8ffef2c5cf6409fbe7e,100,CASTRO MARIA VICTORIA,IBARZABAL MURPHY MARIA CASTRO MARIA VICTORIA
per_7bc4fc7236fa9dadbd98,per_f8ffef2c5cf6409fbe7e,100,CASTRO MARIA VICTORIA,IBARZABAL MURPHY MARIA CASTRO MARIA VICTORIA
per_d0214df05a2523e78508,per_0d9cd5aae90383d3671c,100,CASTRO MARIA VICTORIA MENEM EDUARDO MARIA ELENA MAZZANTINI,MARIA ELENA MAZZANTINI
per_9253619a31b9b0c12333,per_de5ab0487e46b2c26bbe,100,CASTRO MEDINA LUIS,MEDINA LUIS
per_9253619a31b9b0c12333,per_1715cab0a42425494671,100,CASTRO MEDINA LUIS,MEDINA LUIS
per_bb6a550caf03a1892da6,per_b956005f4a8d95fb29a1,100,CASTRO PICCOLO SANTIAGO,CASTRO PICCOLO SANTIAGO
per_e183015328e69000428c,per_9d61d09882e64b397cbc,100,CASTRO STELLA MARIS,CASTRO STELLA MARIS
per_9ae92d5df55f6079fab6,per_239dba8d84f827f887de,100,CASTRO VERONICA,CASTRO VERONICA
per_0beb36d3ee8fa8d70775,per_fdf4c58c1a2ec0393b18,100,CASTRO VICTORIA,GONZALEZ DANIEL CASTRO MARIA VICTORIA
per_0beb36d3ee8fa8d70775,per_f8ffef2c5cf6409fbe7e,100,CASTRO VICTORIA,IBARZABAL MURPHY MARIA CASTRO MARIA VICTORIA
per_ad2a6cac10b3272f6afb,per_013779495add7f92a42c,100,CASTRO VIDELA SANTIAGO,VIDELA SANTIAGO
per_875cb4520d5943876f16,per_b17055a14ada5bff8752,100,CASTRO WALTER,CASTRO WALTER WALTER
per_36a652fdcdc6e65be29f,per_76e5f6b60834c3d01b37,100,CATALAN JUAN MANUEL,CATALAN JUAN MANUEL
per_36a652fdcdc6e65be29f,per_64382203a75afb1d1203,100,CATALAN JUAN MANUEL,JUAN MANUEL
per_76e5f6b60834c3d01b37,per_64382203a75afb1d1203,100,CATALAN JUAN MANUEL,JUAN MANUEL
per_431df7a0f01238086deb,per_8e2861e6dab4e0f41f0f,100,CATALAN KARINA,MILEI JAVIER GERARDO CATALAN KARINA
per_fbd7621524f02dce47d9,per_abcd2effc98cb785e849,100,CATALAN LISANDRO,CATALAN LISANDRO
per_fbd7621524f02dce47d9,per_674f000c80b11bf95a68,100,CATALAN LISANDRO,LOPEZ SANTIAGO NICOLAS CATALAN LISANDRO
per_abcd2effc98cb785e849,per_674f000c80b11bf95a68,100,CATALAN LISANDRO,LOPEZ SANTIAGO NICOLAS CATALAN LISANDRO
per_fbd7621524f02dce47d9,per_0ae46feaef83ea291c07,100,CATALAN LISANDRO,PALLOTA MARIA INES CATALAN LISANDRO
per_abcd2effc98cb785e849,per_0ae46feaef83ea291c07,100,CATALAN LISANDRO,PALLOTA MARIA INES CATALAN LISANDRO
per_b72a14efae4e55147e97,per_9aa81d38abe0f326a107,100,CATALAN LISANDRO ETCHEBARNE BULLRICH AGUSTIN,ETCHEBARNE AGUSTIN
per_b72a14efae4e55147e97,per_423964dfc28eb03cf963,100,CATALAN LISANDRO ETCHEBARNE BULLRICH AGUSTIN,ETCHEBARNE BULLRICH AGUSTIN
per_8c68f1af86480879e827,per_ac47aa307290fff6b2c4,100,CATALAN LISANDRO MARCELO DANIEL CACERES,MARCELO CACERES
per_8c68f1af86480879e827,per_999fa00b0d1f7aec4cd3,100,CATALAN LISANDRO MARCELO DANIEL CACERES,MARCELO DANIEL CACERES
per_2d98ab73eb2861494d19,per_47ec3a46a960cddb04a6,100,CATALAN ROBERTO,CATALAN ROBERTO
per_f711ac1fec98d8451f96,per_8a0aebf19c1acac38839,100,CATALANI KARINA,CATALANI KARINA
per_122c6b51cf05ab95dea4,per_dd2f5ac80e8bcef8fcf8,100,CATALANO DANIEL,CATALANO DANIEL
per_4c1a54e6a0eec2481c4f,per_f5960d65b8c0b349e0b6,100,CATALANO MARIANA INES,CATALANO MARIANA INES
per_85e2ab9b1cf3478a92a3,per_681d2552665b17819736,100,CATALIN LUCAS,CATALIN MALIN LUCAS
per_85e2ab9b1cf3478a92a3,per_c6661aabcb990336a3e5,100,CATALIN LUCAS,CATALIN MALIN LUCAS
per_681d2552665b17819736,per_c6661aabcb990336a3e5,100,CATALIN MALIN LUCAS,CATALIN MALIN LUCAS
per_bbe2d053cf1731252a41,per_63ac0740f190ac174823,100,CATTANEO FLAVIO,CATTANEO FLAVIO
per_3ca18a63a395ab63bec2,per_3ba3f7ab505ccf926301,100,CATTONI IGNACIO,IGNACIO
per_d2e1339942c0cfd9233e,per_3e00fc244641aebc1d69,100,CAULO AGUSTIN,CAULO AGUSTIN
per_cb84fe0b3ed0c2260880,per_8980f90a40bc2a4bd68f,100,CAVALLERO HECTOR ENRIQUE,CAVALLERO HECTOR ENRIQUE
per_2029be6c54f84e3504a4,per_21ed52c870adb43afb78,100,CAVALLINI SUSANA,MACCHI MARIA RIOS PAOLA CAVALLINI SUSANA
per_2029be6c54f84e3504a4,per_9c2aae6c6442003b962b,100,CAVALLINI SUSANA,SIRI MARIA FLORENCIA VILA JOSE LUIS CAVALLINI SUSANA
per_33b64b24d73331e61c5c,per_cb3b884a9f4a858a2093,100,CAVALLINI SUSANA RIOS PAOLA SIRI MARIA FLORENCIA,RIOS PAOLA SIRI MARIA FLORENCIA
per_33b64b24d73331e61c5c,per_83bdcf1e872e100754e8,100,CAVALLINI SUSANA RIOS PAOLA SIRI MARIA FLORENCIA,SIRI FLORENCIA
per_33b64b24d73331e61c5c,per_4a7a26ee0f84471f12df,100,CAVALLINI SUSANA RIOS PAOLA SIRI MARIA FLORENCIA,SIRI MARIA FLORENCIA
per_33b64b24d73331e61c5c,per_10e6d554eb00e6ba546c,100,CAVALLINI SUSANA RIOS PAOLA SIRI MARIA FLORENCIA,SIRI MARIA FLORENCIA
per_7240820abe468f25a512,per_22cf97c2d6713246bb13,100,CAZANABE MARIO,CAZANABE MARIO
per_190f8ef219e77517535c,per_f5e3bd74b255221211c6,100,CAZON FERNANDO,CAZON FERNANDO
per_cb3ae8592eec3c4af730,per_08cd9cdbf2d82ee6d4eb,100,CEBALLOS RAMIREZ SILVINA,CEBALLOS RAMIREZ SILVINA
per_0c4400332844d03d7691,per_d4ea15b77c80f1ad8f41,100,CEBRERO ROLANDO FABIANAN,CEBRERO ROLANDO FABIANAN
per_d3a8e972cf92f5d9ed24,per_d27260480440c1d132c8,100,CEBRON JUAN IGNACIO,CEBRON JUAN IGNACIO
per_d3a8e972cf92f5d9ed24,per_3ba3f7ab505ccf926301,100,CEBRON JUAN IGNACIO,IGNACIO
per_d27260480440c1d132c8,per_3ba3f7ab505ccf926301,100,CEBRON JUAN IGNACIO,IGNACIO
per_d245edd557c560a027ea,per_dc58d12f846758659dd3,100,CECILIA IMBROGNO,CECILIA IMBROGNO
per_a5b640f61ffbde685f2a,per_b18323480ebe3895a152,100,CEDRO LIMPEROPULO MARIA SOLEDAD,CEDRO MARIA SOLEDAD
per_5575d5d1bb55e8817e60,per_b18323480ebe3895a152,100,CEDRO LINPEROPULO MARIA SOLEDAD,CEDRO MARIA SOLEDAD
per_58a394318b14808f836b,per_ea76263857fb48f3e76a,100,CELERIER NAHUEL,CELERIER NAHUEL
per_58a394318b14808f836b,per_8c8bfe4d4d5752e10247,100,CELERIER NAHUEL,LOCKHART GUILLET FOSTER FORGIONE MARCELO CELERIER NAHUEL
per_ea76263857fb48f3e76a,per_8c8bfe4d4d5752e10247,100,CELERIER NAHUEL,LOCKHART GUILLET FOSTER FORGIONE MARCELO CELERIER NAHUEL
per_15f6a5f4ffc2d5ea2ae3,per_f409b69add79a83888d0,100,CELESTE CRISTIAN MAURICIO,CELESTE CRISTIAN MAURICIO
per_7359ef505758920efe51,per_4050761eb2080fb93de0,100,CELLA LUIS,CELLA LUIS
per_0bd296fc0a4c6b86da2a,per_3ba3f7ab505ccf926301,100,CELORRIO IGNACIO,IGNACIO
per_a8303eb30b2f8170065c,per_0ba706501de86ffc9c3e,100,CENTENO DIAZ SEBASTIAN MATIAS,CENTENO DIAZ SEBASTIAN MATIAS
per_88fb6e1818fe87208a8d,per_bee6dbbef8555ceb861e,100,CENTURION ROXANA,CENTURION ROXANA
per_6e87667af2856b09c551,per_39a0a2d3d4994434e555,100,CERDA GASTON DANIEL,CERDA GASTON DANIEL
per_0a8606626dfcb1146d60,per_fe8df24d231bc0966ea9,100,CERF MIGUEL ANGEL,MIGUEL ANGEL
per_17faa2b7fb96727e8785,per_fd04da35f888e6f1784f,100,CERQUEIRO FERNANDO,CERQUEIRO FERNANDO
per_ccf42a86a425763bfd6b,per_64382203a75afb1d1203,100,CERROTA JUAN MANUEL,JUAN MANUEL
per_83b23db54118c85fe18d,per_ea358f3feb3d92df6af4,100,CERRUTTI GABRIELA,CERRUTTI GABRIELA
per_a477992f5d7a564cfe3f,per_61be4a1a097965c01ee6,100,CERVELLINI MARIANO,CERVELLINI MARIANO
per_d2acb42820654aaf416e,per_56ad05b65590af05fd9d,100,CERVI PABLO,CERVI PABLO
per_fa2ebd91ee477837d6f2,per_8b058e2d3b356e88ee9c,100,CERVI PABLO ARIEL TOLABA TORRES DAMIAN,TORRES DAMIAN
per_fa2ebd91ee477837d6f2,per_61f87d0f253af31d1d61,100,CERVI PABLO ARIEL TOLABA TORRES DAMIAN,TORRES DAMIAN
per_41e894eaf4297d3b0bf4,per_8e1791115ac8643c8195,100,CESTAU DIEGO RAFAEL,CESTAU DIEGO RAFAEL
per_2054cc9ee9416153f804,per_c9ad81052429c4534656,100,CEVELA NICOLAS,CEVELA NICOLAS
per_04b4b38bbb9a98fc7705,per_51f90c29812da9dd5202,100,CHAGAS HERNAN,CHAGAS HERNAN
per_f9548b81d22819ad0750,per_befab99a622cd8b4a363,100,CHAHER DIEGO,CHAHER DIEGO
per_930b5775cf6032d48a8e,per_5dffa853ad016a0e820f,100,CHAHER DIEGO GONZALEZ MILGROS AGUSTINA,GONZALEZ AGUSTINA
per_930b5775cf6032d48a8e,per_3ae4786d92e54837a5ae,100,CHAHER DIEGO GONZALEZ MILGROS AGUSTINA,GONZALEZ MILGROS AGUSTINA
per_8eb15cb2adcb093d70db,per_ae46d5109087bf4f029e,100,CHAILE JORGE,CHAILE JORGE
per_0aec2b4adceccdc7dc4d,per_8acb58d307bfb83f9b4c,100,CHAMIA ROBERTO,CHAMIA ROBERTO
per_3c049121b21049beb5c9,per_03f51e95edd91ff13067,100,CHAPARRO GLORIA,CHAPARRO GLORIA
per_cd38674ed9bdb7269555,per_dd8118ec26246d71f951,100,CHASARRETA PAULA,CHASARRETA PAULA
per_cd38674ed9bdb7269555,per_ff6afec3b6199aaec13a,100,CHASARRETA PAULA,DANIELA TUFO BIANCO MAGALI JOHANNA CHASARRETA PAULA
per_dd8118ec26246d71f951,per_ff6afec3b6199aaec13a,100,CHASARRETA PAULA,DANIELA TUFO BIANCO MAGALI JOHANNA CHASARRETA PAULA
per_cd38674ed9bdb7269555,per_2d76c65efd00fc5f779c,100,CHASARRETA PAULA,PALLOTA MARIA INES CHASARRETA PAULA
per_dd8118ec26246d71f951,per_2d76c65efd00fc5f779c,100,CHASARRETA PAULA,PALLOTA MARIA INES CHASARRETA PAULA
per_de99ab1a50810a153560,per_3e8ab59e24ec32213ae5,100,CHAVARRIA BERTOLAMI MANUEL IGNACIO,CHAVARRIA MANUEL IGNACIO
per_de99ab1a50810a153560,per_3ba3f7ab505ccf926301,100,CHAVARRIA BERTOLAMI MANUEL IGNACIO,IGNACIO
per_5f9b0eabd6a97d53460c,per_3e8ab59e24ec32213ae5,100,CHAVARRIA BERTOLANI MANUEL IGNACIO,CHAVARRIA MANUEL IGNACIO
per_5f9b0eabd6a97d53460c,per_3ba3f7ab505ccf926301,100,CHAVARRIA BERTOLANI MANUEL IGNACIO,IGNACIO
per_3e8ab59e24ec32213ae5,per_3ba3f7ab505ccf926301,100,CHAVARRIA MANUEL IGNACIO,IGNACIO
per_22c7cb0e1088cb1126e2,per_35e37a1a6fcaead5a8a1,100,CHAVEZ MARCELO SERVENTI MARIA ALEJANDRA,SERVENTI ALEJANDRA
per_22c7cb0e1088cb1126e2,per_46f5607302db3fdf1c2b,100,CHAVEZ MARCELO SERVENTI MARIA ALEJANDRA,SERVENTI MARIA ALEJANDRA
per_22c7cb0e1088cb1126e2,per_48700c9158ef78e5e3fe,100,CHAVEZ MARCELO SERVENTI MARIA ALEJANDRA,SERVENTI MARIA ALEJANDRA
per_22c7cb0e1088cb1126e2,per_49adc6fc6e84543f092e,100,CHAVEZ MARCELO SERVENTI MARIA ALEJANDRA,SERVENTI MARIA ALEJANDRA
per_b8812a3c3345fdb66197,per_d600c5dbbb6c6750fb0f,100,CHAVEZ MARIANO SEBASTIAN,CHAVEZ MARIANO SEBASTIAN
per_601f15677f207386dff4,per_e93397d6500170ccb3cf,100,CHAVEZ MARIANO SEBASTIAN GONZALEZ TORRES LUCIANO,GONZALEZ TORRES LUCIANO
per_1672cb2892b1d956d9dd,per_798a64a30a59fad12791,100,CHAVEZ MARIANO SEBASTIAN LASANSKY MAXIMILIANO,LASANSKY MAXIMILIANO
per_3f6125a6763c5805ef8f,per_e3d555fbf6bf44387c89,100,CHAVEZ RODRIGUEZ FACUNDO HORACIO,CHAVEZ RODRIGUEZ FACUNDO HORACIO
per_7c92aa5392cf9504b2c3,per_e55258663f48c3254bb3,100,CHAZARRETA PATRICIO,CHAZARRETA PATRICIO
per_17b3bc799c722daa9c55,per_522e9c7eaa536f797bf6,100,CHEN MUNOZ CRISTINA MARIA,MUNOZ MARIA
per_f16335145e73999b80d9,per_8ced75d5b85456c2ed82,100,CHERVO LUIS,CHERVO LUIS
per_5207d800f61587863c37,per_d54149370f2918af4971,100,CHIAFFITELLI JAVIER,CHIAFFITELLI JAVIER
per_c53412917bdddb0b546a,per_24a0af77e54c8438d1cd,100,CHIAPPE BERISOO MANUEL,CHIAPPE BERISOO MANUEL
per_80fcdd2300fa1e3e8557,per_08faf3c698db1bb9b7ed,100,CHIAPPE SEBASTIAN,CHIAPPE SEBASTIAN
per_85cee5b600d001ae7d65,per_b517a9e2155c58ef30d6,100,CHICONI PATRICIA,CHICONI PATRICIA
per_a0221695db0aa9d4907e,per_fca6f48b54520993c121,100,CHIDIAK JOSE LUIS,CHIDIAK JOSE LUIS
per_7d3fedd102f657b1f09c,per_3fd837adca86f5b72afd,100,CHIESA ROMULO,CHIESA ROMULO
per_770f96244255c86055b9,per_4dc1005b7c3df626f59c,100,CHILLADO ADRIAN,CHILLADO ADRIAN
per_0b457a7738f9d53eab9e,per_c9e687b9721d269c007c,100,CHIRDO MARIA MARIANELA CRUZ,MARIANELA CRUZ
per_6b9ede491614cf6c9489,per_ed1a676a287404fdcc5d,100,CHIRILLO EDUARDO,RODRIGUEZ CHIRILLO EDUARDO
per_bff695329baa00d62bd8,per_2ff1aca1f0c8c76fa93d,100,CHIRINO ARIEL GUSTAVO,CHIRINO GUSTAVO
per_0f5e0910e8de8e214291,per_af7e779425aade037331,100,CHISTE SANDRA,CHISTE SANDRA
per_f79de9c229915e373ae8,per_9a6bf508bbfa62304e62,100,CHOLAKIAN MARIANO PAIER ANGELA,PAIER ANGELA
per_09a1253a934f4b015142,per_59f0dfefe55786e60b15,100,CHOUZA BACIGALUPO AGUSTINA,CHOUZA BACIGALUPO AGUSTINA
per_9afa5387640bcddecb37,per_a2d62ff65bb9049f2b4c,100,CHRISTIAN URTEAGA SANCHEZ,CHRISTIAN URTEAGA SANCHEZ
per_74136fef065dca7ea895,per_405a821f511a8efba0e7,100,CHURBA ISAAC,CHURBA ROBBERTO ISAAC
per_f4ba19a8408767157786,per_7bb81b604a71a37060aa,100,CIALLELLA CESAR,CIALLELLA CESAR
per_f3c8a7f8abef9d0ae6f5,per_a5f1a1126fc93262ef74,100,CIBRARO MAXIMILIANO,CIBRARO MAXIMILIANO
per_065f10a95aa6f7e30bc9,per_b92c32160a3258e0e3c6,100,CIBRARO MAXIMILIANO QUINTANA FERREIRA HILDA DEL CARMEN,QUINTANA FERREIRA HILDA DEL CARMEN
per_2d76809afd2a895e0343,per_61704fc51548244c5b65,100,CIBRARO MAXIMILIANO SERENELLINI EDUARDO,SERENELLINI EDUARDO
per_2d76809afd2a895e0343,per_144d05305dbcc2538a1a,100,CIBRARO MAXIMILIANO SERENELLINI EDUARDO,SERENELLINI EDUARDO
per_28e609c658efff07c780,per_3ba3f7ab505ccf926301,100,CICHELLO IGNACIO,IGNACIO
per_333a40e23e4e0e8cab9f,per_09ba5bc3468083f56748,100,CIFARELLI DIEGO,CIFARELLI DIEGO
per_4b69a7252cfef0478ef2,per_50f39343cfb78be52033,100,CIFELLI LEONARDO,CIFELLI LEONARDO
per_3bb771f34ab83a425a65,per_c7795b928aa5afc54374,100,CIMA HECTOR MANUEL,CIMA HECTOR MANUEL
per_6adec0cbaaa21145bf18,per_dd823ecc7d45985ce1d6,100,CIMATO EDUARDO HERNAN,CIMATO EDUARDO HERNAN
per_21b5007c34448f5e5254,per_1b8cad26e5b75da990d7,100,CINZANO ADRIAN,CINZANO ADRIAN
per_cfbeed40facf08c1215b,per_3967e24d8e888537acf1,100,CIOCCHINI PABLO,CIOCCHINI PABLO
per_cfbeed40facf08c1215b,per_3f69c0ab8a35f46631dd,100,CIOCCHINI PABLO,CUTTI CRISTIAN CIOCCHINI PABLO
per_3967e24d8e888537acf1,per_3f69c0ab8a35f46631dd,100,CIOCCHINI PABLO,CUTTI CRISTIAN CIOCCHINI PABLO
per_1749e9eb0d7843d532bb,per_affc892bfc5e82901293,100,CIOCCHINI PABLO LEONARDO DE AMBROSIO SANDRO,DE AMBROSIO SANDRO
per_414732349149ad8a4b29,per_fbb9d92137e6fb0351bb,100,CIOCCHINI PABLO POTA LUCIANA,POTA LUCIANA
per_fe9a3dfdc228f288f184,per_2a65447c45dd03ea275c,100,CIRULO LAGO CHIARA SERENA,CIRULO LAGO CHIARA SERENA
per_e5d2319451eb83033a03,per_64382203a75afb1d1203,100,CISNEROS JUAN MANUEL,JUAN MANUEL
per_5e104837aeb95ab2fcf9,per_3ba3f7ab505ccf926301,100,CLARK GUILLERMO IGNACIO,IGNACIO
per_282fbe23b37eeba3bf89,per_cc7829382a209edea5ac,100,CLARO MATIAS EZEQUIEL,CLARO MATIAS EZEQUIEL
per_dfcca1a420a1d1b4ced5,per_d77ae92589455717a3d4,100,CLAUDIO DARIO VILLARREAL,CLAUDIO DARIO VILLARREAL
per_90c8dcbfc9aa49bae04d,per_4b84f7c3019be9d66671,100,CLAUDIO RESUA SANCHEZ FERNADO,SANCHEZ FERNADO
per_4cb933896a3ab1215be6,per_47bd16a0b20732bb4858,100,CLEMENT LILIANA,CLEMENT LILIANA
per_06766ef8c6f666c1a525,per_baef0ca2a89058a355ea,100,COATZ DIEGO,COATZ DIEGO
per_7181ab86d0f761236458,per_64382203a75afb1d1203,100,COCCO JUAN MANUEL,JUAN MANUEL
per_b82ea181005def9c480b,per_e51433f5252d55c65bf3,100,COCERES,COCERES
per_4406a7147b426053d041,per_39174ad8dcb9ec90d113,100,COFINO LAURA,COFINO LAURA
per_e9398cfb41002f75b1fa,per_ad41983ffe7141ce2b48,100,COFONE SANTIAGO ARIEL,COFONE SANTIAGO ARIEL
per_fd8f901b73ee2beb91ca,per_e8aa7f31249e3b03be3d,100,COHEN DAVID,COHEN DAVID
per_545dee3c497178286148,per_62684295adb49851d112,100,COHEN JULIAN,COHEN JULIAN
per_600523cf6951714d403c,per_7359a34507f7bfd6dfd2,100,COHEN SAMUEL,COHEN SAMUEL
per_c6b320e9fd0bf6a4f9e8,per_fe8df24d231bc0966ea9,100,COLACE MIGUEL ANGEL,MIGUEL ANGEL
per_83dfbf29bd2e61d9525e,per_ea63b66207442683b0de,100,COLCHADO RICARDO GARCIA DAROCA TOMAS,GARCIA DAROCA TOMAS
per_83dfbf29bd2e61d9525e,per_21efea1eb204e32c73b9,100,COLCHADO RICARDO GARCIA DAROCA TOMAS,GARCIA DAROCA TOMAS
per_f528332c3a02b192fdd7,per_1c598b0c757a17b4d881,100,COLE ELEONORA,COLE ELEONORA
per_88a8f32bb75d1dda16d6,per_01306c93fa3f8b5c8ebb,100,COLELLA HECTOR,COLELLA HECTOR
per_8081d8afe51f64b1b91f,per_12f7ad24a90d64921f29,100,COLER CAROLINA,IBARZABAL MURPHY MARIA COLER CAROLINA
per_6a464b89dacf8b6a0958,per_0f44f5f9beb4de2253d6,100,COLLIA ALEJANDRO,COLLIA ALEJANDRO
per_6b87729060723e83f5cb,per_0f44f5f9beb4de2253d6,100,COLLIA ALEJANDRO,COLLIA ALEJANDRO
per_0857d37cc5f367c296cd,per_85d8bc2afb96039e9f7c,100,COLODENCO TAMARA,COLODENCO TAMARA
per_3b797418374f4a883679,per_338b0260f536a2c0d11b,100,COLOMBO ALEJANDRO,COLOMBO ALEJANDRO
per_bc86e82eec63b4615dd6,per_3ba3f7ab505ccf926301,100,COLOMBO JUAN IGNACIO,IGNACIO
per_253a5b9a35ee9c577fe8,per_da90ab98ea1a5e6d4eff,100,COLOMBO SILVINA,COLOMBO SILVINA
per_deeacffe9acfe4d51d16,per_7ba7563fb7b07c4c1dd1,100,COLOMBRES MERCEDES,CUTI CRISTIAN COLOMBRES MERCEDES
per_122b6631fc38ec53a933,per_f2875d2723cd28f280cb,100,COMADIRA GUILLERMO,COMADIRA GUILLERMO
per_17519257396468208a91,per_2c6d180f8574ef57d0f4,100,COMAN LAUTARO,COMAN LAUTARO
per_23b4e004077cd5d19485,per_4c6ecb4fef31015ec0db,100,COMAS MARTA,COMAS MARTA
per_9bfeda8a339222f36f5c,per_f7d1714c08fa93897bd8,100,COMETTO RAIMUNDO VALENTINO,RAIMUNDO VALENTINO
per_db9dcd0d7ec4419d15eb,per_57b52c429ad2127dcf13,100,COMINELLI MARIANO,COMINELLI MARIANO
per_50c43c2c5318688f1304,per_64382203a75afb1d1203,100,COMPTE JUAN MANUEL,JUAN MANUEL
per_2fa21b41ffc592d22256,per_074a10f3b97b24e22526,100,CONCHA DOMINGUEZ,CONCHA DOMINGUEZ
per_6949aa4579be5cb6cb38,per_e60c6cf7e7a3526a56aa,100,CONDE ALEJO,CONDE ALEJO
per_997ce20dd4f29e486d30,per_84efb757975269c7ff7e,100,CONDE MARIA,CONDE MAUGE MARIA
per_3c68ef99b6f246af42f0,per_fc6140b017a710b3f77f,100,CONDORI JIMENA,CONDORI LUCIANA JIMENA
per_e53c6e2004f3480863b8,per_e4340b1726e63cb1ce27,100,CONTARTESSI LENU MARIANA,CONTARTESSI LENU MARIANA
per_7cc49364898f1a00da7f,per_27371bd5f0672ef16b3f,100,CONTRERAS GARCIA CARLOS,GARCIA CARLOS
per_7cc49364898f1a00da7f,per_34ad47ab7b87f007684d,100,CONTRERAS GARCIA CARLOS,GARCIA CARLOS
per_7cc49364898f1a00da7f,per_15c03890cb7b19b7306c,100,CONTRERAS GARCIA CARLOS,GARCIA CARLOS
per_c34297ec56ecb5748fd3,per_1560d8256c347b401e4b,100,CONTRERAS GARCIA CARLOS DANIEL,GARCIA DANIEL
per_cc45395f8b8f1cd99b46,per_fe8df24d231bc0966ea9,100,CONTRERAS MIGUEL ANGEL,MIGUEL ANGEL
per_26a74eeb60f5fb797b08,per_5597e2d0c13e7e764ddd,100,COPAT LEONOR GABRIELA,COPAT LEONOR GABRIELA
per_84ace3ee28d96ebd625e,per_9e7b9471b276c813c195,100,COPELLO MARIA DEL PILAR,MARIA DEL PILAR
per_19ddfdd728a2fb116a12,per_2ec8afb43d9f4907802a,100,CORBALAN CARLA,CORBALAN CARLA
per_c1acc0ab312d7480d56a,per_bace5a4fe8cbdc04a0ee,100,CORCUERA SANTIAGO,CORCUERA SANTIAGO
per_51d02d9da0a3faddba89,per_f84f98aa6a1320452db1,100,CORDA RUBEN,CORDA RUBEN
per_80681f350f0f96391b00,per_16131e301b18b5ba6317,100,CORDERO GILDA,FRANCOS GUILLERMO CORDERO GILDA
per_80681f350f0f96391b00,per_715c91a38ff5d5a7ba5c,100,CORDERO GILDA,GERMAN NICOLAS CORDERO GILDA
per_80681f350f0f96391b00,per_de944481f31cdc95b7ce,100,CORDERO GILDA,MILEI KARINA CORDERO GILDA
per_80681f350f0f96391b00,per_3a8fef6ad5e0477f7296,100,CORDERO GILDA,RODRIGUEZ HUGO ANDRES CORDERO GILDA
per_80681f350f0f96391b00,per_166b245d4b4fd2aef206,100,CORDERO GILDA,VILA JOSE LUIS CORDERO GILDA
per_7c763400ee60caf7b1d6,per_30bf4bcd5e188b4f2a03,100,CORDERO JAVIER,CORDERO JULIO SANTURIO RODRIGUEZ SANTIAGO JAVIER
per_44ebc9bc072e84877133,per_ca665a7e341ee48d31a0,100,CORDERO JULIO,CORDERO JULIO
per_30bf4bcd5e188b4f2a03,per_40b21a760915f33cba6e,100,CORDERO JULIO SANTURIO RODRIGUEZ SANTIAGO JAVIER,SANTURIO RODRIGUEZ SANTIAGO JAVIER
per_30bf4bcd5e188b4f2a03,per_cec8179c00102a5190d8,100,CORDERO JULIO SANTURIO RODRIGUEZ SANTIAGO JAVIER,SANTURIO RODRIGUEZ SANTIAGO JAVIER
per_8156d4e3dfa8c02c45b5,per_74fd224b2a484edd011a,100,CORDERO MARIA JULIA,CORDERO MARIA JULIA
per_b74d90c4f65c98999870,per_5da48cb4d06098efe9e1,100,CORDOBA NATALIA,CORDOBA NATALIA
per_4786664dea2acafba599,per_7d702206623ac1e0a2ec,100,CORETTI MARIELA,CORETTI MARIELA
per_f896e81c73d61860ed67,per_b29bada06aef4e5d4835,100,CORIA VERONICA GABRIELA SILVA FABIAN,SILVA FABIAN
per_eb49537666a9bbce9838,per_64382203a75afb1d1203,100,CORINO JUAN MANUEL,JUAN MANUEL
per_a6193b152360a392437c,per_2924d5ccb56f228807a2,100,CORONA MAINQUE,CORONA MAINQUE
per_9178d6f218c326366d50,per_6d014e1fe9775aa33c69,100,CORRAL ANTONIO,CORRAL ANTONIO
per_9320619ec57f27974e65,per_99457e0f59b6d29ad0fb,100,CORRAL MARTIN,CORRAL MARTIN
per_171bb7131c81ac6f6aa7,per_c0903d39aaabe5ccae1e,100,CORREA LLANO FACUNDO,CORREA LLANO FACUNDO
per_be698a9b16dff8ff2147,per_50bfc490f97b522943ac,100,CORREA MARTIN,CORREA RODRIGO MARTIN
per_cebaa967e863df7f50f6,per_4db706516b346cd3efeb,100,CORREDOR BENITEZ ROLANDO SARMIENTO EMANUEL NICOLAS,SARMIENTO EMANUEL NICOLAS
per_38f5e8f3ff8ce7da8576,per_dbf24f6f42f1cb118f4e,100,CORTES CARLOS,CORTES CARLOS
per_38f5e8f3ff8ce7da8576,per_2117a8f2aec09f692b81,100,CORTES CARLOS,CORTES CARLOS
per_2defe38834e1ee611631,per_5a166ae29093f18181d0,100,CORTES CARLOS MARIA,IRAMAIN ERNESTO CORTES CARLOS MARIA
per_7a610565ffe27b7e0fc8,per_56c416eae4454df51a0d,100,CORTES MARTIN LEANDRO,CORTES MARTIN LEANDRO
per_e04c5404e9e33d84bfa7,per_2fe6cc5cfbb2d8c35294,100,CORTESE ANALIA MONICA,CORTESE ANALIA MONICA
per_a153fd672e945f9c270b,per_8f71a971f1616027fbdf,100,CORTESE MARIA VERONICA,CORTESE MARIA VERONICA
per_6323e3fc77146a86764c,per_f5f2e9568431e4473b5f,100,CORTESE PABLO,CORTESE PABLO
per_dffd44a6ec9ead89ac72,per_32c8838adbced7f47f9f,100,CORTEZ GABRIELA,CORTEZ GABRIELA
per_dc971922490d09666455,per_7543578896a2cde22b55,100,CORTEZ JAVIER,CORTEZ JAVIER
per_dc971922490d09666455,per_c07c9a4c55cd373d645a,100,CORTEZ JAVIER,CORTEZ MARTIN JAVIER
per_7543578896a2cde22b55,per_c07c9a4c55cd373d645a,100,CORTEZ JAVIER,CORTEZ MARTIN JAVIER
per_604a8c43a50b3fa58a9d,per_d9c965cea8e17626b531,100,CORTI GASTON,CORTI GASTON
per_cf92411fd41807014633,per_2908c0354d0cef4eb9a5,100,COSENTINO ALEJANDRO,COSENTINO ALEJANDRO
per_414a9ca2aed55039013f,per_37c2d9a12a71e4322358,100,COSOY NATALIO,COSOY NATALIO
per_ab5af8c342da5a4f100f,per_b207b75820be976fa708,100,COSTA JORGE,COSTA JORGE
per_8141180c5da8a3c6c1d1,per_d64f5e85839cd86ad200,100,COSTA JUAN,MENDEZ COSTA BAUTISTA JUAN
per_4555e2b79aff0d7f1dd0,per_42f2fb6de71a70bf8010,100,COSTA MARIA GISELA,COSTA MARIA GISELA
per_ddba6763c26ee09c5f4b,per_163cbadca55baa06c3c3,100,COTO AGUSTIN PEDRO,COTO AGUSTIN PEDRO
per_4f45b74c31417161a19a,per_cb0ce8c5df8ea835b72a,100,COTO AGUSTIN PEDRO ZICKER MARIA LORENA MENEM EDUARDO,MENEM EDUARDO
per_4f45b74c31417161a19a,per_f224e5a001e17fe3ed38,100,COTO AGUSTIN PEDRO ZICKER MARIA LORENA MENEM EDUARDO,MENEM EDUARDO
per_4f45b74c31417161a19a,per_7c94c69722bb1056e6c3,100,COTO AGUSTIN PEDRO ZICKER MARIA LORENA MENEM EDUARDO,MENEM EDUARDO
per_5ad91c94cd02d87b7eb2,per_52f976c3165964baa761,100,COUTO CAMILA ANTONELLA,COUTO CAMILA ANTONELLA
per_39fb255d337babef85e5,per_e01fbd3fa78e3b9cc575,100,COZZO ROXANA NATALIA,COZZO ROXANA NATALIA
per_81b0f654f14aa702fad0,per_9246ab07aad2a4e34304,100,CRESPO DAMIAN,CRESPO DAMIAN
per_1a34a2ffb75404e910cc,per_7e64d32093066ca6e42f,100,CRESPO LUCA SANTINO,CRESPO LUCA SANTINO
per_b487e2def6af81db7ca3,per_49874749e99e566003d0,100,CRESPO LUCA SANTINO IGLESIAS FERNANDO,IGLESIAS FERNANDO
per_27af90e1c6a1dc6b7ae3,per_b0362bd7ff00ec624cea,100,CRESPO MARIA,CRESPO MARIA
per_f3ab066b09b3a04baba8,per_3a485464ef8adbe6619f,100,CREUS EDUARDO,CREUS EDUARDO
per_77c8f43a369ecf2293bd,per_59b786a066d0eb4ff34b,100,CREXELL LUCILA,CREXELL LUCILA
per_1aa05bb56806e2baf5ad,per_4ddcedf6b624577fe9d9,100,CROCE GISELLE,CROCE GISELLE
per_e3ddf941b2a791d90a6b,per_511a69bfcb9db8e094a9,100,CROTTO MATIAS,CROTTO MATIAS
per_69dd4bc126e456f51b3c,per_7a706d7aa603711154d0,100,CRUGEIRAS GABRIEL MARTIN,GABRIEL MARTIN
per_2f0043c27526e97c5f65,per_c12c25230136bdb51678,100,CRUZ ANTUNEZ ALEJANDRO MARTIN,CRUZ ANTUNEZ ALEJANDRO MARTIN
per_bd77e2d7b3281f74b719,per_b6a4f1cf4510ef6e84f8,100,CRUZ DANIEL,CRUZ DANIEL
per_7424784a8c967e6c54cf,per_0b58c6500e9753b797fd,100,CRUZ DEBORA ABIGAIL,CRUZ DEBORA ABIGAIL
per_63d5d8e4c7248aff8beb,per_e47533155410e8f983be,100,CRUZ MARGARITA,CRUZ MARGARITA
per_da8721a2d839300e44f3,per_fba8468062a0f4046569,100,CRUZ RENATA,SANTA CRUZ RENATA
per_058ecf9a06764fbca73f,per_e839e02c6653e231fbfb,100,CUESTAS FELIPE,CUESTAS FELIPE
per_40c51471bef1eec948b6,per_64382203a75afb1d1203,100,CUETO JUAN MANUEL,JUAN MANUEL
per_48d4dc3862aef259ff9e,per_a9d3daafd586a76f46ce,100,CUEVA REY ANA,CUEVA REY ANA
per_9d12683c77bbd2ffaca1,per_eba6eac5040481f16f8e,100,CULILOVIC ROBERTO,CULILOVIC ROBERTO
per_26a1ba8aa93bb507f322,per_487f44c76ebc2866482e,100,CUNEO LIBARONA MARIANO,CUNEO LIBARONA MARIANO
per_26a1ba8aa93bb507f322,per_6637dfcfa2dfa7033478,100,CUNEO LIBARONA MARIANO,LUGONES MARIO IVAN DIEGO MORETUI CUNEO LIBARONA MARIANO
per_487f44c76ebc2866482e,per_6637dfcfa2dfa7033478,100,CUNEO LIBARONA MARIANO,LUGONES MARIO IVAN DIEGO MORETUI CUNEO LIBARONA MARIANO
per_3a40bb536edf7e9a8e82,per_6b6508f7010e63f172e8,100,CUPPARI PAOLA,CUPPARI PAOLA
per_8200450953f7d4925d77,per_2cefa8cadc9f302b2134,100,CURA NADIR SPILMAN EZEQUIEL,SPILMAN EZEQUIEL
per_481e960c33e56c1d3b19,per_488a45df83cb468ac0d3,100,CURBELO SANCHEZ OSCAR,SANCHEZ CURBELO OSCAR
per_eb8c99fca0f6e2514ad5,per_82f344a9749412e1d5a8,100,CURCI GONZALEZ CARLOS MARIA,CURCI GONZALEZ CARLOS MARIA
per_eb8c99fca0f6e2514ad5,per_abf160b936d6b2892318,100,CURCI GONZALEZ CARLOS MARIA,CURCI GONZALEZ CARLOS MARIA SCHIAFFINO MARIA
per_82f344a9749412e1d5a8,per_abf160b936d6b2892318,100,CURCI GONZALEZ CARLOS MARIA,CURCI GONZALEZ CARLOS MARIA SCHIAFFINO MARIA
per_eb8c99fca0f6e2514ad5,per_d9b18bf7b340fbad046a,100,CURCI GONZALEZ CARLOS MARIA,GONZALEZ CARLOS MARIA
per_eb8c99fca0f6e2514ad5,per_90616dac34369bb8f156,100,CURCI GONZALEZ CARLOS MARIA,GONZALEZ MARIA
per_eb8c99fca0f6e2514ad5,per_b341876c164d0bbe8ba4,100,CURCI GONZALEZ CARLOS MARIA,GONZALEZ MARIA
per_82f344a9749412e1d5a8,per_b341876c164d0bbe8ba4,100,CURCI GONZALEZ CARLOS MARIA,GONZALEZ MARIA
per_abf160b936d6b2892318,per_d9b18bf7b340fbad046a,100,CURCI GONZALEZ CARLOS MARIA SCHIAFFINO MARIA,GONZALEZ CARLOS MARIA
per_abf160b936d6b2892318,per_90616dac34369bb8f156,100,CURCI GONZALEZ CARLOS MARIA SCHIAFFINO MARIA,GONZALEZ MARIA
per_abf160b936d6b2892318,per_b341876c164d0bbe8ba4,100,CURCI GONZALEZ CARLOS MARIA SCHIAFFINO MARIA,GONZALEZ MARIA
per_abf160b936d6b2892318,per_d3c60e18cab8ea601c87,100,CURCI GONZALEZ CARLOS MARIA SCHIAFFINO MARIA,SCHIAFFINO MARIA
per_f768f5c1d37bd6cd1370,per_c6447b5a5a0b46c64900,100,CURCIARELLO NICOLAS GOMEZ ELIAS ARTURO LANDABURU FRANCO ALBERTO,LANDABURU FRANCO ALBERTO
per_f768f5c1d37bd6cd1370,per_eae0635f6b017ab84b87,100,CURCIARELLO NICOLAS GOMEZ ELIAS ARTURO LANDABURU FRANCO ALBERTO,LANDABURU FRANCO ALBERTO
per_905f1fe9a19fc22d2ca3,per_836709d504dd9cf26b55,100,CURESTIS CARLOS,CURESTIS CARLOS
per_111594625f44f38f6162,per_fa5dca844a3be7cb0564,100,CURI JULIAN,CURI JULIAN
per_fa5dca844a3be7cb0564,per_afce119fa929e7f84340,100,CURI JULIAN,CURI JULIAN
per_22b3e7c215de3ab92199,per_b66f42f157aa7d9cbbed,100,CURIA WALTER GERMAN,CURIA WALTER GERMAN
per_3d7f3674972fcd10c4bd,per_d2239b87b20a69b2c078,100,CURRAIS MARIANA,CURRAIS MARIANA
per_af97d9412d41a9a13cb9,per_534b117d2bb4b8eeeb20,100,CURUTCHET JUAN,CURUTCHET JUAN
per_ef68d6353bd74aa39c34,per_cc61f746eeb9c60cb93e,100,CUTI CRISTIAN DIAZ MARIA ALEJANDRA,DIAZ MARIA ALEJANDRA
per_ef68d6353bd74aa39c34,per_0b510d28c76c345fabcd,100,CUTI CRISTIAN DIAZ MARIA ALEJANDRA,DIAZ MARIA ALEJANDRA
per_f7d4e66f7287134f348d,per_68aaa3c6f145dd1ad4d8,100,CUTI CRISTIAN JAIME ANA MARIA,JAIME ANA MARIA
per_f7d4e66f7287134f348d,per_0aed6540d24f888dc671,100,CUTI CRISTIAN JAIME ANA MARIA,JAIME ANA MARIA
per_abd35a0e63e2e2e7d705,per_773015050d9fb8ff3ca4,100,CUTTI CRISTIAN,CUTTI CRISTIAN
per_ff3191f369e64401ef98,per_32f6dd4fa4a2a9bf9263,100,DA CRUZ COLOMBO SYLVIA,DA CRUZ COLOMBO SYLVIA
per_28e96dd81456056fe2ed,per_7d2f1410129235798a9b,100,DA CUNHA CLAUDIO,WEYNE DA CUNHA CLAUDIO
per_28e96dd81456056fe2ed,per_c88a38101e3ebfab1966,100,DA CUNHA CLAUDIO,WEYNE DA CUNHA CLAUDIO
per_faa17071e41da7009526,per_3c5b7000acdcf066279f,100,DA CUNHA CLAUDIO EDUARDO FRANCISCO GONZALEZ,EDUARDO FRANCISCO GONZALEZ
per_faa17071e41da7009526,per_633e90f128d1ff406451,100,DA CUNHA CLAUDIO EDUARDO FRANCISCO GONZALEZ,EDUARDO GONZALEZ
per_faa17071e41da7009526,per_0e98f59d20a1355ef1f8,100,DA CUNHA CLAUDIO EDUARDO FRANCISCO GONZALEZ,EDUARDO GONZALEZ
per_ba033067ebf0f062ee10,per_9ab0d7ab142b9f994d3e,100,DA SILVA MARCELO,SILVA MARCELO
per_6c796d24d7d80a848c54,per_7ffff920b62d87546a7e,100,DABATE CARLOS MARCELO,DABATE CARLOS MARCELO
per_8b82dc1ebb4fc2b237ce,per_1fe72c75f1106412e360,100,DABUSTI ROBERTO,DABUSTI ROBERTO
per_b6bc962716330205fc81,per_8c2f9a49b4d2125a0260,100,DAGUER MARIELA ELISABETH,DAGUER MARIELA ELISABETH
per_0e62957115a5eb780500,per_8119ffceb40030b46f9f,100,DAGUM NESTOR RUBER,DAGUM NESTOR RUBER
per_f646688aa5f7aea56fe4,per_6ed6da512225752850e2,100,DALL ASTA SANDRA,DALL ASTA SANDRA
per_4c2ef418fe4953a4fbbc,per_be0e59217c495f63d16d,100,DALTROY NICOLE ELENA,DALTROY NICOLE ELENA
per_a162ce0726e071427878,per_0d9cd5aae90383d3671c,100,DALTROY NICOLE ELENA MARIA ELENA MAZZANTINI,MARIA ELENA MAZZANTINI
per_4bed95e83035d97fba99,per_24e68107a1c448a6aefd,100,DALTROY NICOLE ELENA NUNEZ ALEJANDRO,NUNEZ ALEJANDRO
per_08a980edb9188ff670a0,per_e2739dc82e0ac669df9b,100,DAMICO FRANCO,DAMICO FRANCO
per_fd0a8d9293436f624a17,per_9eacc5cd371ed76b63ba,100,DAMICO HECTOR,DAMICO HECTOR
per_07b0f08fd4190b0fdd13,per_a1c0dd6ced4b0e8adb35,100,DAMICO JUAN JOSE,DAMICO JUAN JOSE
per_159019fae81a10d35ffb,per_ea865f8bfad6829eae9f,100,DAMON PICHAT YANINA,DAMON PICHAT YANINA
per_0d77f4c679f3234db51b,per_3ba3f7ab505ccf926301,100,DAMONTE IGNACIO,IGNACIO
per_cc36f5929b65c426b97b,per_6cbbe606fbb23eede005,100,DANGELO IGNACIO,DANGELO IGNACIO
per_cc36f5929b65c426b97b,per_3ba3f7ab505ccf926301,100,DANGELO IGNACIO,IGNACIO
per_6cbbe606fbb23eede005,per_3ba3f7ab505ccf926301,100,DANGELO IGNACIO,IGNACIO
per_1075b078b8a51c219bd5,per_d717757568061aaafefc,100,DANIEL FRANCISCO,FUNES DANIEL FRANCISCO
per_1075b078b8a51c219bd5,per_005faa01dbc6ccc5705b,100,DANIEL FRANCISCO,REIMUNDES TARRAF DANIEL FRANCISCO
per_04b74242e0130a5328dc,per_b4331de93ca9646d3818,100,DANIEL RICARDO AGUIRRE,FERNANDEZ OLIVER DIEGO MARTIN DANIEL RICARDO AGUIRRE
per_0e70c237f0eb40484790,per_64382203a75afb1d1203,100,DANZA JUAN MANUEL,JUAN MANUEL
per_3d4c8a5c6671218626ab,per_b52496936a0caab38f51,100,DAPELO NOGUES SANTIAGO JORGE,DAPELO NOGUES SANTIAGO JORGE
per_96d1874871fd25a92e88,per_59d2b2af43979f135b34,100,DAPIA RICARDO,DAPIA RICARDO
per_2dbd01a274d1f0686222,per_e78cb23122665a4a36c2,100,DARNES GONZALO AGUSTIN,DARNES GONZALO AGUSTIN
per_d1da4cff6c38566e6d74,per_a8a55ed907a7814cb621,100,DATTILE BARBARA,ROLANDI JOSE DATTILE BARBARA
per_1a1fcbd08fe1bfecf41a,per_f3a189c7efc1f656a634,100,DAVICO GERMAN,DAVICO MAURICIO GERMAN
per_1a1fcbd08fe1bfecf41a,per_fdae0b0547ae002dfe0a,100,DAVICO GERMAN,DAVICO MAURICIO GERMAN
per_f3a189c7efc1f656a634,per_fdae0b0547ae002dfe0a,100,DAVICO MAURICIO GERMAN,DAVICO MAURICIO GERMAN
per_c1b2ef77cb59f5173c38,per_0baabc77da140a26ed35,100,DAVID GUSTAVO DAMIAN,DAVID GUSTAVO DAMIAN
per_81e846558f0ec1e03a86,per_f9f08498d419d750c05d,100,DAVILA ALEJANDRO,DAVILA NUNEZ CARLOPS ALEJANDRO
per_64e371602b5b0401f318,per_dd98be978f72759141e4,100,DAVILA MIGUEL,DAVILA MIGUEL
per_f9f08498d419d750c05d,per_24e68107a1c448a6aefd,100,DAVILA NUNEZ CARLOPS ALEJANDRO,NUNEZ ALEJANDRO
per_c86c428a3ff7808910ba,per_3c34fdf192a069caa7d7,100,DAZA JOSE LUIS,DAZA NARBONA JOSE LUIS
per_b20c47425061e0d2dca6,per_d9f4f16ab783d28e4551,100,DE ACHAVAL MIGUEL,DE ACHAVAL MIGUEL
per_cb227131173d55e7215b,per_ba833bcc0030cf042e88,100,DE ADURIZ GUILLERMO,DE ADURIZ GUILLERMO
per_0627f9752ad43fd503f0,per_a9c8676df2e7a303312d,100,DE ANCHORENA BEATRIZ,DE ANCHORENA BEATRIZ
per_db40a563fb4179bb25a3,per_34626015a887ee62199a,100,DE ANDREIS FERNANDO,DE ANDREIS FERNANDO
per_56bd0cedd673b899cbc4,per_ddaeece8f5084c1696e1,100,DE ANGELI ALFREDO,DE ANGELI ALFREDO
per_6cb13f4591827f5a723f,per_7ed99e47978b85aca06f,100,DE APELLANIZ ESTEBAN JOSE,DE APELLANIZ ESTEBAN JOSE
per_f1c555ee9f3c3a9cb81f,per_e2f830f43d2233bfc2ad,100,DE APELLANIZ MARIA TRINIDAD,DE APELLANIZ MARIA TRINIDAD
per_a8f15b6f8a15fca14599,per_25a043754bded6d0f7bf,100,DE ARRECHEA DIEGO,DE ARRECHEA DIEGO
per_a8f15b6f8a15fca14599,per_043b0789629ffebda723,100,DE ARRECHEA DIEGO,DE ARRECHEA DIEGO
per_306efc6253c3892aceb2,per_431c6e37025617ae86eb,100,DE ARZUAGA PINTO HERNAN,DE ARZUAGA PINTO HERNAN
per_b942652f156ebdf3b523,per_07f599075b566974a139,100,DE BARTOLO JORGUE,DE BARTOLO JORGUE
per_d7908cbfc257acfddae0,per_6b55cbc3984319822ef3,100,DE BOERO BABY ENRIQUE FIGUERAS LUCAS,FIGUERAS LUCAS
per_d7908cbfc257acfddae0,per_405895beb2c463a91ee3,100,DE BOERO BABY ENRIQUE FIGUERAS LUCAS,FIGUERAS LUCAS
per_9e845b6eaa5a99370da4,per_6cba7a44e5b18888b540,100,DE DECCO PAOLA REGINA,DE DECCO PAOLA REGINA
per_27ac46fca87143ff6221,per_fe8df24d231bc0966ea9,100,DE DIOS MIGUEL ANGEL,MIGUEL ANGEL
per_96dcfbd9f411db094a67,per_f520a4c924db32d0c136,100,DE DOBRZYNSKI JUAN,DE DOBRZYNSKI JUAN
per_82ba27d4f16b15ea7577,per_13aaf96799c43a88864b,100,DE EVITA GARCIA MARIA,DE EVITA GARCIA MARIA
per_82ba27d4f16b15ea7577,per_615cdc7be1d5800c4d90,100,DE EVITA GARCIA MARIA,GARCIA MARIA
per_13aaf96799c43a88864b,per_615cdc7be1d5800c4d90,100,DE EVITA GARCIA MARIA,GARCIA MARIA
per_13aaf96799c43a88864b,per_7bd48f6082cd0a8ea987,100,DE EVITA GARCIA MARIA,GARCIA MARIA
per_13aaf96799c43a88864b,per_2012990dd670afbefea8,100,DE EVITA GARCIA MARIA,GARCIA MARIA
per_ce7c90f27b830c08b8f5,per_db13f3a1ff4dd2b0c1db,100,DE FELIPE RODOLFO,DE FELIPE RODOLFO
per_e6d6cb25f7938ac95085,per_c5faeb979ebc398afcd5,100,DE FREIJO INAKI,DE FREIJO INAKI
per_5620904cd2f5a16751ca,per_3ba3f7ab505ccf926301,100,DE GENNARO IGNACIO,IGNACIO
per_35f666da31a0acc2f4fd,per_6c1d5f19f29cdaa5a2cb,100,DE GRAFF DAVID,DE GRAFF DAVID
per_55babc6272c3fa86c24c,per_447518ec208d61c7faad,100,DE LA CRUZ,DE LA CRUZ VELASQUEZ ANA CRISTINA
per_55babc6272c3fa86c24c,per_9279cfe63fe947cf9f1e,100,DE LA CRUZ,GUSTAVO DE LA CRUZ
per_55babc6272c3fa86c24c,per_d08a43de0d8b00ed8232,100,DE LA CRUZ,NUNEZ JUAN DE LA CRUZ
per_725c2840dfd29939d902,per_4f95f13da11edd823074,100,DE LA CRUZ ANDRES,DE LA CRUZ ANDRES
per_cf7cf63e478b520a7259,per_5aca11f9873934f0cfed,100,DE LA CRUZ MARCELO,DE LA CRUZ MARCELO
per_f41de48be9734790da36,per_60af7e15bcefef0d8f1d,100,DE LA FUENTE WALTER,DE LA FUENTE WALTER
per_18a78f744c3ea48c06ce,per_3ba3f7ab505ccf926301,100,DE LA PENA IGNACIO,IGNACIO
per_b8050d38be8b39d7ab1d,per_a104f007fc6fb98d6ad8,100,DE LA PUENTE AGUSTINA,DE LA PUENTE AGUSTINA
per_bc84b152453f703e6287,per_3ba3f7ab505ccf926301,100,DE LA RIVA IGNACIO,IGNACIO
per_7c55cc36565a3a7f47aa,per_937256f60f1c49a2f46b,100,DE LA TORRE JOAQUIN,DE LA TORRE JOAQUIN
per_3d49c5d8883902ae2772,per_c5bedbbf338398424d63,100,DE LA TORRE PEDRO,DE LA TORRE PEDRO
per_1569456a30915f2936fd,per_6fe9725cee473725e53e,100,DE LA TORRE SANTIAGO,TORRE SANTIAGO
per_a48715d663852e700ede,per_ec272dbc9b8d512e36a0,100,DE LEON GONZALO,DE LEON GONZALO
per_657d0fc30a043c0eb378,per_18d712a719ca4348f8d4,100,DE LEON PABLO,DE LEON PABLO
per_dbe6cbf2ee98b18ad2d2,per_5db3e185574ddcc6c1d6,100,DE LOS HEROS MARIANO,DE LOS HEROS MARIANO
per_dbe6cbf2ee98b18ad2d2,per_585faac70673de19e93f,100,DE LOS HEROS MARIANO,ENRIQUER BRUCHONI DE LOS HEROS MARIANO
per_5db3e185574ddcc6c1d6,per_585faac70673de19e93f,100,DE LOS HEROS MARIANO,ENRIQUER BRUCHONI DE LOS HEROS MARIANO
per_4b0d833a395d82033f3b,per_6e8cca4455b57aaf2983,100,DE LUCIA HARDY NATALIA,SERENELLINI EDUARDO DE LUCIA HARDY NATALIA
per_4e12180f7190b21d8be4,per_b192def8c6abacfaf4e8,100,DE LUCIA HARDY NATALIA MENEM MARTIN PALLOTA MARIA INES,PALLOTA MARIA INES
per_3dab29b3841618d9ddb0,per_3d90122d62c5d2426354,100,DE MARCHI OMAR,DE MARCHI OMAR
per_364c33d0d54b32e36611,per_18e37808b0c56102a700,100,DE MARCO VICTORIA,DE MARCO VICTORIA
per_c7826a571d0ef42df612,per_0b2a3add0d865f4b639c,100,DE MORRA BEATRIZ,DE MORRA BEATRIZ
per_5a408c65d9d5164ff73c,per_172bf1009fa7876d1262,100,DE NARVAEZ FRANCISCO,NARVAEZ FRANCISCO
per_eaa8772ec776c8b8a499,per_4af74327366eb10b515d,100,DE NUNEZ MAURICIO,DE NUNEZ MAURICIO
per_307151e94c060c12b9f2,per_4a0a3275cd749ac88c7d,100,DE SAN BRUNO FERNANDA,DE SAN BRUNO FERNANDA
per_663fae31382657aaf1c4,per_64382203a75afb1d1203,100,DE SETA JUAN MANUEL,JUAN MANUEL
per_55a8f6cac2a7f6a55428,per_569c5fa1025abf7f9683,100,DE TITTA GIAN PABLO,DE TITTA GIAN PABLO
per_93317d1386121f0fef2c,per_af04f652f50b97ebf751,100,DE URIETA DENORAH LUCIA VERA,DE URIETA DENORAH LUCIA VERA
per_11c1094ae2a1b7c0b5c5,per_b537195777442a794c0e,100,DE URQUIZA ANCHORENA DIOGENES,DE URQUIZA ANCHORENA DIOGENES
per_49ec42faf2c0421a0a18,per_3014e49f57b3e6c5bb1d,100,DE VEDIA LORENZO,DE VEDIA LORENZO
per_bb67f417902415c0670f,per_660d59323107e4607ef6,100,DE VELAZCO LEDESMA MIGUEL MATIAS,DE VELAZCO LEDESMA MIGUEL MATIAS
per_660d59323107e4607ef6,per_df5b83e193fe1fb8d160,100,DE VELAZCO LEDESMA MIGUEL MATIAS,LEDESMA MATIAS
per_8e6d5b0c1d94b3f90a79,per_6ff56dce5e46737a0169,100,DEAN ARIEL,DEAN ARIEL
per_7bb82a1d6810bb81da65,per_66d65c9e55af4aa03660,100,DEANDRES JOSE LUIS,DEANDRES JOSE LUIS
per_c674b5759883b3e85882,per_83bdcf1e872e100754e8,100,DEANDRES JOSE LUIS SIRI MARIA FLORENCIA,SIRI FLORENCIA
per_c674b5759883b3e85882,per_4a7a26ee0f84471f12df,100,DEANDRES JOSE LUIS SIRI MARIA FLORENCIA,SIRI MARIA FLORENCIA
per_c674b5759883b3e85882,per_10e6d554eb00e6ba546c,100,DEANDRES JOSE LUIS SIRI MARIA FLORENCIA,SIRI MARIA FLORENCIA
per_a43b832ef7b70a8b2a57,per_0ee3b8754a0c78fa9772,100,DEANDRES JOSE LUIS SUSANA CAVALLINI,LAGO MARCELA NOEMI DEANDRES JOSE LUIS SUSANA CAVALLINI
per_a43b832ef7b70a8b2a57,per_ae83a05444d817340789,100,DEANDRES JOSE LUIS SUSANA CAVALLINI,SUSANA CAVALLINI
per_b88a549b05f96254c9a2,per_dc2f2a42783f3a211709,100,DEBER PABLO,DEBER PABLO
per_0a7e14ca2922bd18748d,per_6a578179e6582d4d023e,100,DECIANCIO THIAGO,DECIANCIO THIAGO
per_249a596a94159fbb7279,per_b755930226fc5aec5e2a,100,DECOUD THIERRY,DECOUD THIERRY
per_74c63eedb74f82f991ad,per_b755930226fc5aec5e2a,100,DECOUD THIERRY,DECOUD THIERRY
per_0514e5cda4bead05a552,per_6ee2d4bfa97b466bd7bc,100,DEFRANCHI MAXIMILIANO,DEFRANCHI MAXIMILIANO
per_81401102988522e8c439,per_21ce6e0de05653318275,100,DEGIOBANI JORGE OSCAR,DEGIOBANI JORGE OSCAR
per_b032a3e964a30ca1cc47,per_58980d2db001a06d8367,100,DEGLAUY DIANA VALERIA,DEGLAUY DIANA VALERIA
per_2cfdb8c8851103e55e43,per_98acd3fa8c454edafff4,100,DEITZ RICHARD,DEITZ RICHARD
per_205816a7746d1885437a,per_41cc103d7e85054a67ea,100,DEL BRUTO DAVID,DEL BRUTO DAVID
per_7b7329e668e10de4ba45,per_3ed4b2ecb8f3d30adbc8,100,DEL HUERTO GONZALO,GONZALEZ DANIEL DEL HUERTO GONZALO
per_2b040e6b0f886c16b300,per_a020f3bc380ff39b6e9c,100,DEL INTENTO ORTIZ MAXIMILIANO JUAN,DEL INTENTO ORTIZ MAXIMILIANO JUAN
per_46718bb1a9100dda3842,per_115f93363ae07e085360,100,DEL PINO WALTER,DEL PINO WALTER
per_0a55fcfa07cc553f5b52,per_5ae75a366b8ac127b428,100,DEL RIO JORGE,DEL RIO JORGE
per_27fccc60cef201cfc673,per_1e59dae21ccb2041b94d,100,DEL VALLE DIEGO,DIAZ SILVIA DEL VALLE SALOMONI DIEGO
per_ce31857275214b177d8e,per_8bc26b220d62a266204f,100,DEL VENTO GUSTAVO,DEL VENTO GUSTAVO
per_04a9830b209911bb333e,per_c2228eca483b5b3aa7cf,100,DEL VILLAR FACUNDO,DEL VILLAR FACUNDO
per_a1a1a53896e0c071e74d,per_57c48b094189c57da1a6,100,DELEONARDIS LISANDRO,DELEONARDIS LISANDRO
per_8369652ce02c47085f6d,per_44cca104704cde6a34cd,100,DELGADO AYAU GABRIEL,DELGADO GABRIEL
per_51a959a880a7c27336ff,per_32c388738c002a62dfed,100,DELGADO JUAN,DELGADO JUAN
per_8abb9773c2f3af7ed89e,per_e227446a0c7d4348fb98,100,DELGADO LILIAN EDITH,DELGADO LILIAN EDITH
per_3f484180736a51be6019,per_3ab5573e67f8cdd7820a,100,DELGER DEL SEL JOSE MARIA,DELGER DEL SEL JOSE MARIA
per_3f484180736a51be6019,per_6834a84b7885f81f916c,100,DELGER DEL SEL JOSE MARIA,DELGER JOSE MARIA
per_3ab5573e67f8cdd7820a,per_6834a84b7885f81f916c,100,DELGER DEL SEL JOSE MARIA,DELGER JOSE MARIA
per_912fe27cb9bd21adacfb,per_6834a84b7885f81f916c,100,DELGER DEL SER JOSE MARIA,DELGER JOSE MARIA
per_b260db681076b69ee037,per_419b7f97e685661e13ae,100,DELGUI SEBASTIAN,DELGUI SEBASTIAN
per_963fedaed074ed9dcc0b,per_2a84ffa95fce63f4898c,100,DELLA PITTMA MARCOS ALBERTO,DELLA PITTMA MARCOS ALBERTO
per_7d2edf247e5db889be2e,per_72ae62a5012855652e3d,100,DELLA RATTA MELISA LUCRECIA,MELISA LUCRECIA
per_7d2edf247e5db889be2e,per_18759efa1cfeb3e88547,100,DELLA RATTA MELISA LUCRECIA,MELISA LUCRECIA
per_f26d667740dfa1b48a6e,per_5ba3cfaab1f537b7a2f8,100,DELLA TORRE LEONARDO,DELLA TORRE LEONARDO
per_68d73eac8fba6c1217c3,per_dbb3a94335803dbc0400,100,DELLEPIANE MARIA CRISTINA,DELLEPIANE MARIA CRISTINA
per_3c6d7fab5cad49b7a622,per_f58271f4d10190bae2d1,100,DELMONTE GONZALO,DELMONTE GONZALO
per_7344a9b759160d160a30,per_51260f232cc0c14589e7,100,DELOREDO RODRIGO,DELOREDO RODRIGO
per_6604c1c0d7e18bfc99e5,per_cc4b590e41dbbb726837,100,DELORENZI LUCAS,DELORENZI LUCAS
per_b3cb0a5e92aa7f927bb7,per_1f1850d411cc084602d0,100,DELORENZI MARIANO,DELORENZI MARIANO
per_d9a6059b5332611dd326,per_ed898d5ba0e2d7887e25,100,DELUCA PABLO CESAR,DELUCA PABLO CESAR
per_a3e1bebb1012af43f1be,per_708982b4b799aac3f815,100,DEMAYO FERNANDEZ JAVIER ADRIAN,FERNANDEZ ADRIAN
per_bdbceb1f57d9a8132538,per_b49e59cbbf9fc9e5615c,100,DENGRA DIEGO,DENGRA DIEGO
per_48d4f14f018102209b3b,per_88b695eb18bb9d372186,100,DEPPELER MARTIN,DEPPELER MARTIN
per_a87b4fa764d2c73b2ea1,per_b44504ab905a44e19437,100,DERQUI SANTIAGO,DERQUI SANTIAGO
per_2b9f94fb0cec9372674a,per_1f68494a58ec9cd63546,100,DESCALZO BRITO NICOLAS,DESCALZO NICOLAS
per_6b9d590b6406a69fd0b1,per_17397a0532f19495a8dc,100,DESPERES MARIA,DESPERES MARIA
per_3fa4dd391ca81de67f5d,per_66b01d94e00b9b7ec367,100,DESSEIN DANIEL,DESSEIN DANIEL
per_7805d893f8c60360d999,per_9a0e3e369149b8266b03,100,DESTEFANO FERNANDEZ GEORGINA,FERNANDEZ DESTEFANO GEORGINA
per_6c7a43e94d20fe77c7cb,per_e9b7bbf2a34e26235fb6,100,DETRY MATIAS,DETRY MATIAS
per_bf4228fca442b09cf08a,per_d463355e71966c5120c0,100,DEVANNA MARIA CECILIA,DEVANNA MARIA CECILIA
per_12421425c8a5e56ef855,per_2b60c413dd9bfdde38e7,100,DEVITA MARINA GISELLE,DEVITA MARINA GISELLE
per_5c6b6e9813869d98a3ff,per_ab79c6dfd3ff579b1c84,100,DEVITT GUILLERMO IGNACIO,DEVITT IGNACIO
per_5c6b6e9813869d98a3ff,per_3ba3f7ab505ccf926301,100,DEVITT GUILLERMO IGNACIO,IGNACIO
per_ab79c6dfd3ff579b1c84,per_3ba3f7ab505ccf926301,100,DEVITT IGNACIO,IGNACIO
per_a8e3732fa4454482cc1f,per_e5d811697781fa525f56,100,DI GIOVANNI DANIELLA,DI GIOVANNI DANIELLA
per_90f1c8ce07d7d82a1c5b,per_7dfb3d74328ed4781a63,100,DI LORENZO ROBERTO FRANCISCO,DI LORENZO ROBERTO FRANCISCO
per_83519bc1d5737d377d5b,per_b945c903dbfbd67786d3,100,DI MAURO JOSE,DI MAURO JOSE
per_29da365252003244c601,per_283ec94fb78f91155d8b,100,DI MEGLIO JUAN,DI MEGLIO JUAN
per_774036f949220af91047,per_6d534b644a532bf7a8b8,100,DI ORIO MARIO,DI ORIO MARIO
per_755e77104218e7cbc4d7,per_db5b72b6483493e63bd8,100,DI RADO FERNANDO,DI RADO FERNANDO
per_0e1e00af208dc521f226,per_241b0efefde956caeaf0,100,DI SIBIO ESTEBAN EDUARDO,PABLO FACUNDO CORNU MAKINA ZANELE DI SIBIO ESTEBAN EDUARDO
per_d7a5ada916b331e41fa3,per_46561e1bfc8f71d79068,100,DIAB RICARDO,DIAB RICARDO
per_cfd8c6582394db5c0ebe,per_ac47e9ce123fc3e16ae9,100,DIANA NICOLAS,DIANA NICOLAS
per_e033f422e656ffb99bcd,per_11180bd3329c0dac089c,100,DIAZ ALEJANDRO,DIAZ ALEJANDRO
per_11180bd3329c0dac089c,per_d7f9fbec6b06141b1d78,100,DIAZ ALEJANDRO,DIAZ ALEJANDRO
per_35140c30dc6ab370d637,per_b980c0f6922c65b9df50,100,DIAZ ARACELI,DIAZ ARACELI
per_f2952a2caf06b23d499e,per_2499136811c66a8f1711,100,DIAZ ARDAYA MARIA,DIAZ ARDAYA MARIA
per_f80eb3dee3749cb388e4,per_cd24040a35b3a2c972bb,100,DIAZ ARIEL,DIAZ CRISTIAN ARIEL
per_5bf8e1291606f5c750a3,per_fe78e7a3fc151104140b,100,DIAZ BARTOLOME GERARDO,DIAZ BARTOLOME GERARDO
per_5bf8e1291606f5c750a3,per_29a209b19699ba35dcc5,100,DIAZ BARTOLOME GERARDO,DIAZ BARTOLOME GERARDO
per_e969654c7d4dfd186499,per_c58f6dd994fdcb3c2d1a,100,DIAZ BONILLA NICOLAS,DIAZ NICOLAS
per_3ba50795c91386db0908,per_1acc0e4bc99d04ccc22e,100,DIAZ CORNEJO GUILLERMO EDUARDO,DIAZ CORNEJO GUILLERMO EDUARDO
per_713d7d1f4b8fe557713e,per_31a4dcc3b32e569e6c9e,100,DIAZ CRISTIAN LEONARDO,DIAZ LEONARDO
per_713d7d1f4b8fe557713e,per_d4e100b845444f3e1fb6,100,DIAZ CRISTIAN LEONARDO,DIAZ LEONARDO
per_d7900e879ce3c444ce0f,per_9b56e4f672ca80487cf3,100,DIAZ FEDERICO,DIAZ SILVIA DEL VALLE SICILIA FEDERICO
per_1afeb21767df687fbbb4,per_c5cacab1ff0777e51951,100,DIAZ GRANADOS GUIDA SERGIO,DIAZ SERGIO
per_1afeb21767df687fbbb4,per_6401b645e74ace468511,100,DIAZ GRANADOS GUIDA SERGIO,GUIDA SERGIO
per_3d5e2771b2dba428bcdf,per_ca0567118254539288f0,100,DIAZ GUILLERMO,DIAZ MARTINEZ GUILLERMO
per_f46f5d035a5cc74d5066,per_396068e2962cec4b3784,100,DIAZ GUTIERREZ MARIA,GUTIERREZ MARIA
per_4fc48f0168e1dc7cbf54,per_385fc46c4cdeb8922843,100,DIAZ HERNAN,DIAZ LUCAS HERNAN
per_4fc48f0168e1dc7cbf54,per_59d95b523b1a446e8212,100,DIAZ HERNAN,DIAZ MONNIER HERNAN
per_76283b1b0a45e6177ccc,per_89050197d830a0a839a8,100,DIAZ JUAN CRUZ,DIAZ JUAN CRUZ
per_f23e2e42934e63beb321,per_64382203a75afb1d1203,100,DIAZ JUAN MANUEL,JUAN MANUEL
per_6bcc3dd665c27742f3fb,per_186e7d64141c11d0348e,100,DIAZ LANGOU GALA,DIAZ LANGOU GALA
per_6bcc3dd665c27742f3fb,per_3d45e4f0e576214cb23e,100,DIAZ LANGOU GALA,OTERO MOSEGUR AGUSTIN MAYORAZ NICOLAS DIAZ LANGOU GALA
per_186e7d64141c11d0348e,per_3d45e4f0e576214cb23e,100,DIAZ LANGOU GALA,OTERO MOSEGUR AGUSTIN MAYORAZ NICOLAS DIAZ LANGOU GALA
per_6bcc3dd665c27742f3fb,per_cc358f3b536bc20bce42,100,DIAZ LANGOU GALA,TOLABA CLARA VICENTA DIAZ LANGOU GALA
per_186e7d64141c11d0348e,per_cc358f3b536bc20bce42,100,DIAZ LANGOU GALA,TOLABA CLARA VICENTA DIAZ LANGOU GALA
per_48290f7f928616078eb6,per_7ed342c5f64865764968,100,DIAZ LAUTARO,RAMOS DIAZ NICOLAS LAUTARO
per_31a4dcc3b32e569e6c9e,per_d4e100b845444f3e1fb6,100,DIAZ LEONARDO,DIAZ LEONARDO
per_3785dc6f91fcfc3ec936,per_8fb101e9f1402e0b66c6,100,DIAZ MARCOS DANIEL,DIAZ MARCOS DANIEL
per_cc61f746eeb9c60cb93e,per_0b510d28c76c345fabcd,100,DIAZ MARIA ALEJANDRA,DIAZ MARIA ALEJANDRA
per_d86884a1fb99d81a2f10,per_1257937488af537958de,100,DIAZ MARIA BELEN,DIAZ SILVIA DEL VALLE RIVEIRO SOLEDAD AGUDIEZ MARIA BELEN
per_fe0779ceaae382f86ecd,per_b2bdc4ba8ff9aa22c76b,100,DIAZ MARTIN SEBASTIAN,MARTIN SEBASTIAN
per_c29cb2af189e556cf45a,per_c58f6dd994fdcb3c2d1a,100,DIAZ MAXIMILIANO NICOLAS,DIAZ NICOLAS
per_245758088407bed09306,per_2c09760fd28c0274143f,100,DIAZ RODOLFO,MEHLER DIAZ COLODRECO IVAN RODOLFO
per_bc66590c84af2030f4f2,per_5d95020f575fb8786e8e,100,DIAZ ROMINA,DIAZ VILLAGRA ROMINA
per_6aaec9523a122eb13c24,per_a7ff028112ce7f53efc5,100,DIAZ SILVIA DEL VALLE,DIAZ SILVIA DEL VALLE
per_6aaec9523a122eb13c24,per_e6df6ac7034cd0d891b4,100,DIAZ SILVIA DEL VALLE,PALMA DUTTO MARIA CANDELA DIAZ SILVIA DEL VALLE MORALES GERMAN DELN VALLE
per_a7ff028112ce7f53efc5,per_e6df6ac7034cd0d891b4,100,DIAZ SILVIA DEL VALLE,PALMA DUTTO MARIA CANDELA DIAZ SILVIA DEL VALLE MORALES GERMAN DELN VALLE
per_6aaec9523a122eb13c24,per_ef85fdc0ace2dbbe17e7,100,DIAZ SILVIA DEL VALLE,TORRES CARLOS DIAZ SILVIA DEL VALLE
per_a7ff028112ce7f53efc5,per_ef85fdc0ace2dbbe17e7,100,DIAZ SILVIA DEL VALLE,TORRES CARLOS DIAZ SILVIA DEL VALLE
per_25a381ccaa1e84789747,per_79c9f431c02dd0f64711,100,DIAZ SILVIA DEL VALLE LANDIVAR MARIA LUZ,LANDIVAR MARIA LUZ
per_25a381ccaa1e84789747,per_33f1db0660e1b4a3056a,100,DIAZ SILVIA DEL VALLE LANDIVAR MARIA LUZ,LANDIVAR MARIA LUZ
per_670041c145b4977d1a4c,per_2cd7559ae9d68197bf57,100,DIAZ SILVIA DEL VALLE LUPIA MABEL,LUPIA MABEL
per_670041c145b4977d1a4c,per_156b11041925bfcfae48,100,DIAZ SILVIA DEL VALLE LUPIA MABEL,LUPIA MABEL
per_537bddb55e9e4f26a39d,per_d57fef5bf8a6d6135c49,100,DIAZ SILVIA DEL VALLE SAVINO JAZMIN MARIEL,SAVINO JAZMIN MARIEL
per_537bddb55e9e4f26a39d,per_3405b5bf919784419d55,100,DIAZ SILVIA DEL VALLE SAVINO JAZMIN MARIEL,SAVINO JAZMIN MARIEL
per_9b56e4f672ca80487cf3,per_436b5337c07af3da8b04,100,DIAZ SILVIA DEL VALLE SICILIA FEDERICO,SICILIA FEDERICO
per_80c72804b6ac5d83e329,per_073abba07a55f80e6bd0,100,DICHIARO GABRIELA LAURA,DICHIARO GABRIELA LAURA
per_029b72c22e51f7934932,per_b9dbb85fcad8bb673d04,100,DIEGO ALEJANDRO,FERNANDEZ DIEGO ALEJANDRO
per_029b72c22e51f7934932,per_00fea89cccb598cea65e,100,DIEGO ALEJANDRO,GARCIA DIEGO ALEJANDRO
per_029b72c22e51f7934932,per_ba9b908dec00f69a0ad1,100,DIEGO ALEJANDRO,NELLI DIEGO ALEJANDRO
per_029b72c22e51f7934932,per_a6eabf773642bb6bdbdb,100,DIEGO ALEJANDRO,PALAU DIEGO ALEJANDRO
per_029b72c22e51f7934932,per_519288a3c49a4f5979e5,100,DIEGO ALEJANDRO,PEREZ MENDOZA DIEGO ALEJANDRO
per_029b72c22e51f7934932,per_28cf24a132cd5c50dd56,100,DIEGO ALEJANDRO,REYES DIEGO ALEJANDRO
per_029b72c22e51f7934932,per_04d0f83d858d1d05adcf,100,DIEGO ALEJANDRO,SOSA DIEGO ALEJANDRO
per_8fa5114f186f30b586c6,per_947715f4939fe3ac0bc7,100,DIEGO FLEITAS,DIEGO FLEITAS
per_063251d982f987de31da,per_fd79a10f18428a792839,100,DIEGO ORTEGA,DIEGO ORTEGA
per_980b8b7ea9de6f4f8595,per_7c671bbb8fde68cff26e,100,DIEGO RIOS,DIEGO RIOS
per_63b056e0537dfe7d58e0,per_0f55683592cf61eae32e,100,DIEZ DE ULZURRUM JUAN GABRIEL,DIEZ DE ULZURRUM JUAN GABRIEL
per_5df10cb54f2496506122,per_a9590a5b8be16cc8e5b2,100,DIEZ EDUARDO,DIEZ EDUARDO
per_c9cb4c6c20dec31324fc,per_3ba3f7ab505ccf926301,100,DIEZ MARTIN IGNACIO,IGNACIO
per_50fdedfed4a8ba41facb,per_6bd658bcaaa35b763c8b,100,DIEZ ROMINA,DIEZ VILLAGRA ROMINA
per_50fdedfed4a8ba41facb,per_a94e0da15db4e3900e77,100,DIEZ ROMINA,DIEZ VILLAGRA ROMINA
per_6bd658bcaaa35b763c8b,per_a94e0da15db4e3900e77,100,DIEZ VILLAGRA ROMINA,DIEZ VILLAGRA ROMINA
per_38fbc9e3346f2b9715fe,per_fe8df24d231bc0966ea9,100,DIGILIO MIGUEL ANGEL,MIGUEL ANGEL
per_f8ee9d55ef29f2d012cb,per_66cfc938325aeff66679,100,DIHART DENIS ARIEL,DIHART DENIS ARIEL
per_661a26a795ba68f45a12,per_3ba3f7ab505ccf926301,100,DIMO JUAN IGNACIO,IGNACIO
per_7f02c60f6897b27d4234,per_b60b5c5b80f37758c9ea,100,DIONISIO CRLOS MARCELO,DIONISIO MARCELO
per_bba3d9250c43105f7bbc,per_d82fcc24f99dcf25290e,100,DIONISIO MARCELO CARLOS,DIONISIO MARCELO CARLOS
per_67af53dc75b90bf5a3f9,per_9f7174cab02d60233b9a,100,DIP LUCRECIA PAULA,DIP LUCRECIA PAULA
per_86da1e120b4c3b82e42a,per_d629e7a8b60419a17b67,100,DIP MALENA,DIP MALENA
per_fffb1be1901b82644a5c,per_eb7c723afe83fdd16622,100,DISALVO PABLO JESUS,DISALVO PABLO JESUS
per_ca34e488d556c07b3cae,per_3ba3f7ab505ccf926301,100,DIZ IGNACIO,IGNACIO
per_5a11db86c1473c2fcdc7,per_8e8c8022bff937872d67,100,DO PICO FRANCISCO,DO PICO FRANCISCO
per_bac10b939a12d3d468ed,per_3965f3041b4f4b2cd214,100,DOLABJIAN CAMILA,DOLABJIAN CAMILA
per_bac10b939a12d3d468ed,per_b92e43122c0033f9a3bf,100,DOLABJIAN CAMILA,SAGASTEGUI PABLO DOLABJIAN CAMILA
per_3965f3041b4f4b2cd214,per_b92e43122c0033f9a3bf,100,DOLABJIAN CAMILA,SAGASTEGUI PABLO DOLABJIAN CAMILA
per_22e42687b26cdad098ef,per_562db96e9a1ff3096022,100,DOMECQ ESTEBAN OSCAR ANSALONI PABLO MIGUEL NICOLAS DE LA PLAZA,NICOLAS DE LA PLAZA
per_516ab957f8be891115ed,per_aabcca8505b5a3a6e465,100,DOMINGO AGUSTIN,DOMINGO AGUSTIN
per_acdc29b77f85d21497a6,per_0b71c02242492d49b1db,100,DOMINGO SANCHEZ FLORENCIA,DOMINGO SANCHEZ FLORENCIA
per_94ecfd3b3137b5fe42d0,per_092cd63f668d9d908742,100,DOMINGUEZ ALONSO RITA EUGENIA,DOMINGUEZ ALONSO RITA EUGENIA
per_6c771e3d3077c14d6f06,per_578e106e56ff07eca0fe,100,DOMINGUEZ CAETANO GASTON,DOMINGUEZ CAETANO GASTON
per_972a6033ec0687bdf62c,per_efa74b27b0ff2de0f38e,100,DOMINGUEZ CECILIA,DOMINGUEZ DIACOLUCA MARIA CECILIA
per_972a6033ec0687bdf62c,per_77c95a59035ff073f88c,100,DOMINGUEZ CECILIA,DOMINGUEZ DIAOLUCA CECILIA
per_972a6033ec0687bdf62c,per_4e889e12671b555453a4,100,DOMINGUEZ CECILIA,DOMINGUEZ MARIA CECILIA
per_efa74b27b0ff2de0f38e,per_4e889e12671b555453a4,100,DOMINGUEZ DIACOLUCA MARIA CECILIA,DOMINGUEZ MARIA CECILIA
per_79c7261eba75fd6dcb4e,per_acee4bcccbfd59818f31,100,DOMINGUEZ FERNANDEZ LUIS FEDERICO,FEDERICO FERNANDEZ
per_41292b09e2bb265ac98b,per_38f3d1572476c9de2167,100,DOMINGUEZ HUGO,DOMINGUEZ HUGO
per_4080ae01913a450b3245,per_cae4f8b5583d6cf35a22,100,DOMINGUEZ JORGE,DOMINGUEZ MATIAS JORGE
per_4080ae01913a450b3245,per_55135083e1bd79e5f3b0,100,DOMINGUEZ JORGE,TALAVERA BRIAN DOMINGUEZ JORGE
per_42d739e2d8f03101d107,per_64382203a75afb1d1203,100,DOMINGUEZ JUAN MANUEL,JUAN MANUEL
per_70208b77f57d52b13a97,per_02984b2374381df0dba6,100,DOMINGUEZ SEBASTIAN ALFREDO LAGO MARCELA NOEMI,LAGO MARCELA NOEMI
per_6ce5c9aac595e4a969ef,per_5e71888159d5b2d84f5a,100,DONISA IGNACIO,DONISA IGNACIO
per_6ce5c9aac595e4a969ef,per_3ba3f7ab505ccf926301,100,DONISA IGNACIO,IGNACIO
per_5e71888159d5b2d84f5a,per_3ba3f7ab505ccf926301,100,DONISA IGNACIO,IGNACIO
per_f1088f94fd7511b2d176,per_64382203a75afb1d1203,100,DONSION JUAN MANUEL,JUAN MANUEL
per_0c08d752334ec9894367,per_3ba3f7ab505ccf926301,100,DORREGO IGNACIO,IGNACIO
per_23345de8949fe05c0c50,per_8f2ea89b6de517f40a3f,100,DORSA GUIDO IGNACIO,DORSA GUIDO IGNACIO
per_23345de8949fe05c0c50,per_3ba3f7ab505ccf926301,100,DORSA GUIDO IGNACIO,IGNACIO
per_8f2ea89b6de517f40a3f,per_3ba3f7ab505ccf926301,100,DORSA GUIDO IGNACIO,IGNACIO
per_3ad5cf8c1d51e084d9ee,per_34420a4872c5d9876ddf,100,DOVICO CHRISTIAN,DOVICO CHRISTIAN
per_d31fde415b98bb3e5461,per_76506131c1c2640e26d4,100,DOYLE NICOLAS PATRICIO,MONTES FERNANDO DIONISIO MARCELO CARLOS DOYLE NICOLAS PATRICIO
per_d08d35ec123550705a47,per_920334d7f16152be6f48,100,DUARTE AGUSTINA,DUARTE AGUSTINA
per_a49babe3e131e5d333e1,per_6c2ffe7927faebec950f,100,DUARTE JORGE HORACIO,DUARTE JORGE HORACIO
per_6b2deff4e38c41c84e3e,per_1b771e010359c5576662,100,DUBCOVSKY SERGIIO ENRIQUE,DUBCOVSKY SERGIIO ENRIQUE
per_0351f60ee5fc481c3aee,per_44962914779b679a3e0d,100,DUCLOS MARCELO,DUCLOS MARCELO
per_d59d1acce6fb4ff4695a,per_3ba3f7ab505ccf926301,100,DUELO VAAN DEUISEN IGNACIO,IGNACIO
per_f3e6d4b8d7aebb7583a5,per_3ba3f7ab505ccf926301,100,DUELO VAN DEUSEN IGNACIO,IGNACIO
per_c72ffd7f58fef5cb07c5,per_f4fd6b6b759c2b652891,100,DUERA MATIAS NICOLAS,DUERA MATIAS NICOLAS
per_add3acee769c1ffc67d5,per_8e5d5a680fe2f285744c,100,DUFFARD MARIA EUGENIA,DUFFARD MARIA EUGENIA
per_fd04996d213e42a06dbc,per_a734e37dff9e21ed7c45,100,DUPONT MARIANA,DUPONT MARIANA
per_5ccf7eaa0cb69c8ac761,per_5db58ad38bd04b341240,100,DURAN CISNEROS ARACELI,DURAN CISNEROS ARACELI
per_46608cb2f9c2e42ad9c2,per_9ca59b89ffe9a0b1b2f6,100,DURAN CISNEROS ARACELI PEPE GABRIELA,PEPE GABRIELA
per_46608cb2f9c2e42ad9c2,per_153578e29f1d08b1d48e,100,DURAN CISNEROS ARACELI PEPE GABRIELA,PEPE GABRIELA
per_a78a31d72dbf86443a43,per_2b9bd08f66ee1b6623e2,100,DURAN EDGAR,DURAN EDGAR
per_c6311914a54c6964700c,per_3ba3f7ab505ccf926301,100,DURAN IGNACIO,IGNACIO
per_09a560e1040a787b98c6,per_53cc1072fb67dde6ec47,100,DURAN VACA PATRICIA,DURAN VACA PATRICIA
per_516252cd9a7082c98cbd,per_40659a1ebc0b42442b65,100,DURDOS MARIA ALEJANDRA,DURDOS MARIA ALEJANDRA
per_0f7b387e36201b156b86,per_4be8907bff9eb62b811c,100,DURE DANIEL,DURE DANIEL
per_0f7b387e36201b156b86,per_f78386d70bc262eff62a,100,DURE DANIEL,FERRANDO ANDREA DURE DANIEL
per_4be8907bff9eb62b811c,per_f78386d70bc262eff62a,100,DURE DANIEL,FERRANDO ANDREA DURE DANIEL
per_46ff2d1cdd9cd7cec50c,per_20561ebd062edaef8735,100,DURE DANIEL GRANDIO MARCELO,GRANDIO MARCELO
per_3b35d29b17ebb7f4885f,per_f2bfab8d16596322758f,100,DURE DANIEL GRIMALDI IGNACIO,GRIMALDI IGNACIO
per_3b35d29b17ebb7f4885f,per_30f1808771bea3baf63f,100,DURE DANIEL GRIMALDI IGNACIO,GRIMALDI IGNACIO
per_3b35d29b17ebb7f4885f,per_3ba3f7ab505ccf926301,100,DURE DANIEL GRIMALDI IGNACIO,IGNACIO
per_f2a2ea8d0262d02e948c,per_e0809d98bc695227d86e,100,DURE DANIEL MORANDO DELGADO LUCAS HERNAN ELIAS GOMEZ,ELIAS GOMEZ
per_f2a2ea8d0262d02e948c,per_31c7b6588e65507bf8d2,100,DURE DANIEL MORANDO DELGADO LUCAS HERNAN ELIAS GOMEZ,HERNAN GOMEZ
per_e93b98688783a0b6e41a,per_b924968067c9dc2adb6e,100,DURE DANIEL PEIS GASTON,PEIS GASTON
per_d2a4f257c544fd8539ee,per_b1421b836827ede72acd,100,DURE DANIEL ROSENBLIT ANDREA JOHANA,ROSENBLIT ANDREA JOHANA
per_ce0de8d2c5160262a3b1,per_65ca7d715ff25d9ff2de,100,DUTRA MANUEL,DUTRA MANUEL
per_ce0de8d2c5160262a3b1,per_1b9c935753e15688d481,100,DUTRA MANUEL,LUGO GUSTAVO DUTRA MANUEL CASTRELLON JOSE MARTIN
per_65ca7d715ff25d9ff2de,per_1b9c935753e15688d481,100,DUTRA MANUEL,LUGO GUSTAVO DUTRA MANUEL CASTRELLON JOSE MARTIN
per_ce0de8d2c5160262a3b1,per_7bc724ce7d895d39dba9,100,DUTRA MANUEL,MARIA ELENA MAZZANTINI DUTRA MANUEL MASCI DIEGO MARIANO
per_65ca7d715ff25d9ff2de,per_7bc724ce7d895d39dba9,100,DUTRA MANUEL,MARIA ELENA MAZZANTINI DUTRA MANUEL MASCI DIEGO MARIANO
per_f37c369102cb1c08a8b0,per_3daf176236fac1718408,100,DUTRA MANUEL SANTIUSTE LEONARDO,SANTIUSTE LEONARDO
per_f37c369102cb1c08a8b0,per_21e2c30a6464bdebbcd8,100,DUTRA MANUEL SANTIUSTE LEONARDO,SANTIUSTE LEONARDO
per_4635b7352b16086b981c,per_35e37a1a6fcaead5a8a1,100,DUTRA MANUEL SERVENTI MARIA ALEJANDRA,SERVENTI ALEJANDRA
per_4635b7352b16086b981c,per_46f5607302db3fdf1c2b,100,DUTRA MANUEL SERVENTI MARIA ALEJANDRA,SERVENTI MARIA ALEJANDRA
per_4635b7352b16086b981c,per_48700c9158ef78e5e3fe,100,DUTRA MANUEL SERVENTI MARIA ALEJANDRA,SERVENTI MARIA ALEJANDRA
per_4635b7352b16086b981c,per_49adc6fc6e84543f092e,100,DUTRA MANUEL SERVENTI MARIA ALEJANDRA,SERVENTI MARIA ALEJANDRA
per_605d9e0289d90f296167,per_808bb3efb6d8646c3ec4,100,DUYMOVICH DIEGO,DUYMOVICH DIEGO
per_605d9e0289d90f296167,per_4ec7eef8cefeb19d68f9,100,DUYMOVICH DIEGO,FIGUERAS JAVIER DUYMOVICH DIEGO
per_808bb3efb6d8646c3ec4,per_4ec7eef8cefeb19d68f9,100,DUYMOVICH DIEGO,FIGUERAS JAVIER DUYMOVICH DIEGO
per_9064a4900c0092343b26,per_3daf176236fac1718408,100,DUYMOVICH DIEGO SANTIUSTE LEONARDO,SANTIUSTE LEONARDO
per_9064a4900c0092343b26,per_21e2c30a6464bdebbcd8,100,DUYMOVICH DIEGO SANTIUSTE LEONARDO,SANTIUSTE LEONARDO
per_49ff68c11cb24a1d3d39,per_fc45d4ba279986120f01,100,DZUGALA CATERINA,DZUGALA CATERINA
per_ff5a76deb5ec1f3e4d50,per_4a49714a675e2ca4c2e4,100,DZWONK CRISTIAN GUSTAVO,DZWONK CRISTIAN GUSTAVO
per_afb6178c0f21cbe23190,per_26c7e27229c5a6d13a60,100,ECHEVERRIA HUGO,ECHEVERRIA HUGO
per_6363fc586b40a3e837b0,per_a97f052feacdbb6a3e28,100,ECHEZARRETA DIEGO,ECHEZARRETA DIEGO
per_c762b44e1e55f1baeeda,per_969844f9dea3e5475e16,100,ECHEZARRETA DIEGO GABRIEL,ECHEZARRETA DIEGO GABRIEL
per_0d0f968883795ecf8d5c,per_efc071df667796de5e84,100,EDELMAN RUBEN,EDELMAN RUBEN
per_e6ababaa87a1143af18d,per_3ffc6da58c7ff6696728,100,EDGARDO OJEDA,OJEDA
per_c1de6ecdfb473fefd22c,per_5e5526c9abab4e5f0d07,100,EDJANG MANGUE SUSANA,EDJANG SUSANA
per_3c5b7000acdcf066279f,per_633e90f128d1ff406451,100,EDUARDO FRANCISCO GONZALEZ,EDUARDO GONZALEZ
per_3c5b7000acdcf066279f,per_0e98f59d20a1355ef1f8,100,EDUARDO FRANCISCO GONZALEZ,EDUARDO GONZALEZ
per_633e90f128d1ff406451,per_0e98f59d20a1355ef1f8,100,EDUARDO GONZALEZ,EDUARDO GONZALEZ
per_3b557b85aeca0ff07572,per_1e0d4917ed45feac4935,100,EDWIN NICOLAS,EDWIN NICOLAS
per_493651ef864a89a18d77,per_79f26a18e180ed59e4e8,100,EGANA GERVASIO ANDRES,EGANA GERVASIO ANDRES
per_c72a9f51e137ec2226a2,per_a40ab9ac0313cf8712a4,100,EGUIA FACUANDO JULIAN,EGUIA FACUANDO JULIAN
per_8d0579dcc2de3dbd6051,per_3ba3f7ab505ccf926301,100,EGUREN NICOLAS IGNACIO,IGNACIO
per_9e730776a95550e657b0,per_00a90c0907a1b43cfa80,100,EGUREN NICOLAS IGNACION,MALAS GARCIA NANCI EGUREN NICOLAS IGNACION
per_4815232768e53244008d,per_3ba3f7ab505ccf926301,100,EHLERS JUAN IGNACIO,IGNACIO
per_ed28e63dd7ae56c01359,per_07d7805f25f5f7eea5fb,100,EKART KARINA,EKART KARINA
per_d354bffd4963bc1f177c,per_86a54b7fbc553cf4c2c2,100,EL HAMDAN MAURO,EL HAMDAN MAURO
per_40b6fe817a60947d1aa0,per_3ffc6da58c7ff6696728,100,ELENA OJEDA,OJEDA
per_5f4c15511cae20576b13,per_5caecc5a96d5c0dc04e3,100,ELGUERO MARIA,PEREYRA CASADO MICHELLE ELGUERO MARIA
per_9e5cd587b08c49f4c548,per_d4ca9ee2ecfc5be2e57e,100,ELGUERO MARIA MERCEDES,ELGUERO MERCEDES
per_9e5cd587b08c49f4c548,per_031646585b1595bf563b,100,ELGUERO MARIA MERCEDES,STURZENEGER FEDERICO FEDERICO RAMOS NAPOLI ELGUERO MARIA MERCEDES
per_240922fde4e1380175ab,per_1d7629a209d107dfb568,100,ELGUERO MARIA MERCEDES MARCO MARIA VICTORIA TENCONI EDUARDO RICARDO,TENCONI EDUARDO RICARDO
per_d4ca9ee2ecfc5be2e57e,per_031646585b1595bf563b,100,ELGUERO MERCEDES,STURZENEGER FEDERICO FEDERICO RAMOS NAPOLI ELGUERO MARIA MERCEDES
per_12074d8832ad32a5cc3f,per_26c8fbd7d30e6c50f6a9,100,ELIAS GOMEZ KONSTANTINOVSKY PERINA EMILIO LEONARDO,GOMEZ LEONARDO
per_12074d8832ad32a5cc3f,per_76f0c18ec2c8b16c1209,100,ELIAS GOMEZ KONSTANTINOVSKY PERINA EMILIO LEONARDO,GOMEZ LEONARDO
per_12074d8832ad32a5cc3f,per_6ea769db48a15c41fe44,100,ELIAS GOMEZ KONSTANTINOVSKY PERINA EMILIO LEONARDO,KONSTANTINOVSKY PERINA EMILIO LEONARDO
per_12074d8832ad32a5cc3f,per_d7d1cc83c756fa44f528,100,ELIAS GOMEZ KONSTANTINOVSKY PERINA EMILIO LEONARDO,KONSTANTINOVSKY PERINA EMILIO LEONARDO
per_2662d0c72c00c727e75f,per_5f743df5284938abfc26,100,EMILIA GARCIA,EMILIA GARCIA
per_09a2bacbd5c140864e07,per_509862c43312ad93b8de,100,EMMA NICOLAS,EMMA NICOLAS
per_e19b9229ef7bae6d3954,per_844227eea2ce14b85a65,100,EMMANUEL DOMINGUEZ,EMMANUEL DOMINGUEZ
per_57048cd597bf05338de8,per_19da7f20450f3b420fd7,100,EMMANUEL POLETTO,EMMANUEL POLETTO
per_687302b75074c42f04cd,per_f4307d65cde64ec3a762,100,ENCINA LORENA,ENCINA LORENA
per_b56d8f3d7c10866da620,per_1eadf02796ab859dd340,100,ENCINA LORENA GUZMAN HUGO ALEJANDRO ESCUDERO MARIANA,ESCUDERO MARIANA
per_b56d8f3d7c10866da620,per_70a56298e0d9baa18dad,100,ENCINA LORENA GUZMAN HUGO ALEJANDRO ESCUDERO MARIANA,ESCUDERO MARIANA
per_5e215748171368fffe5d,per_93133e652fc80ea87c21,100,ENRIQUEZ GABRIEL EDUARDO,ENRIQUEZ GABRIEL EDUARDO
per_59175d65eb83d879dce2,per_58acce6d301ced877810,100,ENRIQUEZ MANUEL,GRCIA ENRIQUEZ MANUEL
per_24bea5c218c9d40bcac8,per_e831828dab835f69ab44,100,ENRIQUEZ MARIANO,ENRIQUEZ MARIANO
per_7227697722e611bedbf0,per_9a6bf508bbfa62304e62,100,EPSTEIN DARIO GUSTAVO PAIER ANGELA,PAIER ANGELA
per_b729ba103b482ec09cf2,per_6f55f94b366a308462da,100,EPSZTEYN EDUARDO EZEQUIEL,EPSZTEYN EDUARDO EZEQUIEL
per_8fcf1a8ed831d1bc8e85,per_73864ffda8cf2f4fe39d,100,ERAN NAGAN,ERAN NAGAN
per_8372052e7f7c1532793f,per_801b15c54c3385f2f673,100,ERCOLESSI SEBASTIAN,ERCOLESSI SEBASTIAN
per_4a0925752b86bef2db7a,per_39f8a2afdbf2f9e9eec6,100,EREMITA EUGENIA,EREMITA MARIA EUGENIA
per_7fdc82384db718d247a6,per_06951a4730cf6a381f4c,100,ERIC SABA,ERIC SABA
per_3f9cbc17f4a09e64ecb3,per_b65931d57791435eae99,100,ESCOBAR JUAN IGNACIO,ESCOBAR JUAN IGNACIO
per_3f9cbc17f4a09e64ecb3,per_3ba3f7ab505ccf926301,100,ESCOBAR JUAN IGNACIO,IGNACIO
per_b65931d57791435eae99,per_3ba3f7ab505ccf926301,100,ESCOBAR JUAN IGNACIO,IGNACIO
per_5dd729c096c582bc26d5,per_e94fd9403f3b85f5b959,100,ESCOBAR JUAN IGNACIO GUAYMAS CARLOS NUNEZ YANINA,NUNEZ YANINA
per_5682f8773cbf005e9d7a,per_e94fd9403f3b85f5b959,100,ESCOBAR JUAN IGNACIO OLIVERO MATIAS EZEQUIEL NUNEZ YANINA,NUNEZ YANINA
per_c4c0b6da50f7b49d38f6,per_4d193e202ce0bd569dc2,100,ESCOTTO RODRIGUEZ TOMAS AGUSTIN,RODRIGUEZ AGUSTIN
per_c4c0b6da50f7b49d38f6,per_fe660aa9818c70d887f9,100,ESCOTTO RODRIGUEZ TOMAS AGUSTIN,RODRIGUEZ AGUSTIN
per_80a9164146893690e437,per_a8420f07553e820414e9,100,ESCRIBANO ANDREA EPSTEIN DARIO GUSTAVO GUTIERREZ TOMAS,GUTIERREZ TOMAS
per_50b51145d5929eec8f38,per_cdbdd756bbc489e2bded,100,ESCUDER MARIA LAURA,ESCUDER MARIA LAURA
per_1eadf02796ab859dd340,per_70a56298e0d9baa18dad,100,ESCUDERO MARIANA,ESCUDERO MARIANA
per_3f461b5522db99b7bd56,per_ea5e6989852c4c6257e1,100,ESPER JUAN JOSE,ESPER ZAMAR JUAN JOSE
per_f68b42d40c63134b346f,per_06ba8825222789c76634,100,ESPERT JOSE LUIS,ESPERT JOSE LUIS
per_0d20310bbf4462b72f22,per_199c216e04448cf0f8e2,100,ESPINA RAWSON MARIO,ESPINA RAWSON MARIO
per_0d20310bbf4462b72f22,per_e8e3fd15748e088960d8,100,ESPINA RAWSON MARIO,GOMEZ ELIAS ARTURO ESPINA RAWSON MARIO
per_199c216e04448cf0f8e2,per_e8e3fd15748e088960d8,100,ESPINA RAWSON MARIO,GOMEZ ELIAS ARTURO ESPINA RAWSON MARIO
per_0d20310bbf4462b72f22,per_e4df0b2ed89135dbfd21,100,ESPINA RAWSON MARIO,REIDEL DEMIAN ESPINA RAWSON MARIO
per_199c216e04448cf0f8e2,per_e4df0b2ed89135dbfd21,100,ESPINA RAWSON MARIO,REIDEL DEMIAN ESPINA RAWSON MARIO
per_0d20310bbf4462b72f22,per_f36ba4d3a3a140b8a831,100,ESPINA RAWSON MARIO,YEDRO CARLOS ESPINA RAWSON MARIO
per_199c216e04448cf0f8e2,per_f36ba4d3a3a140b8a831,100,ESPINA RAWSON MARIO,YEDRO CARLOS ESPINA RAWSON MARIO
per_115397e8a5182d905a7d,per_cedbf84718459c7cf54f,100,ESPINOL CANDELARIA,ESPINOL CANDELARIA
per_6163dab4289ab5c51166,per_670a0e3357f6ad8a6cc9,100,ESPINOLA ALEJANDRO,ESPINOLA MANUEL ALEJANDRO
per_6163dab4289ab5c51166,per_3c0f1238d3e5e7ebfd7d,100,ESPINOLA ALEJANDRO,ESPINOLA MARTINEZ GABRIEL ALEJANDRO
per_140567d66146a1850e72,per_b0878319b52239a8aa48,100,ESPINOLA ARNALDO ANDRES,ESPINOLA ARNALDO ANDRES
per_8d77c426a917f04b72d2,per_5451c442d2954e9add21,100,ESPINOLA CHAMARRO VIRGILIO,ESPINOLA CHAMARRO VIRGILIO
per_a815f4affee64276a5a9,per_979a2fd946aa68c414da,100,ESPINOSA LUCAS,ESPINOSA LUCAS
per_df9eb37aa5d26d8dab58,per_bc1819a340b6c2aa73e2,100,ESPINOSA MARCELO DANIEL,ESPINOSA MARCELO DANIEL
per_61c4a0373f650b029d76,per_8f301f8f936d1e5f682e,100,ESPOLA MARIA MARTA,ESPOLA MARIA MARTA
per_02aa86face4cbf6e755c,per_c565d81ff2cb86180532,100,ESTEBAN CLAUDIA,ESTEBAN CLAUDIA
per_814b0884b3788e26898b,per_0960564fa60fdf5588a3,100,ESTEBES LUIS,ESTEBES LUIS
per_2045439cf5ef62c51c35,per_699897749fddc2a7e251,100,ESTELA ROMERO,ESTELA ROMERO
per_344232c37012caa7cf46,per_e7b83482f59229700cd7,100,ESTERUELAS EMSO PATRICK,ESTERUELAS EMSO PATRICK
per_75c290950ba727eb2a6f,per_caea50b737c01d78620e,100,ESTESO ALEJANDRA DAFNE,ESTESO ALEJANDRA DAFNE
per_82b29b3cf2e15a2cc026,per_89772fd541e43b4bc0ed,100,ESTEVEZ BENDOMIR,ESTEVEZ BENDOMIR
per_196f484c634a1745d5e3,per_37cdeba9cdd253526318,100,ESTEVEZ ENRIQUE JULIO,ESTEVEZ ENRIQUE JULIO
per_d3899f585eb5a4107a61,per_51d847a53e0af523e81d,100,ESTEVEZ PABLO ESTEBAN,ESTEVEZ PABLO ESTEBAN
per_9aa81d38abe0f326a107,per_423964dfc28eb03cf963,100,ETCHEBARNE AGUSTIN,ETCHEBARNE BULLRICH AGUSTIN
per_c93ac29e8b9273ca48e4,per_33c8a43ba96e4474cb0a,100,ETCHEBERE RAUL,ETCHEBERE RAUL
per_78173afd5913e6d2dba4,per_c4ceb53fa7e14881eac4,100,ETCHEBERRY MARIA PAULA,ETCHEBERRY MARIA PAULA
per_508f3bf8a0fb020029d7,per_d623bae2adbf12135e34,100,ETCHENIQUE JUAN,ETCHENIQUE JUAN
per_bb31af63b5c2967f6d76,per_cdcd59b346d812d442ea,100,ETCHEVERE ARTURO,ETCHEVERE ARTURO
per_1d0776514a5f4d25cb6e,per_ce0fdbc8cacce4b8d21c,100,ETCHEVERRI MARIA SOLEDAD,ETCHEVERRI MARIA SOLEDAD
per_1c0b5d27753db0683830,per_9df672e3adb6b61bcc11,100,ETCHEVERS MARTIN,ETCHEVERS MARTIN
per_af5918e75a5b6b1e8ce0,per_5f723858cdcd566bb207,100,ETCHEVERS MARTIN FRANCOS GUILLERMO,FRANCOS GUILLERMO
per_af5918e75a5b6b1e8ce0,per_dc80d73bb7913e2fe033,100,ETCHEVERS MARTIN FRANCOS GUILLERMO,FRANCOS GUILLERMO
per_028b9bcc91dc64107412,per_5b41a4b25ac902657411,100,ETERIVICH LUCRECIA,ETERIVICH LUCRECIA
per_028b9bcc91dc64107412,per_cb4021cd555230dbbf31,100,ETERIVICH LUCRECIA,MENEM EDUARDO ETERIVICH LUCRECIA
per_5b41a4b25ac902657411,per_cb4021cd555230dbbf31,100,ETERIVICH LUCRECIA,MENEM EDUARDO ETERIVICH LUCRECIA
per_a305e74c9115d0dc1671,per_2ff795e24f031df548eb,100,EURNEKIAN HUGO,EURNEKIAN HUGO
per_f4634c39dc7633ff782b,per_a085450474d69916426f,100,EURNEKIAN MARTIN,EURNEKIAN MARTIN
per_88c2395ec500959098bc,per_5615257365aac6d0278f,100,EURNEKIAN MARTIN GRILLONE PABLO,GRILLONE PABLO
per_c006aee09527b98af709,per_2a87bbe4db9b5f0a6ed4,100,EXPOSITO AGUSTIN,EXPOSITO AGUSTIN
per_600bc447bedce0933454,per_3f32f43fb8b05fa16a08,100,EYAL SELA,EYAL SELA
per_2b765caeba88c4c1271f,per_3fc566d0cb9de3c1cf68,100,EZRA JACOB GONXTOWNIK GARCIA ANTONIO,GARCIA ANTONIO
per_2b765caeba88c4c1271f,per_d8821f05037e35e0f367,100,EZRA JACOB GONXTOWNIK GARCIA ANTONIO,GARCIA ANTONIO
per_9613f6366a9766bea548,per_6f719991befb696ae276,100,FABA GUSTAVO,FABA GUSTAVOFABA GUSTAVO
per_9613f6366a9766bea548,per_021afdf8e56b7807845c,100,FABA GUSTAVO,FABA GUSTAVOFABA GUSTAVO
per_6f719991befb696ae276,per_021afdf8e56b7807845c,100,FABA GUSTAVOFABA GUSTAVO,FABA GUSTAVOFABA GUSTAVO
per_bf257f958c2a7edb14e2,per_b3a4eeb64c8cf582f86e,100,FABIAN VALENTIN EZCURRA EZEYSA,FABIAN VALENTIN EZCURRA EZEYSA
per_0abb2dd8baaffe2ff987,per_a733357cc9d489eaafc8,100,FABRISI VICTORIA,FABRISI VICTORIA
per_d00fd057c7a39bc9fb7e,per_52d61782c072fd0d3f7a,100,FABRIZIO ADRIAN,FABRIZIO ADRIAN
per_b456aae6cd2eff0d924b,per_960072d4c697cc8f18bc,100,FACORRO JUAN MANUEL,FACORRO JUAN MANUEL
per_b456aae6cd2eff0d924b,per_64382203a75afb1d1203,100,FACORRO JUAN MANUEL,JUAN MANUEL
per_960072d4c697cc8f18bc,per_64382203a75afb1d1203,100,FACORRO JUAN MANUEL,JUAN MANUEL
per_75060ea24371f7a0c898,per_85cd7f48e26f7a779c66,100,FAGIOLI GONZALO CARLOS MARTIN,FAGIOLI GONZALO CARLOS MARTIN
per_98e521eb306fa134965c,per_a8c29b0710ffd57f5ea6,100,FAIENZA ANTONELLA,FAIENZA ANTONELLA
per_e2865ed8661ca1612ce6,per_b1bd8c10c887c4a760a4,100,FAILIA MAXIMILIANO,FAILIA MAXIMILIANO
per_66dd27ef50d315c3ef13,per_316137946c30d1863f73,100,FAINMAN GABRIELA,FAINMAN GABRIELA
per_4a1f9835cde993ff0c81,per_88733b69b1fb08f4bd63,100,FALAPPA MARIA CATALINA,FALAPPA MARIA CATALINA
per_883977b36dab0527b1fa,per_11232fd7f236a70136b1,100,FALCO FEDERICO,FALCO FEDERICO
per_421284d0d6c60b857b70,per_4512494e1adcca0d1d89,100,FALCONE EDUARDO,FALCONE EDUARDO
per_50a1d49eda41dd65a344,per_00ce6d3bd0d4dd615570,100,FALZONE HECTOR SERGIO,FALZONE HECTOR SERGIO
per_d3deba3f9aa16224060b,per_36adbb29d8b174ab139b,100,FANESSI GIULIANA,FANESSI GIULIANA
per_76ebd42faf6141b58a52,per_23ad05693a8a066734e3,100,FANNY ZAPATA,FANNY ZAPATA
per_8119db3e2f132a59d89b,per_6e9ecd6390de863660f8,100,FARIAS ANDRE ABELARDO,FARIAS JULIAN ANDRE ABELARDO
per_374c8ea3ca2ffe8a1ad0,per_92022c57980b53a5e503,100,FARIAS ANDREA YANIL,FARIAS ANDREA YANIL
per_0588686fd59d60ba6712,per_dadfa7cd91ef3d28d9cf,100,FARIAS ARIEL,FARIAS ARIEL
per_c889646e7e2ba09370e0,per_a9171d7df993337f7870,100,FARIAS JORGE,FARIAS JORGE
per_fc070c02c9ea01115335,per_2a9bf92287c6c544c59f,100,FARIAS MARIANA,FARIAS MARIANA
per_a6b9024797ad61dd5319,per_0170bafc36392d7b4619,100,FARINA MAXIMILIANO,FARINA MAXIMILIANO
per_a6b9024797ad61dd5319,per_4dcd656bb0a41b4d6901,100,FARINA MAXIMILIANO,FARINA MAXIMILIANO MATIAS
per_0170bafc36392d7b4619,per_4dcd656bb0a41b4d6901,100,FARINA MAXIMILIANO,FARINA MAXIMILIANO MATIAS
per_0170bafc36392d7b4619,per_cf751299ba6be855fb12,100,FARINA MAXIMILIANO,FARINA MAXIMILIANO MATIAS
per_a6b9024797ad61dd5319,per_e66d0b8b8163cb713f94,100,FARINA MAXIMILIANO,LEGUIZAMON FRANCISCO LAUTARO MARCO MARIA VICTORIA FARINA MAXIMILIANO
per_0170bafc36392d7b4619,per_e66d0b8b8163cb713f94,100,FARINA MAXIMILIANO,LEGUIZAMON FRANCISCO LAUTARO MARCO MARIA VICTORIA FARINA MAXIMILIANO
per_a6b9024797ad61dd5319,per_ca6b557f624fc4c9fa5f,100,FARINA MAXIMILIANO,RODRIGUEZ LUCIA FARINA MAXIMILIANO
per_0170bafc36392d7b4619,per_ca6b557f624fc4c9fa5f,100,FARINA MAXIMILIANO,RODRIGUEZ LUCIA FARINA MAXIMILIANO
per_a6b9024797ad61dd5319,per_d529e88ba1bb69e06a94,100,FARINA MAXIMILIANO,STUZENEGGER FEDERICO OLIVIERI PINTO ROBERTO FARINA MAXIMILIANO
per_0170bafc36392d7b4619,per_d529e88ba1bb69e06a94,100,FARINA MAXIMILIANO,STUZENEGGER FEDERICO OLIVIERI PINTO ROBERTO FARINA MAXIMILIANO
per_48be9be4901184789dab,per_6e374fa9874ea65237f6,100,FARINA MAXIMILIANO LAVIGNE PABLO,FARINA PABLO
per_48be9be4901184789dab,per_3ef6ddee7bb5c149779e,100,FARINA MAXIMILIANO LAVIGNE PABLO,LAVIGNE PABLO
per_48be9be4901184789dab,per_8baee58f79a4e7664695,100,FARINA MAXIMILIANO LAVIGNE PABLO,LAVIGNE PABLO
per_4dcd656bb0a41b4d6901,per_cf751299ba6be855fb12,100,FARINA MAXIMILIANO MATIAS,FARINA MAXIMILIANO MATIAS
per_e4f689e28cf263242e4b,per_22e7ed954385c983fcd3,100,FARINATI SANTIAGO MANUEL,FARINATI SANTIAGO MANUEL
per_78d1d856c9db046de3f4,per_a7809ade218a67e44673,100,FASANELLA LUIS ADRIAN,FASANELLA LUIS ADRIAN
per_791b8cb664f0eb009e78,per_a4c3dd876159c0c1d1fc,100,FASSI ANDRES MIGUEL ORO AZUAGA MARIA DEL CARMEN,ORO AZUAGA MARIA DEL CARMEN
per_9e65bbfb2e3c505ded98,per_1435b91da94d1bcbdd02,100,FASULO FABRICIO GABRIEL,FASULO FABRICIO GABRIEL
per_fed2b87b96365b990243,per_20bcd34253db4f9f3554,100,FEDERICK SERGO ALEM,FEDERICK SERGO ALEM
per_e0b6d7f05969795df26c,per_77d6068b75b388441397,100,FEDERICO EZEQUIEL,FEDERICO NICOLAS EZEQUIEL
per_e0b6d7f05969795df26c,per_f4825e3ed4c2b669221a,100,FEDERICO EZEQUIEL,GIMENEZ FEDERICO EZEQUIEL
per_acee4bcccbfd59818f31,per_3479152ee628b2a1fb70,100,FEDERICO FERNANDEZ,FERNANDEZ ALVAREZ FEDERICO
per_acee4bcccbfd59818f31,per_0f82e0743145abd081f0,100,FEDERICO FERNANDEZ,FERNANDEZ NAHUEL FEDERICO
per_acee4bcccbfd59818f31,per_2a8d33a7ab19009d97f5,100,FEDERICO FERNANDEZ,FERNANDEZ SASSO FEDERICO
per_acee4bcccbfd59818f31,per_d53bda5650f74dc578f3,100,FEDERICO FERNANDEZ,FERNANDEZ SASSO FEDERICO
per_acee4bcccbfd59818f31,per_76d70d071440cac51716,100,FEDERICO FERNANDEZ,FERNANDEZ SUAREZ LEANDRO FEDERICO
per_acee4bcccbfd59818f31,per_ede427516bc2a673b6c4,100,FEDERICO FERNANDEZ,FERNANDEZ VALENTI FEDERICO
per_acee4bcccbfd59818f31,per_d4cb0384a59189c4e5eb,100,FEDERICO FERNANDEZ,PECILE FERNANDEZ FEDERICO
per_acee4bcccbfd59818f31,per_c1ec9276e6543ec8cc83,100,FEDERICO FERNANDEZ,PEREYRA CASADO MICHELLE FEDERICO FERNANDEZ
per_d68a3708cc81ca49f4ca,per_4fec99689e004e15ede7,100,FEDERICO FERNANDEZ VALENTI,FEDERICO FERNANDEZ VALENTI
per_6556df493971fe3f17d9,per_2f4492b5cc9dbe252ab5,100,FEDERICO PABLO,FEDERICO PABLO
per_8ca0373bd507bac85d87,per_c6a2bab1398dfeb524dd,100,FEDERICO RAMOS NAPOLI,FEDERICO RAMOS NAPOLI
per_e7246b6fa95b14656212,per_8c7923a90408a1dac15f,100,FEDERICO RIVAS MOLINA,FEDERICO RIVAS MOLINA
per_e7246b6fa95b14656212,per_537e6d9e1c7ad604c8ca,100,FEDERICO RIVAS MOLINA,MOLINA
per_8c7923a90408a1dac15f,per_537e6d9e1c7ad604c8ca,100,FEDERICO RIVAS MOLINA,MOLINA
per_8c7923a90408a1dac15f,per_787492609ce51ca35c9e,100,FEDERICO RIVAS MOLINA,MOLINA
per_d05e1501923159df68a7,per_2ceac71c0a8ba618d4ac,100,FELDMAN FLORENCIA,FELDMAN FLORENCIA
per_93ad9b5240bc41d8fba0,per_5ab78ab7ceb12a79dab1,100,FELIPE JUAN ALVAREZ,JUAN FELIPE ALVAREZ
per_2965aa3113f8c635d4d7,per_28ed68003c66ce8a3436,100,FERNANDEZ AEBERT SEBASTIAN,FERNANDEZ SEBASTIAN
per_23f120f9fa591925d17f,per_b8c726ef85739b21359c,100,FERNANDEZ AGUSTIN IGNACIO,FERNANDEZ AGUSTIN IGNACIO
per_23f120f9fa591925d17f,per_3ba3f7ab505ccf926301,100,FERNANDEZ AGUSTIN IGNACIO,IGNACIO
per_b8c726ef85739b21359c,per_3ba3f7ab505ccf926301,100,FERNANDEZ AGUSTIN IGNACIO,IGNACIO
per_ed1000d327756dde1abd,per_dae0dbae839382a6d1f6,100,FERNANDEZ ALBERTO,FERNANDEZ CARLOS ALBERTO
per_ed1000d327756dde1abd,per_c438057fa99fa3f5d5f6,100,FERNANDEZ ALBERTO,FERNANDEZ CARLOS ALBERTO
per_ed1000d327756dde1abd,per_67768642a82410ad423a,100,FERNANDEZ ALBERTO,FERNANDEZ CARLOS ALBERTO
per_4e9afe67c08f54254e53,per_b9dbb85fcad8bb673d04,100,FERNANDEZ ALEJANDRO,FERNANDEZ DIEGO ALEJANDRO
per_4e9afe67c08f54254e53,per_1cf126e18140c13e27d1,100,FERNANDEZ ALEJANDRO,FERNANDEZ PROTOMASTRO GUSTAVO ALEJANDRO
per_6e1119673043aac817b2,per_d073f60818196f4a98af,100,FERNANDEZ ALEXIS,FERNANDEZ ALEXIS
per_ecce22bbc5b345615c39,per_e260949068bcda068a72,100,FERNANDEZ ANDREA CECILIA,FERNANDEZ CECILIA
per_28c19db5ee9852eab8de,per_144efd8762410f53a1da,100,FERNANDEZ ANTONIO CECILIO,FERNANDEZ ANTONIO CECILIO
per_deda23c5e9a803df423c,per_4397116c38af1c95d97b,100,FERNANDEZ BEGNI JUAN FACUNDO,FERNANDEZ FACUNDO
per_002e4746f335339db3c4,per_3ba3f7ab505ccf926301,100,FERNANDEZ BORZESE IGNACIO,IGNACIO
per_002e4746f335339db3c4,per_c6463385cd3c9209175f,100,FERNANDEZ BORZESE IGNACIO,MARCOS MILASOVICH CHAMORRO AXEL FERNANDEZ BORZESE IGNACIO
per_0091e7a79d832d2edf23,per_f9aed283160eb179aa5c,100,FERNANDEZ BRAVO CARLOS,FERNANDEZ CARLOS
per_0091e7a79d832d2edf23,per_23aa00c9d81d7a82f7b2,100,FERNANDEZ BRAVO CARLOS,FERNANDEZ CARLOS
per_3b56d14d4713fff156b4,per_efd979f0422ac3a661e0,100,FERNANDEZ CARBALLO JOSE LUIS,FERNANDEZ JOSE LUIS
per_3b56d14d4713fff156b4,per_ff8ffe98661c71b4708a,100,FERNANDEZ CARBALLO JOSE LUIS,FERNANDEZ JOSE LUIS
per_f9aed283160eb179aa5c,per_23aa00c9d81d7a82f7b2,100,FERNANDEZ CARLOS,FERNANDEZ CARLOS
per_f9aed283160eb179aa5c,per_581a7a66d36a21569a57,100,FERNANDEZ CARLOS,FERNANDEZ JUAN CARLOS
per_f9aed283160eb179aa5c,per_665341d957503956f28d,100,FERNANDEZ CARLOS,FERNANDEZ JUAN CARLOS
per_23aa00c9d81d7a82f7b2,per_665341d957503956f28d,100,FERNANDEZ CARLOS,FERNANDEZ JUAN CARLOS
per_f9aed283160eb179aa5c,per_e9ddf5f6c523a1401dee,100,FERNANDEZ CARLOS,FERNANDEZ ROBERTO CARLOS
per_23aa00c9d81d7a82f7b2,per_e9ddf5f6c523a1401dee,100,FERNANDEZ CARLOS,FERNANDEZ ROBERTO CARLOS
per_f9aed283160eb179aa5c,per_aeff1d4840be524f1f8b,100,FERNANDEZ CARLOS,VALDOVINOS FERNANDEZ CARLOS
per_23aa00c9d81d7a82f7b2,per_aeff1d4840be524f1f8b,100,FERNANDEZ CARLOS,VALDOVINOS FERNANDEZ CARLOS
per_dae0dbae839382a6d1f6,per_c438057fa99fa3f5d5f6,100,FERNANDEZ CARLOS ALBERTO,FERNANDEZ CARLOS ALBERTO
per_c438057fa99fa3f5d5f6,per_67768642a82410ad423a,100,FERNANDEZ CARLOS ALBERTO,FERNANDEZ CARLOS ALBERTO
per_256e38ffb5b55e5e1655,per_3fef2bd93ba454be842e,100,FERNANDEZ CARLOS ALBERTO SANCHEZ EDUARDO,SANCHEZ EDUARDO
per_9caea9111805460cec45,per_28ed68003c66ce8a3436,100,FERNANDEZ CERDENA SEBASTIAN,FERNANDEZ SEBASTIAN
per_0cd42b3cd942a07d58c4,per_945c9f2b7225ebddef47,100,FERNANDEZ CERDENA SEBASTIAN JORGE,FERNANDEZ CERDENA SEBASTIAN JORGE
per_945c9f2b7225ebddef47,per_68407c86ad6605b3dfc6,100,FERNANDEZ CERDENA SEBASTIAN JORGE,FERNANDEZ JORGE
per_945c9f2b7225ebddef47,per_a0a8a91f0eceaf50672f,100,FERNANDEZ CERDENA SEBASTIAN JORGE,FERNANDEZ JORGE
per_6a91dd26f7744ca76948,per_94d010aa1348df4b9f0d,100,FERNANDEZ CLAUDIO GUILLERMO,FERNANDEZ GUILLERMO
per_6a91dd26f7744ca76948,per_2e968082bad6daf0b29f,100,FERNANDEZ CLAUDIO GUILLERMO,FERNANDEZ GUILLERMO
per_6a91dd26f7744ca76948,per_4a57f51bfae01f701af3,100,FERNANDEZ CLAUDIO GUILLERMO,FERNANDEZ GUILLERMO
per_6a91dd26f7744ca76948,per_fdd841e60eea73b04a44,100,FERNANDEZ CLAUDIO GUILLERMO,FERNANDEZ GUILLERMO
per_f06da4dd41d81cb797ca,per_46590902ed58452468c7,100,FERNANDEZ CORIA LOLA,FERNANDEZ LOLA
per_7654d9cf52c43bdaa350,per_a3756410be5e6cd78354,100,FERNANDEZ COSIMANO SANTIAGO,FERNANDEZ COSIMANO SANTIAGO
per_7654d9cf52c43bdaa350,per_a9b1b733a07aaa0c4195,100,FERNANDEZ COSIMANO SANTIAGO,FIGALLO DIEGO FERNANDEZ COSIMANO SANTIAGO
per_a3756410be5e6cd78354,per_a9b1b733a07aaa0c4195,100,FERNANDEZ COSIMANO SANTIAGO,FIGALLO DIEGO FERNANDEZ COSIMANO SANTIAGO
per_7654d9cf52c43bdaa350,per_7863c7285015e38c3252,100,FERNANDEZ COSIMANO SANTIAGO,LUPPO LUCIANA MICAELA VASCONCELOS JORGE FERNANDEZ COSIMANO SANTIAGO
per_a3756410be5e6cd78354,per_7863c7285015e38c3252,100,FERNANDEZ COSIMANO SANTIAGO,LUPPO LUCIANA MICAELA VASCONCELOS JORGE FERNANDEZ COSIMANO SANTIAGO
per_7654d9cf52c43bdaa350,per_ddbc1dfe37824f9a5128,100,FERNANDEZ COSIMANO SANTIAGO,ROLANDI JOSE FERNANDEZ COSIMANO SANTIAGO
per_a3756410be5e6cd78354,per_ddbc1dfe37824f9a5128,100,FERNANDEZ COSIMANO SANTIAGO,ROLANDI JOSE FERNANDEZ COSIMANO SANTIAGO
per_7dedf81659307fe6e48a,per_3ba3f7ab505ccf926301,100,FERNANDEZ COSIMANO SANTIAGO LUPPI IGNACIO,IGNACIO
per_7dedf81659307fe6e48a,per_2807b93260cb05fbf589,100,FERNANDEZ COSIMANO SANTIAGO LUPPI IGNACIO,LUPPI IGNACIO
per_64b2c6cb0701fccfd6d0,per_b3ebfd9dfbea5023c732,100,FERNANDEZ CRISTINA,FERNANDEZ MARIA CRISTINA
per_f1a3582756198a4deab0,per_0404be9cd45cc58aa59a,100,FERNANDEZ DAIANA,FERNANDEZ MOLERO DAIANA
per_6a5f0ceebe98015a8560,per_3bff3c20f4690d4ddfcb,100,FERNANDEZ DE LANDA MARIA DE LAS MERCEDES,FERNANDEZ DE LANDA MARIA DE LAS MERCEDES
per_92eaaf393e092ac47629,per_c58d055a86b9fca7a141,100,FERNANDEZ DE LANDA MARIA DE LAS MERCEDES VEGA PAMELA,VEGA PAMELA
per_781941c3edc1661def9d,per_efe103de1867ecd1856e,100,FERNANDEZ DIAS NICOLAS,FERNANDEZ NICOLAS
per_781941c3edc1661def9d,per_09514d362e297a1636cf,100,FERNANDEZ DIAS NICOLAS,FERNANDEZ NICOLAS
per_5dad7e2ffc9e6b7b5f86,per_ba8e762d307bc3af4f79,100,FERNANDEZ DIAZ MATIAS FEDERICO AGUSTIN,FERNANDEZ DIAZ MATIAS FEDERICO AGUSTIN
per_cb965f4b8ad5bc76ca64,per_be2c57cd83b31d319256,100,FERNANDEZ EVELYN,FERNANDEZ EVELYN
per_253296bb0924c2f41354,per_ffb0afb7b17662c1990c,100,FERNANDEZ EZEQUIEL,FERNANDEZ IGNACIO EZEQUIEL
per_253296bb0924c2f41354,per_d62f6c851e0f825072e7,100,FERNANDEZ EZEQUIEL,FERNANDEZ LOBO EZEQUIEL
per_108ee534ce61c744f5e5,per_949c9cd15a347f61e932,100,FERNANDEZ FEDERICO NAHUEL,FERNANDEZ NAHUEL
per_dc4fd499ed6810309797,per_acfe1c72631bd49ec356,100,FERNANDEZ GABRIELA,FERNANDEZ MARIA GABRIELA
per_dc4fd499ed6810309797,per_6be26d5e0a01b1fc563f,100,FERNANDEZ GABRIELA,FERNANDEZ MARIA GABRIELA
per_523d8eaeaf8e36d84d99,per_7446434a506ca506f9c9,100,FERNANDEZ GERMAN,FERNANDEZ LAHORE GERMAN
per_94d010aa1348df4b9f0d,per_2e968082bad6daf0b29f,100,FERNANDEZ GUILLERMO,FERNANDEZ GUILLERMO
per_2e968082bad6daf0b29f,per_4a57f51bfae01f701af3,100,FERNANDEZ GUILLERMO,FERNANDEZ GUILLERMO
per_2e968082bad6daf0b29f,per_fdd841e60eea73b04a44,100,FERNANDEZ GUILLERMO,FERNANDEZ GUILLERMO
per_344bcec8ad3a6923c9e8,per_09514d362e297a1636cf,100,FERNANDEZ GUILLERMO NICOLAS,FERNANDEZ NICOLAS
per_1230c9fd2a2c07d31f90,per_7eddf1db2b69bea089f1,100,FERNANDEZ GUSTAVO,FERNANDEZ GUSTAVO
per_32cd7defcd0495ded2a4,per_8f1db682a77f014d82b5,100,FERNANDEZ JIMENA,RAMIREZ FERNANDEZ MARIA JIMENA
per_5811d57f436ed7483117,per_87cc9df1a78da275bc0f,100,FERNANDEZ JORGE EDUARDO,FERNANDEZ JORGE EDUARDO
per_efd979f0422ac3a661e0,per_ff8ffe98661c71b4708a,100,FERNANDEZ JOSE LUIS,FERNANDEZ JOSE LUIS
per_dfa6f73e6f56f71b127d,per_3fea8eff4cc3a8c0fe5e,100,FERNANDEZ JUAN,FERNANDEZ MADRID JUAN
per_dfa6f73e6f56f71b127d,per_826b74635563fc5d9d80,100,FERNANDEZ JUAN,TRIGO FERNANDEZ JUAN
per_581a7a66d36a21569a57,per_665341d957503956f28d,100,FERNANDEZ JUAN CARLOS,FERNANDEZ JUAN CARLOS
per_b17aed0cb8a82ea7beb7,per_efe103de1867ecd1856e,100,FERNANDEZ JUAN CARLOS PAKGOJZ NICOLAS,FERNANDEZ NICOLAS
per_b17aed0cb8a82ea7beb7,per_09514d362e297a1636cf,100,FERNANDEZ JUAN CARLOS PAKGOJZ NICOLAS,FERNANDEZ NICOLAS
per_b17aed0cb8a82ea7beb7,per_5267896648870505a16d,100,FERNANDEZ JUAN CARLOS PAKGOJZ NICOLAS,PAKGOJZ NICOLAS
per_b17aed0cb8a82ea7beb7,per_cbfc8474802296741618,100,FERNANDEZ JUAN CARLOS PAKGOJZ NICOLAS,PAKGOJZ NICOLAS
per_ab57059b099e81888589,per_c296574343bdc049a958,100,FERNANDEZ JUAN IGNACIO,FERNANDEZ MUGICA JUAN IGNACIO
per_ab57059b099e81888589,per_3ba3f7ab505ccf926301,100,FERNANDEZ JUAN IGNACIO,IGNACIO
per_f57115a1fb78a78e9d1c,per_e3292fa12b01b754b7f4,100,FERNANDEZ LANDONI JORGE MARIANO,FERNANDEZ MARIANO
per_de19431169543c92a9d8,per_949c9cd15a347f61e932,100,FERNANDEZ LEANDRO NAHUEL,FERNANDEZ NAHUEL
per_49b3d0599a767b106830,per_b6a31fa592cac7dd9e9e,100,FERNANDEZ MARCELO,FERNANDEZ PABLO MARCELO
per_abcab4ae0425daa25a11,per_b6a31fa592cac7dd9e9e,100,FERNANDEZ MARCELO,FERNANDEZ PABLO MARCELO
per_eea0dca8613561c2ad53,per_a09c2bb318a9a23da71f,100,FERNANDEZ MARCELO OMAR,FERNANDEZ MARCELO OMAR
per_fd6e7f6633e2d1c55dc7,per_537bee205761c2a18d10,100,FERNANDEZ MARIA FERNANDEZ,JOSE MARIA FERNANDEZ
per_fd6e7f6633e2d1c55dc7,per_fd4a9ebc63b3c6d855ce,100,FERNANDEZ MARIA FERNANDEZ,MARIA FERNANDEZ
per_acfe1c72631bd49ec356,per_6be26d5e0a01b1fc563f,100,FERNANDEZ MARIA GABRIELA,FERNANDEZ MARIA GABRIELA
per_5eb818cb3a8b7ca51f48,per_ebb8da3d667ebe06ce60,100,FERNANDEZ MARIA LUCIANA,FERNANDEZ MARIA LUCIANA
per_cfe1563b04b45d8d1f04,per_e16cd235d7351283155e,100,FERNANDEZ MARTIN,FERNANDEZ MARTIN
per_cfe1563b04b45d8d1f04,per_99ac77be990da4252c74,100,FERNANDEZ MARTIN,FERNANDEZ MARTIN
per_cfe1563b04b45d8d1f04,per_2cda55d8a951e0be96d4,100,FERNANDEZ MARTIN,FERNANDEZ MARTIN
per_cfe1563b04b45d8d1f04,per_536b77e718399fc98de3,100,FERNANDEZ MARTIN,FERNANDEZ OLIVER DIEGO MARTIN
per_cfe1563b04b45d8d1f04,per_e7b42256402072ae481e,100,FERNANDEZ MARTIN,FERNANDEZ OLIVER DIEGO MARTIN
per_e16cd235d7351283155e,per_e7b42256402072ae481e,100,FERNANDEZ MARTIN,FERNANDEZ OLIVER DIEGO MARTIN
per_99ac77be990da4252c74,per_e7b42256402072ae481e,100,FERNANDEZ MARTIN,FERNANDEZ OLIVER DIEGO MARTIN
per_2cda55d8a951e0be96d4,per_e7b42256402072ae481e,100,FERNANDEZ MARTIN,FERNANDEZ OLIVER DIEGO MARTIN
per_341fa3fd383b67040156,per_9305c1df1bfe4f2b0874,100,FERNANDEZ MAYORA JUAN MANUEL,FERNANDEZ MAYORA JUAN MANUEL
per_341fa3fd383b67040156,per_64382203a75afb1d1203,100,FERNANDEZ MAYORA JUAN MANUEL,JUAN MANUEL
per_9305c1df1bfe4f2b0874,per_64382203a75afb1d1203,100,FERNANDEZ MAYORA JUAN MANUEL,JUAN MANUEL
per_dea7abf2ca5b466e5507,per_ea4765627948a02b209c,100,FERNANDEZ MOUJAN VICENTE,FERNANDEZ MOUJAN VICENTE
per_c296574343bdc049a958,per_3ba3f7ab505ccf926301,100,FERNANDEZ MUGICA JUAN IGNACIO,IGNACIO
per_efe103de1867ecd1856e,per_09514d362e297a1636cf,100,FERNANDEZ NICOLAS,FERNANDEZ NICOLAS
per_09514d362e297a1636cf,per_ccb33340899c899376b6,100,FERNANDEZ NICOLAS,REGLERO FERNANDEZ ALEJANDRO NICOLAS
per_536b77e718399fc98de3,per_e7b42256402072ae481e,100,FERNANDEZ OLIVER DIEGO MARTIN,FERNANDEZ OLIVER DIEGO MARTIN
per_00a4c1229335f1a8b8cf,per_cb6abb0a28a352752041,100,FERNANDEZ OSCAR,ROJO FERNANDEZ OSCAR
per_f187bbe4ed301030bb92,per_56ac0068c54e39f787cb,100,FERNANDEZ PABLO SEBASTIAN,FERNANDEZ PABLO SEBASTIAN
per_f187bbe4ed301030bb92,per_28ed68003c66ce8a3436,100,FERNANDEZ PABLO SEBASTIAN,FERNANDEZ SEBASTIAN
per_56ac0068c54e39f787cb,per_28ed68003c66ce8a3436,100,FERNANDEZ PABLO SEBASTIAN,FERNANDEZ SEBASTIAN
per_01af69269623196c063f,per_d9d8a9af679392c137d4,100,FERNANDEZ PAULA MERCEDES,FERNANDEZ PAULA MERCEDES
per_09d4120606d3e03415c5,per_4835d29ba863029c3c9e,100,FERNANDEZ PEREZ MANUEL,PEREZ MANUEL
per_f4a8f920a053900f1b6e,per_1cf126e18140c13e27d1,100,FERNANDEZ PROTOMASTRO GUSTAVO ALEJANDRO,FERNANDEZ PROTOMASTRO GUSTAVO ALEJANDRO
per_e60ea1a7d1d4732660eb,per_9c8b4d1ee3bb33222fdc,100,FERNANDEZ RODRIGO,FERNANDEZ SEBSATIAN RODRIGO
per_2a8d33a7ab19009d97f5,per_d53bda5650f74dc578f3,100,FERNANDEZ SASSO FEDERICO,FERNANDEZ SASSO FEDERICO
per_de66d488189902dfcb39,per_3ba3f7ab505ccf926301,100,FERNANDEZ SEMHAN ABEL IGNACIO,IGNACIO
per_faf0f47e916e997f3313,per_169db46a9ff80827ba0f,100,FERNANDEZ SUAREZ LEANDRO,FERNANDEZ SUAREZ LEANDRO
per_76d70d071440cac51716,per_264e95f1f36efb1507c3,100,FERNANDEZ SUAREZ LEANDRO FEDERICO,SUAREZ FEDERICO
per_c61ae97d40c973a12354,per_2bb44494a1df9754a860,100,FERNANDEZ VILLA MARIA,FERNANDEZ VILLA MARIA
per_5f80a5a4eb7da982b7ad,per_b091f91848f749fc0334,100,FERNANDEZ YAMILA LIDIA,FERNANDEZ YAMILA LIDIA
per_fe9d39393bee31e1cc20,per_a13d0d6a9e83d7d0a1cd,100,FERNANDO FRANQUELLI,FERNANDO FRANQUELLI
per_5ac17a685c5067a9980e,per_297f8bf04f1c0edfdf53,100,FERNANDO MORA,TALAVERA BRIAN FERNANDO MORA
per_55ec43aaf568377391cc,per_7b4ac62205759f50049a,100,FERNANDO ROCCA,FERNANDO ROCCA
per_519f078e655f48ce991d,per_802838f31a97cbd1e388,100,FERNANDO TOLEDO,FERNANDO TOLEDO
per_a03e9f1219898565b931,per_16e0560244118da6092c,100,FERRADAS JESSICA,FERRADAS JESSICA
per_7ad94f147427ea65cb0e,per_8c4edd0de4531df702dd,100,FERRANDEZ FELIPE,FERRANDEZ FELIPE
per_4be14b9e702c38e6c45d,per_9bd49b4bb9ee88f0681e,100,FERRANDO ANDREA,FERRANDO ANDREA
per_4be14b9e702c38e6c45d,per_c57661b0ed655b909ef1,100,FERRANDO ANDREA,FERRANDO ANDREA MALINOWSKI ROBERTO ANTONIO
per_9bd49b4bb9ee88f0681e,per_c57661b0ed655b909ef1,100,FERRANDO ANDREA,FERRANDO ANDREA MALINOWSKI ROBERTO ANTONIO
per_4be14b9e702c38e6c45d,per_c9b82b7fb79cd8d57285,100,FERRANDO ANDREA,LECINA DANIELA IBARZABAL MURPHY MARIA FERRANDO ANDREA
per_9bd49b4bb9ee88f0681e,per_c9b82b7fb79cd8d57285,100,FERRANDO ANDREA,LECINA DANIELA IBARZABAL MURPHY MARIA FERRANDO ANDREA
per_4be14b9e702c38e6c45d,per_dc88970b6b4c81775857,100,FERRANDO ANDREA,REINOSO RICARDO RUBEN FERRANDO ANDREA
per_9bd49b4bb9ee88f0681e,per_dc88970b6b4c81775857,100,FERRANDO ANDREA,REINOSO RICARDO RUBEN FERRANDO ANDREA
per_aff87476435b1a895b07,per_55f717b438d576ae816d,100,FERRANDO ANDREA GUAYMAS CARLOS,GUAYMAS CARLOS
per_aff87476435b1a895b07,per_e9cd4ac31850008883bf,100,FERRANDO ANDREA GUAYMAS CARLOS,GUAYMAS CARLOS
per_c57661b0ed655b909ef1,per_715587f93c68d413a4ea,100,FERRANDO ANDREA MALINOWSKI ROBERTO ANTONIO,MALINOWSKI ROBERTO ANTONIO
per_c57661b0ed655b909ef1,per_ae007b0d54b92f2bead8,100,FERRANDO ANDREA MALINOWSKI ROBERTO ANTONIO,MALINOWSKI ROBERTO ANTONIO
per_564af31ab89685f9f808,per_cb0ce8c5df8ea835b72a,100,FERRANDO ANDREA MENEM EDUARDO,MENEM EDUARDO
per_564af31ab89685f9f808,per_f224e5a001e17fe3ed38,100,FERRANDO ANDREA MENEM EDUARDO,MENEM EDUARDO
per_564af31ab89685f9f808,per_7c94c69722bb1056e6c3,100,FERRANDO ANDREA MENEM EDUARDO,MENEM EDUARDO
per_a2075236c92d5d6e21bf,per_a1b48490a87084f900a4,100,FERRANDO ANDREA ZAPATA FANNY,ZAPATA FANNY
per_2e653630bbdd6a691c7c,per_3ba3f7ab505ccf926301,100,FERRARI IGNACIO,IGNACIO
per_80beb8b7c77ad6dfd5a8,per_2e9fb708c0490abe4c2c,100,FERRARI JORGE OSVALDO,FERRARI JORGE OSVALDO
per_558745c9ed7067de4662,per_39a9b3936d30d0712ed5,100,FERRARO GUILLERMO,FERRARO GUILLERMO
per_558745c9ed7067de4662,per_fa2ace6e408eb2827c8d,100,FERRARO GUILLERMO,FERRARO GUILLERMO
per_7f247ecfb8e2f7647695,per_0ef665e34c37283516e3,100,FERREIRO MARTIN,FERREIRO MARTIN
per_7d7007b5ac28bd01dde4,per_e3fb32372c900145cfa1,100,FERREIROS MARIANO,FERREIROS MARIANO
per_0fee9208153dc30c332a,per_64382203a75afb1d1203,100,FERRER JUAN MANUEL,JUAN MANUEL
per_5c78ccba875c7904a9ac,per_54455de5f0afd42258c5,100,FERRER PICADO RICARDO,FERRER RICARDO
per_19643692e71712377ce1,per_54455de5f0afd42258c5,100,FERRER PICARDO RICARDO,FERRER RICARDO
per_fe9e14cda2c06fd42386,per_1c6143c8ade08beb61b8,100,FERRERO KEVIN,FERRERO KEVIN
per_013f1d340705ed7309f0,per_fdc50ec69faec8157f0a,100,FERREYRA ALIDA MONICA,FERREYRA ALIDA MONICA
per_013f1d340705ed7309f0,per_6c50789c24a2bd8974dc,100,FERREYRA ALIDA MONICA,FERREYRA MONICA
per_fdc50ec69faec8157f0a,per_6c50789c24a2bd8974dc,100,FERREYRA ALIDA MONICA,FERREYRA MONICA
per_9aec0501d512069d2209,per_a9c60414170982360a2a,100,FERREYRA GABRIELA,FERREYRA GABRIELA
per_a9c60414170982360a2a,per_16a9c93c80917e806d75,100,FERREYRA GABRIELA,FERREYRA GABRIELA
per_9aec0501d512069d2209,per_d59e148e1297ad2ccd33,100,FERREYRA GABRIELA,FERREYRA LORENA GABRIELA
per_a9c60414170982360a2a,per_d59e148e1297ad2ccd33,100,FERREYRA GABRIELA,FERREYRA LORENA GABRIELA
per_a9c60414170982360a2a,per_ec1893a802eca5cb55c5,100,FERREYRA GABRIELA,FERREYRA LORENA GABRIELA
per_16a9c93c80917e806d75,per_d59e148e1297ad2ccd33,100,FERREYRA GABRIELA,FERREYRA LORENA GABRIELA
per_e36bb7a0d30103e500fa,per_2bc89d532c354c8ce4bb,100,FERREYRA LORENA,FERREYRA LORENA
per_d59e148e1297ad2ccd33,per_ec1893a802eca5cb55c5,100,FERREYRA LORENA GABRIELA,FERREYRA LORENA GABRIELA
per_9641b9e841adb4f58a7b,per_5ac074a1cb90a0c77650,100,FERRO FLORENCIA,FERRO FLORENCIA
per_701686d30f3888e819e4,per_9af3febb7d2145bb6978,100,FERRO JORGE,ROCCHIA FERRO JORGE
per_701686d30f3888e819e4,per_0f226852ad9ac9dbdc75,100,FERRO JORGE,ROCHIA FERRO JORGE
per_3756e7fdf1ffc6e3855e,per_2ec0b1fc5afab7a2fd99,100,FERRO MAURO,FERRO MAURO
per_da66fb9266e546781e06,per_4ffff32c98704ee6280d,100,FERROS DAVILA GABRIEL EMILIO,FERROS DAVILA GABRIEL EMILIO
per_a6124f38436b853eeb1d,per_8652a2eff0059a0682af,100,FERRUCCI LEONARDO MARCELO KAVANAGH JUAN PABLO,KAVANAGH JUAN PABLO
per_a6124f38436b853eeb1d,per_12fff3d8fecd5e01d0d3,100,FERRUCCI LEONARDO MARCELO KAVANAGH JUAN PABLO,KAVANAGH JUAN PABLO
per_08cf8919dc8a2b75799b,per_e047e039d91fadd5a421,100,FEST SEBASTIAN,FEST SEBASTIAN
per_cbe0d33641c40a1bbc88,per_e05504e2ca8c51889f58,100,FIERRO GONZALEZ CARLOS,GONZALEZ CARLOS
per_5b4d52ac9e945888533f,per_ccfd9a929805da6b8556,100,FIGALLO DIEGO,FIGALLO DIEGO
per_a3f3275e637074d5371f,per_533b7ae94c256fd0316b,100,FIGLIOZZI LUIS,FIGLIOZZI LUIS
per_6b55cbc3984319822ef3,per_405895beb2c463a91ee3,100,FIGUERAS LUCAS,FIGUERAS LUCAS
per_ce3b099fef72a4b59964,per_0139bb414edf34ac36c1,100,FIGUEROA AGUSTINA,FIGUEROA IBARRA AGUSTINA
per_0fd50a38bc4d3e6ba27b,per_eaf6069827cfdec2f945,100,FIGUEROA OSCAR,FIGUEROA OSCAR
per_d1b41aa71fee9413f42e,per_3cdc679fee1bdb8f06ad,100,FIGUEROA OSCAR OTERO HECTOR MANUEL,OTERO HECTOR MANUEL
per_ee4268cba4756de8d9bd,per_3414e9aa78eda2ccd3fd,100,FIGUEROA ROLANDO,FIGUEROA ROLANDO
per_7e29f7ffaaa920538be5,per_7c5a1f954c6eb5a2276a,100,FIGUEROA TOMAS,FIGUEROA TOMAS
per_7e29f7ffaaa920538be5,per_d5a1de43bfeb9fd9bf22,100,FIGUEROA TOMAS,PAIER ANGELA NEIFFERT SERGIO DARIO FIGUEROA TOMAS
per_7c5a1f954c6eb5a2276a,per_d5a1de43bfeb9fd9bf22,100,FIGUEROA TOMAS,PAIER ANGELA NEIFFERT SERGIO DARIO FIGUEROA TOMAS
per_bc82fb2b864f6a68cae5,per_8374f3a923fa1e7d494e,100,FIGUEROA TOMAS ISE,FIGUEROA TOMAS ISE
per_e5020ae58c5761008f13,per_ca52aabfc69df8b112cc,100,FILIPPINI PABLO ALBERTO,FILIPPINI PABLO ALBERTO
per_7a2dfa3177b97ecaceb2,per_0ff9d68fa62864c6b12f,100,FILIPUZZI ALEJANDRINA,SANTIUSTE LEONARDO RIOS PAOLA FILIPUZZI ALEJANDRINA
per_7a2dfa3177b97ecaceb2,per_8bda0721736aa24b2a3c,100,FILIPUZZI ALEJANDRINA,TABARELLI MIRNA LOURDES ARMELLINO HUGO FILIPUZZI ALEJANDRINA
per_a0e5ea72f1e92176c26c,per_a6a4a99abe894bafc297,100,FILIPUZZI SANTUAGO LUCAS,FILIPUZZI SANTUAGO LUCAS
per_8ebef092fbdfbaa4133b,per_5f448ee37db847f4e30e,100,FINK DAVID,FINK DAVID
per_1e828edd87b8fcc37a64,per_79e048e3c0bfbace49be,100,FINKELSTEIN MARIANO,FINKELSTEIN MARIANO
per_86461e5746e4851c8e75,per_84539f15334e236dc6a1,100,FINOCCHIARO GUIDO,FINOCCHIARO GUIDO
per_2e5735d61409b7493605,per_68d8a439f972d23bd12d,100,FINOCCHIARO MIGUEL ANGEL,FINOCCHIARO MIGUEL ANGEL
per_2e5735d61409b7493605,per_fe8df24d231bc0966ea9,100,FINOCCHIARO MIGUEL ANGEL,MIGUEL ANGEL
per_e8615e73a4447c203eb4,per_3ba3f7ab505ccf926301,100,FIORI JUAN IGNACIO,IGNACIO
per_c22be665f128f5875972,per_4f07b2f5680da481e824,100,FIORITI IGNACIO MARTIN,FIORITI IGNACIO MARTIN
per_354953a87606fb787b37,per_39845259ff1d5308aa58,100,FIORITI SANTIAGO,FIORITI SANTIAGO
per_5de54c47ac60d03224e6,per_849478fac586509aea3a,100,FIOROTTO FRANCISCO,FIOROTTO FRANCISCO
per_29a10d629dd794873012,per_2698c6e32c5c01a8a868,100,FIRMAPAZ DARIO,FIRMAPAZ DARIO
per_8509800c5e4fd92b6f84,per_953c7fc27f9a3b37deaa,100,FIRPO LUCAS,FIRPO LUCAS
per_136f611c1a790ff3e57c,per_ffcf314eabbb99188164,100,FITER JORGE ANTONIO,FITER JORGE ANTONIO
per_0e704e854d724b1509e2,per_c29112b4b6bc68a65575,100,FLAMINI MARIANO,FLAMINI MARIANO
per_a4bd561183f527e5d338,per_24d12b4331704c6f105a,100,FLAVIA SANDA ANDREA,FLAVIA SANDA ANDREA
per_e7756f6f87697db858a3,per_fbb9d92137e6fb0351bb,100,FLAVIA SANDA ANDREA GESSAGHI PATRICIO POTA LUCIANA,POTA LUCIANA
per_6b67e571c5cfbd0c6ad5,per_d583e6bdfc076e9f1cf5,100,FLAVIANI JAVIER,FLAVIANI JAVIER
per_137c87b5948a51f9346f,per_c1b59796b7d6cea68e21,100,FLEITAS REBECA MARIA BELEN,IBANEZ ELBIO FLEITAS REBECA MARIA BELEN
per_bc2ea3861d1a432c2418,per_024f7acbefe37b11faa4,100,FLEITAS ROQUE ORLANDO,FLEITAS ROQUE ORLANDO
per_c054b4a59ed4780db4b5,per_2dd5df00784278aecebf,100,FLORENCIA GIANNONE,FLORENCIA GIANNONE
per_16e369ea1636352a01a1,per_0bfc1315a012a0f53b90,100,FLORENCIO CHRISTIAN,FLORENCIO CHRISTIAN
per_b38660df309f499674c9,per_51a900b12652d6581d03,100,FLORENTIN ULISES HERNAN MUNDO,HERNAN MUNDO
per_b38660df309f499674c9,per_b0c920813b70722db655,100,FLORENTIN ULISES HERNAN MUNDO,HERNAN MUNDO
per_33e6fdade2fbd7fab835,per_5793e74694154a06ba15,100,FLORES ADRIAN JESUS,FLORES JESUS
per_3086ed74d2370d6c6756,per_282acee3f57d2868430c,100,FLORES FATIMA,FLORES MAGALY FATIMA
per_332c11065b9caa0dd266,per_a8149c9d10deffa1b832,100,FLORES NATALIA,FLORES NATALIA
per_0f2fb5c9b6d6170231c7,per_7ce7220fcab06c6f8f36,100,FLORES NESTOR,FLORES NESTOR
per_74d7852c0791c7269618,per_60c607194023d860dfd9,100,FLORES QUIROGA JUAN ALBERTO,FLORES QUIROGA JUAN ALBERTO
per_93bb64c3b442559bd07c,per_9fbaf1d5b041ae0a38c4,100,FLORES SANDRA SOLIDAD,FLORES SANDRA SOLIDAD
per_04b0d7274b1829e62923,per_c1eed3d24d9bb94b3a88,100,FOHRIG ALBERTO,FOHRIG ALBERTO
per_b37ee6422346f77a5706,per_9e7b9471b276c813c195,100,FONTANARROSA MARIA DEL PILAR,MARIA DEL PILAR
per_4483a165f414426f4df2,per_27d21562d39c4ee464bf,100,FONTANARROSA MARIA VICTORIA,FONTANARROSA VICTORIA
per_eff9718087c9ac82b0eb,per_a626b282c47250d241a0,100,FORESI CAROLINA,FORESI CAROLINA
per_2fa2925ba9ef3a499780,per_eabbed3014ed07884c95,100,FORGIONE MARCELO,FORGIONE MARCELO
per_40b02af798102dd83583,per_9e13a14b309a541a5504,100,FORNASA AGATHA ANDREA,FORNASA AGATHA ANDREA
per_7dcca6623ab573bf2f0d,per_fd8d5c3d33837bf816c3,100,FORNERIS ROBERTINA,FORNERIS ROBERTINA
per_dcb52c104351d57ff2ac,per_e3c0ed4f7ff3e0dd5849,100,FORNEROD JOAQUIEN ENRIQUE,FORNEROD JOAQUIEN ENRIQUE
per_7c6afa0af45fe8603fad,per_55cf4ff234d5e2abb0bc,100,FORT EDUARDO,TOLABA MIRIAM ROXANA FORT EDUARDO
per_2fc178727fd6281bc1e6,per_c6a44484c92f6b67fc4d,100,FRAGA DE OLIVERA FACUNDO,OLIVERA FACUNDO
per_85025782312360ab7245,per_de9a0b780a48271a962e,100,FRAGA ROSENDO,FRAGA ROSENDO
per_4550fda6918941c8f196,per_83e8eebc25fc50d08a27,100,FRANCESCHELLI DANIELA,FRANCESCHELLI DANIELA
per_175b6f7e4f9976ee8abb,per_8292eaaa9c4af785a04f,100,FRANCIS SOBRYS,FRANCIS SOBRYS
per_620d2113781810caa7ce,per_7d4c135af85c074fc17d,100,FRANCO ANTUNES,FRANCO ANTUNES
per_9be0743234711eb72ee0,per_d6eb28c533b5256c3775,100,FRANCO EZEQUIEL ALBERTO,FRANCO EZEQUIEL ALBERTO
per_cfbb2f97f7fd3916ce7c,per_10a761fd3fed040b17aa,100,FRANCO GUSTAVO EDUARDO,FRANCO GUSTAVO EDUARDO
per_eadf4a8dceb52e54e462,per_290e81943d71ada1c7bd,100,FRANCO NAHUEL,NERGEOT FRANCO NAHUEL
per_eadf4a8dceb52e54e462,per_60b2784a6bbff131f01a,100,FRANCO NAHUEL,SANTORO FRANCO NAHUEL
per_eadf4a8dceb52e54e462,per_5fd8b366466bd02f3180,100,FRANCO NAHUEL,VISCIGLIA FRANCO NAHUEL
per_eadf4a8dceb52e54e462,per_22d5df1d8c0d4453b341,100,FRANCO NAHUEL,VISCIGLIA FRANCO NAHUEL
per_43c27ce72e9cd47f7867,per_0634773e110dbddceaaf,100,FRANCO NAMOR,FRANCO YAIR NAMOR
per_92ea22c1984c851f0a38,per_fe971e3f763b13ce12e8,100,FRANCOS CAMILA,FRANCOS CAMILA
per_d66533c42df7593ce44b,per_4aceef1f0541df031d2b,100,FRANCOS CRISTIAN,FRANCOS CRISTIAN
per_e0b7918021b73c6bfc02,per_1cf3db6ce259567a828c,100,FRANCOS FELIPE,FRANCOS FELIPE
per_e0b7918021b73c6bfc02,per_d3ad3e73e7c641d09029,100,FRANCOS FELIPE,FRANCOS VICTORIA FELIPE
per_1cf3db6ce259567a828c,per_d3ad3e73e7c641d09029,100,FRANCOS FELIPE,FRANCOS VICTORIA FELIPE
per_5f723858cdcd566bb207,per_dc80d73bb7913e2fe033,100,FRANCOS GUILLERMO,FRANCOS GUILLERMO
per_5f723858cdcd566bb207,per_3a150d8514ddb2f46116,100,FRANCOS GUILLERMO,RADICE ADRIN FRANCOS GUILLERMO
per_dc80d73bb7913e2fe033,per_3a150d8514ddb2f46116,100,FRANCOS GUILLERMO,RADICE ADRIN FRANCOS GUILLERMO
per_4b09c94b635f6c8282d8,per_f3bbdd48927034274b66,100,FRANCOS GUILLERMO EZEQUIEL,FRANCOS GUILLERMO EZEQUIEL
per_b3ceaa5ab65fe816c455,per_7bdc62929853ed52dbb4,100,FRANCOS GUILLERMO L,TONBEUR FELIPE GERMAN FRANCOS GUILLERMO L
per_3122b5e746a3e834b381,per_436b5337c07af3da8b04,100,FRANCOS GUILLERMO SICILIA FEDERICO,SICILIA FEDERICO
per_868ec9d515457b50302d,per_742db7de69ba8b93c19d,100,FRANCOS GUILLERMO SILLE CRISTINA,SILLE CRISTINA
per_841a8f8bd098c1625083,per_4619a11b70ea0c2e59ef,100,FRANCOS MARIA,FRANCOS MARIA
per_cf490547b2daf5327583,per_d8422aa569a567861a63,100,FRANCOS MARTIN,FRANCOS MARTIN
per_c229cf5ab45ee789cff6,per_64382203a75afb1d1203,100,FRANZESE JUAN MANUEL,JUAN MANUEL
per_25ed5e9d5b834d5217e0,per_7a1a002acf7df01e712c,100,FRANZOLINI ZUANET VICTORIA,GRILLONE PABLO TOLABA MIRIAM ROXANA FRANZOLINI ZUANET VICTORIA
per_c52ba7f9f82d11af3a08,per_c77996abd9b38234adaa,100,FRASSO IGNACIO,FRASSO IGNACIO
per_c52ba7f9f82d11af3a08,per_3ba3f7ab505ccf926301,100,FRASSO IGNACIO,IGNACIO
per_c77996abd9b38234adaa,per_3ba3f7ab505ccf926301,100,FRASSO IGNACIO,IGNACIO
per_c4ed34f72e63cc06eacb,per_3daf176236fac1718408,100,FRECHOU PATRICIO BIANCO MAGALI JOHANNA SANTIUSTE LEONARDO,SANTIUSTE LEONARDO
per_c4ed34f72e63cc06eacb,per_21e2c30a6464bdebbcd8,100,FRECHOU PATRICIO BIANCO MAGALI JOHANNA SANTIUSTE LEONARDO,SANTIUSTE LEONARDO
per_c6fd1012d227ec5b832e,per_1e4f59520880685e569f,100,FREDERKING ELOISA,FREDERKING ELOISA
per_4616ed9d2a196347efb7,per_b9971ccaee13c4893aa5,100,FREDES SILVIA SOFIA,FREDES SILVIA SOFIA
per_fa64dd42f8029fa247ba,per_da03093e39bccd5dc144,100,FREYER ADRIANA,FREYER ADRIANA
per_fe842ff8af41da3878f0,per_3b7ea0638e7e43c9ef03,100,FRIAS MAIRA,FRIAS MAIRA
per_12df6b291a0996571dc7,per_143f98dec2fdbfd3b98a,100,FRIGERIO ROGELIO,FRIGERIO ROGELIO
per_a57819efedc97b076f85,per_3b60c83431e82c352dce,100,FRYDLEWSKY SILVINA,FRYDLEWSKY SILVINA
per_15c1a5e6450cfdc16265,per_7933f1cf0e2336627a35,100,FUENTES JUAN JOSE,FUENTES JUAN JOSE
per_c5523642d44cb99601b6,per_4ea49c7b69b450a9a86c,100,FUKS PATRICIO HERNAN,FUKS PATRICIO HERNAN
per_b0b8b92925f63e87a82f,per_29d9575d84cbc2f55a0d,100,FUNES DE RIOJA DANIEL,FUNES DE RIOJA DANIEL
per_55101e97c27bb225290f,per_8ec325eb77344fd39536,100,FURIASE FEDERICO,FURIASE FEDERICO
per_cfada969a6eec9edd2e9,per_33e78a7128e6ba53cf2a,100,FURIASSE JUAN IGNACIO,FURIASSE JUAN IGNACIO
per_cfada969a6eec9edd2e9,per_3ba3f7ab505ccf926301,100,FURIASSE JUAN IGNACIO,IGNACIO
per_33e78a7128e6ba53cf2a,per_3ba3f7ab505ccf926301,100,FURIASSE JUAN IGNACIO,IGNACIO
per_b2d8841ae2509a738d83,per_0a4e9669e72247f3768e,100,GABBI ADELMO,GABBI ADELMO
per_fe83d0c7e3d32e90950a,per_64382203a75afb1d1203,100,GABINO FALASCO JUAN MANUEL,JUAN MANUEL
per_494522e2c3b937b55299,per_afade5cd79c3df087eb5,100,GABOTTI CARLA,GABOTTI CARLA
per_ef441f402846da0f94e0,per_7b3fe1461aae23f7e40f,100,GABRIEL SALOR,GABRIEL SALOR
per_55e51e8c5539d36dc973,per_9ac9682529343a76f485,100,GABRIELA GARCIA,GARCIA GAUNA MANICA GABRIELA
per_55e51e8c5539d36dc973,per_9c97a044cb7c2f62ee06,100,GABRIELA GARCIA,GARCIA YASMIN GABRIELA
per_31540ede85870deb1598,per_1ea7e1bcf0dd2fe7a0f9,100,GABRIELA SCHOOS,GABRIELA SCHOOS
per_ae7ee0ff6713512e8524,per_9f894833cc23e52d29d8,100,GADANO JULIAN,GADANO JULIAN
per_48bdb5889728d72d4abd,per_5f897ac0a2fd2afc8fc8,100,GADANO NATALIA,GADANO NATALIA
per_89a4b8dd060f0f7411d1,per_cec6277294513113d03b,100,GAGLIESI BALBIANI OLIVIA,GAGLIESI BALBIANI OLIVIA
per_139daa2109aea98f3ccd,per_c8b1a5a0216d82882cdc,100,GAGO GLORIA,GAGO GLORIA
per_2825a47e9eeb9c4d81b0,per_e22e347f204b1736686c,100,GAGO GUSTAVO,GAGO GUSTAVO
per_ff3ea36288d72bdb2621,per_55b44917c28753fdbc5a,100,GAINO KARINA,GAINO KARINA
per_4744c1e6fd5c6ef2eb6d,per_06723e96d3577710b401,100,GALANTE ESTHER MARIA,GALANTE ESTHER MARIA
per_bb81ddeaf14494e0c0d8,per_b4ffad4058e48b0eea48,100,GALARZA JULIETA,GALARZA JULIETA
per_8f8769604d1ff19e13bc,per_9f4f67a1e877937d2c44,100,GALARZA KARINA ELIZABETH,GALARZA KARINA ELIZABETH
per_96fd470d9be11c3b96c9,per_5c91e84ab3d8258ca26b,100,GALEANO YAMAL,GERMAN NICOLAS GALEANO YAMAL
per_1d0c5bbe01fe67e127c9,per_221795b44c82d9876185,100,GALIMBERTI ARISTIDES,GALIMBERTI ARISTIDES
per_1d0c5bbe01fe67e127c9,per_a219603433f11020ece4,100,GALIMBERTI ARISTIDES,NUNEZ JOSE CARLOS GALIMBERTI ARISTIDES
per_221795b44c82d9876185,per_a219603433f11020ece4,100,GALIMBERTI ARISTIDES,NUNEZ JOSE CARLOS GALIMBERTI ARISTIDES
per_81ddb45ff9694b8a2670,per_9065f7e0346974265c3b,100,GALLARDO ALTERI MARIA,GALLARDO ALTERI MARIA
per_81ddb45ff9694b8a2670,per_b6f5a7b2b41687314ebb,100,GALLARDO ALTERI MARIA,GALLARDO MARIA
per_9065f7e0346974265c3b,per_b6f5a7b2b41687314ebb,100,GALLARDO ALTERI MARIA,GALLARDO MARIA
per_c748661c780932630fb9,per_82a338b0bb7b35162a5d,100,GALLARDO FELIX,GALLARDO FELIX
per_d9311c4ab5182f83cbb2,per_7f4e2cc3b0d32d729926,100,GALLARDO MACARENA DENISE,GALLARDO MACARENA DENISE
per_b6f5a7b2b41687314ebb,per_d78aa1e601151726c6ea,100,GALLARDO MARIA,GALLARDO VIRGINIA MARIA
per_871dd127e1516c83657d,per_1251a53a76e954f8f13c,100,GALLARDO NICOLAS,GALLARDO NICOLAS
per_aaed2288ecd86d60b94f,per_f668c6f53249dfa453c3,100,GALLARDO NOELIA,GALLARDO NOELIA
per_892303030f4e63bd3bbb,per_c46bbec809343995880c,100,GALLI EZEQUIEL,GALLI EZEQUIEL
per_3af446e88349b15401f4,per_64382203a75afb1d1203,100,GALLI JUAN MANUEL,JUAN MANUEL
per_2d89822bf1c7f3ec94f7,per_32e830d19bd0cbd61dc8,100,GALLIGANI FEDERICO,GALLIGANI FEDERICO
per_8e0a60ed9211f80e2073,per_3ba3f7ab505ccf926301,100,GALLIND JUAN IGNACIO,IGNACIO
per_2f264534aa35fdb151bd,per_92c48b7c16863c11a5ca,100,GALLINO JUAN IGNACIO,GALLINO JUAN IGNACIO
per_2f264534aa35fdb151bd,per_3ba3f7ab505ccf926301,100,GALLINO JUAN IGNACIO,IGNACIO
per_92c48b7c16863c11a5ca,per_3ba3f7ab505ccf926301,100,GALLINO JUAN IGNACIO,IGNACIO
per_b2d85dd0cfdf6652acf1,per_d59b27a40708860d5d1c,100,GALLO CARLOS MARIA,GALLO MARIA
per_82d373f1cba410df63a4,per_3fd317109e5d53f2acb2,100,GALLO GUILLERMO,GALLO GUILLERMO
per_2c33446a07764d65fe93,per_907bad7c75bb54a9a561,100,GALLO JUAN MANUEL,GALLO JUAN MANUEL
per_2c33446a07764d65fe93,per_64382203a75afb1d1203,100,GALLO JUAN MANUEL,JUAN MANUEL
per_907bad7c75bb54a9a561,per_64382203a75afb1d1203,100,GALLO JUAN MANUEL,JUAN MANUEL
per_f95d0eeaed9b8c534714,per_75a27f95c3c4b7cb74ad,100,GALLOS MACARENA,GALLOS MACARENA
per_ab5b60f705a9692501bd,per_8521203dbcd45a395c07,100,GALPARSORO MATIAS,TOLABA CLARA VICENTA GALPARSORO MATIAS
per_21d51721cb2da2554f51,per_fba57fc1d7576129f89c,100,GALUCCIO MIGUEL,GALUCCIO MIGUEL
per_3df28ec2f1e74d214684,per_cf156e83218284986a1e,100,GALVAN GUILLERMO,GALVAN GUILLERMO
per_e12acc7bb321ec254104,per_17ab3494d00250c91659,100,GALVAN MARISOL,GALVAN MARISOL
per_e12acc7bb321ec254104,per_95ff5000fbdcad7677ba,100,GALVAN MARISOL,GALVAN MARISOL GORINI MARA
per_17ab3494d00250c91659,per_95ff5000fbdcad7677ba,100,GALVAN MARISOL,GALVAN MARISOL GORINI MARA
per_e12acc7bb321ec254104,per_ee78f55ae608d07b4b85,100,GALVAN MARISOL,GALVAN NADIA MARISOL
per_17ab3494d00250c91659,per_ee78f55ae608d07b4b85,100,GALVAN MARISOL,GALVAN NADIA MARISOL
per_95ff5000fbdcad7677ba,per_c677024a5730a9454501,100,GALVAN MARISOL GORINI MARA,GORINI MARA
per_a907bd9c2ad2f0c0da2d,per_5263da3ce55123695b44,100,GAMBERO LAURA,GAMBERO LAURA
per_52ec55a584a08e7c9181,per_2faba0573139973af64b,100,GANGELA EZEQUIEL GONZALEZ ALEXIS SERVENTI MARIA ALEJANDRA,GONZALEZ ALEXIS
per_52ec55a584a08e7c9181,per_27ff93edea681edb1c5c,100,GANGELA EZEQUIEL GONZALEZ ALEXIS SERVENTI MARIA ALEJANDRA,GONZALEZ ALEXIS
per_52ec55a584a08e7c9181,per_85731b66ecfea4e2152e,100,GANGELA EZEQUIEL GONZALEZ ALEXIS SERVENTI MARIA ALEJANDRA,GONZALEZ ALEXIS
per_52ec55a584a08e7c9181,per_35e37a1a6fcaead5a8a1,100,GANGELA EZEQUIEL GONZALEZ ALEXIS SERVENTI MARIA ALEJANDRA,SERVENTI ALEJANDRA
per_52ec55a584a08e7c9181,per_46f5607302db3fdf1c2b,100,GANGELA EZEQUIEL GONZALEZ ALEXIS SERVENTI MARIA ALEJANDRA,SERVENTI MARIA ALEJANDRA
per_52ec55a584a08e7c9181,per_48700c9158ef78e5e3fe,100,GANGELA EZEQUIEL GONZALEZ ALEXIS SERVENTI MARIA ALEJANDRA,SERVENTI MARIA ALEJANDRA
per_52ec55a584a08e7c9181,per_49adc6fc6e84543f092e,100,GANGELA EZEQUIEL GONZALEZ ALEXIS SERVENTI MARIA ALEJANDRA,SERVENTI MARIA ALEJANDRA
per_cbcdc258e3e4461c86aa,per_2f1f0993b4182c202b8e,100,GAONA CRISTIAN,GAONA CRISTIAN
per_91596c59c33c30ed036b,per_179e7eb53c93540c01ff,100,GARABANI FERNANDO,GARABANI MATIAS FERNANDO
per_ebb574a26efd6f1f7d3c,per_3817c54391aec3cbd835,100,GARAT GUILLERMO,GARAT GUILLERMO
per_92069902e79cb4d3caa8,per_93a60e8329db0482feed,100,GARAVENTA CARLOS ADRIAN,GARAVENTA CARLOS ADRIAN
per_990d6119320a875def49,per_6130c97bfe527b524825,100,GARAVILLA IRAOLA MELANY,GARAVILLA IRAOLA MELANY
per_30289dad3c4e3cde1b45,per_220602a5f51a198cf4d7,100,GARBARINO CLAUDIA EDITH,GARBARINO CLAUDIA EDITH
per_969b110a42ff96072c9b,per_6520ca52f31a5021c4cb,100,GARBOVETZKY SABRINA,GARBOVETZKY SABRINA
per_ecf2dd4a9bd3f334fb62,per_3ba3f7ab505ccf926301,100,GARCETE JUAN IGNACIO,IGNACIO
per_0b82ee6ac07ff41faa1d,per_8c8dc7422db9f0dfabc8,100,GARCIA ALBERTO,GARCIA ALBERTO
per_1cb195c7c5199e57f7a7,per_8c8dc7422db9f0dfabc8,100,GARCIA ALBERTO,GARCIA ALBERTO
per_0b82ee6ac07ff41faa1d,per_a1217dd0245a28729029,100,GARCIA ALBERTO,GARCIA EZEQUIEL ALBERTO
per_1cb195c7c5199e57f7a7,per_a1217dd0245a28729029,100,GARCIA ALBERTO,GARCIA EZEQUIEL ALBERTO
per_8c8dc7422db9f0dfabc8,per_a1217dd0245a28729029,100,GARCIA ALBERTO,GARCIA EZEQUIEL ALBERTO
per_8e63f976834286ada512,per_f87fb226e726721362d2,100,GARCIA ALBERTO OSCAR,GARCIA ALBERTO OSCAR
per_f256a4cfc7a92e7cf571,per_58a176540486a3a749c4,100,GARCIA ALEJANDRA MONICA,GARCIA MONICA
per_3cd3f85cf79419e35178,per_746ac87b95e2efa29e3f,100,GARCIA ALFREDO RICARDO,GARCIA RICARDO
per_550f8d975d7b8b1038ef,per_36a469ab8180f45fee1f,100,GARCIA ALLIEVI ANA,GARCIA ALLIEVI ANA
per_b23bd16560a5cd959b07,per_fc7c4f3f4b3e6d592c4e,100,GARCIA ALVARO,GARCIA RESTA ALVARO
per_3fc566d0cb9de3c1cf68,per_d8821f05037e35e0f367,100,GARCIA ANTONIO,GARCIA ANTONIO
per_3fc566d0cb9de3c1cf68,per_3fcbd22b985d7feb5ad4,100,GARCIA ANTONIO,GARCIA JORGE ANTONIO
per_d8821f05037e35e0f367,per_3fcbd22b985d7feb5ad4,100,GARCIA ANTONIO,GARCIA JORGE ANTONIO
per_9273dc89dbda3f41447c,per_1560d8256c347b401e4b,100,GARCIA ARIEL DANIEL,GARCIA DANIEL
per_27371bd5f0672ef16b3f,per_15c03890cb7b19b7306c,100,GARCIA CARLOS,GARCIA CARLOS
per_34ad47ab7b87f007684d,per_15c03890cb7b19b7306c,100,GARCIA CARLOS,GARCIA CARLOS
per_8939d23942ba4c458fa6,per_76b9c8d1b5ae1f1b2ccf,100,GARCIA CAROLINA,REINOSO RICARDO RUBEN GARCIA PUSINO CAROLINA
per_074ce7dc958aaacb4988,per_d0ac07a37f608ced03d6,100,GARCIA CONI JUAN JOSE,GARCIA JOSE
per_074ce7dc958aaacb4988,per_e18c0663f71fb5f90026,100,GARCIA CONI JUAN JOSE,JAIME ANA MARIA GARCIA CONI JUAN JOSE
per_2614e4abb010fbd4a7f6,per_dcd6d4de2e4232181dbc,100,GARCIA CRISTIAN NICOLAS,GARCIA CRISTIAN NICOLAS
per_af210b70123b6d9c264c,per_c11e166ec5edcdfc1cc4,100,GARCIA CUERVA JORGE,GARCIA JORGE
per_af210b70123b6d9c264c,per_8c8b18bea9efee9997b2,100,GARCIA CUERVA JORGE,GARCIA JORGE
per_af210b70123b6d9c264c,per_67f5a656a929481c81f2,100,GARCIA CUERVA JORGE,GARCIA JORGE
per_ea63b66207442683b0de,per_21efea1eb204e32c73b9,100,GARCIA DAROCA TOMAS,GARCIA DAROCA TOMAS
per_e4acdf0afbe98d4dea4f,per_d64fe3f68aaf4ad42a46,100,GARCIA DE LA TORRE DIEGO,GARCIA DIEGO
per_e4acdf0afbe98d4dea4f,per_bd2a2c57696da4d4ee5c,100,GARCIA DE LA TORRE DIEGO,GARCIA DIEGO
per_5d558a3eab0e36a7f925,per_00e583ede32d6112bd09,100,GARCIA DE LUCA SEBASTIAN,GARCIA DE LUCA SEBASTIAN
per_58a01a1775b4dae67736,per_1201f945199b368e6187,100,GARCIA DE SALTERAIN FLORENCIA,GARCIA DE SALTERAIN MARIA FLORENCIA
per_58a01a1775b4dae67736,per_3354439b7bd1e5fbde23,100,GARCIA DE SALTERAIN FLORENCIA,GARCIA FLORENCIA
per_1201f945199b368e6187,per_3354439b7bd1e5fbde23,100,GARCIA DE SALTERAIN MARIA FLORENCIA,GARCIA FLORENCIA
per_5d1cfe71eb3df6150211,per_e701d3ed3429f80ac37e,100,GARCIA DIAZ MARCELO,GARCIA MARCELO
per_5d1cfe71eb3df6150211,per_4d93913fd6f6b76c16c3,100,GARCIA DIAZ MARCELO,GARCIA MARCELO
per_5d1cfe71eb3df6150211,per_4558e4d60e292c0229b2,100,GARCIA DIAZ MARCELO,GARCIA MARCELO
per_d64fe3f68aaf4ad42a46,per_bd2a2c57696da4d4ee5c,100,GARCIA DIEGO,GARCIA DIEGO
per_65284c2e2eee0dc2f188,per_6ea4811f2b5418f2695a,100,GARCIA DONOFRIO,GARCIA DONOFRIO
per_7af5861421fb501186d5,per_68d8d394b05e3d58b81d,100,GARCIA EMILIO,GARCIA EMILIO
per_92c1eac314c2f594e708,per_3ba3f7ab505ccf926301,100,GARCIA FACUNDO IGNACIO,IGNACIO
per_58f0fbb266f290a0cdd6,per_c67f3b7f0864b9f2a2f3,100,GARCIA FERNANDA,GARCIA LUCILA FERNANDA
per_58f0fbb266f290a0cdd6,per_e2fc4ebf1bbbffbd96c1,100,GARCIA FERNANDA,GARCIA MARIA FERNANDA
per_58f0fbb266f290a0cdd6,per_ed5bb07469cdd98df0ce,100,GARCIA FERNANDA,GARCIA ROMANO FERNANDA
per_cb97feff20f28348de1d,per_e06f2f61a7fb246d7d22,100,GARCIA FERNANDO MANUEL,GARCIA MANUEL
per_3354439b7bd1e5fbde23,per_dafff97a68714c80b428,100,GARCIA FLORENCIA,RAUCH GARCIA FLORENCIA
per_b2c86b5a431e969b43d1,per_a69ed532de6513b380d7,100,GARCIA GENTA GONZALO,GARCIA GONZALO
per_789fa0fac949196c8c0b,per_33ee0227546751f8e86e,100,GARCIA GERARDO ESTEBAN,GARCIA GERARDO ESTEBAN
per_a69ed532de6513b380d7,per_b8da099615a7beabdd57,100,GARCIA GONZALO,GARCIA MATIAS GONZALO
per_e87abef5fa604dc2febc,per_21e5bb741611ba6fd67d,100,GARCIA GONZALO MARTIN,GARCIA MARTIN
per_65556bec31c527e8705f,per_d0ac07a37f608ced03d6,100,GARCIA HAMILTON JOSE,GARCIA JOSE
per_65556bec31c527e8705f,per_e695e0669ed76534755c,100,GARCIA HAMILTON JOSE,HAMILTON JOSE
per_30813cc17ce4d0041ed5,per_9067b72d0f138c21c807,100,GARCIA HAMILTON JOSE IGNACIO,GARCIA HAMILTON JOSE IGNACIO
per_30813cc17ce4d0041ed5,per_3ba3f7ab505ccf926301,100,GARCIA HAMILTON JOSE IGNACIO,IGNACIO
per_9067b72d0f138c21c807,per_3ba3f7ab505ccf926301,100,GARCIA HAMILTON JOSE IGNACIO,IGNACIO
per_ef856aab9ba64a406709,per_1cd2591d943c259c62d4,100,GARCIA JESSICA,GARCIA JESSICA
per_c11e166ec5edcdfc1cc4,per_67f5a656a929481c81f2,100,GARCIA JORGE,GARCIA JORGE
per_8c8b18bea9efee9997b2,per_67f5a656a929481c81f2,100,GARCIA JORGE,GARCIA JORGE
per_d0ac07a37f608ced03d6,per_30373ab93d343e576238,100,GARCIA JOSE,GARCIA RUMINOT JOSE
per_d0ac07a37f608ced03d6,per_e08ff9bfc5d90c1b517d,100,GARCIA JOSE,GARCIA UZCATEGUI LEOPOLDO JOSE
per_d0ac07a37f608ced03d6,per_e18c0663f71fb5f90026,100,GARCIA JOSE,JAIME ANA MARIA GARCIA CONI JUAN JOSE
per_d0ac07a37f608ced03d6,per_c4ba891b41dafca30d60,100,GARCIA JOSE,OTAROLA GARCIA MARIA JOSE
per_2e4f3ac241cb58067389,per_e38568c4e23c42fe74fd,100,GARCIA JUAN,GARCIA JUAN
per_2e4f3ac241cb58067389,per_23550765b6a3b3a4b065,100,GARCIA JUAN,GARCIA JUAN
per_2e4f3ac241cb58067389,per_39691de4386bb91679b4,100,GARCIA JUAN,GARCIA JUAN
per_2e4f3ac241cb58067389,per_6a45e9992afbe7a25e9b,100,GARCIA JUAN,GARCIA JUAN
per_2e4f3ac241cb58067389,per_7c88440652b04405e3ef,100,GARCIA JUAN,GARCIA JUAN
per_2e4f3ac241cb58067389,per_e09f915fcb06dab46d94,100,GARCIA JUAN,GARCIA JUAN
per_75d42b7542c7aac5676f,per_c4a13f5c11ce2e74bff5,100,GARCIA JUAN PABLO,GARCIA TISCORNIA JUAN PABLO
per_167f3cd2502a0103cb95,per_2dd7d58f86effa82b96f,100,GARCIA KARINA,GARCIA PRATO CINTHIA KARINA
per_a090ec6c2d1802455a74,per_615cdc7be1d5800c4d90,100,GARCIA KEDINGER PAULA MARIA,GARCIA MARIA
per_a090ec6c2d1802455a74,per_7bd48f6082cd0a8ea987,100,GARCIA KEDINGER PAULA MARIA,GARCIA MARIA
per_a090ec6c2d1802455a74,per_2012990dd670afbefea8,100,GARCIA KEDINGER PAULA MARIA,GARCIA MARIA
per_4b5ebcf13cfab28f46cd,per_104cd2100483082bb488,100,GARCIA LEOPOLDO,GARCIA UZCATEGUI LEOPOLDO
per_4df19a210a967cc68e59,per_e06f2f61a7fb246d7d22,100,GARCIA MANSILLA MANUEL,GARCIA MANUEL
per_e06f2f61a7fb246d7d22,per_4649aedbf82e22d26e17,100,GARCIA MANUEL,SALA GARCIA JUAN MANUEL
per_45f1e253e52809ad3a27,per_3ba3f7ab505ccf926301,100,GARCIA MANUEL IGNACIO,IGNACIO
per_5e5065cd738148c214ce,per_2c429c3df75ca6977152,100,GARCIA MARCELA GERMAN NICOLAS,GERMAN NICOLAS
per_5e5065cd738148c214ce,per_fce84ac41a78f03c6ba1,100,GARCIA MARCELA GERMAN NICOLAS,GERMAN NICOLAS
per_e701d3ed3429f80ac37e,per_4d93913fd6f6b76c16c3,100,GARCIA MARCELO,GARCIA MARCELO
per_e701d3ed3429f80ac37e,per_4558e4d60e292c0229b2,100,GARCIA MARCELO,GARCIA MARCELO
per_e701d3ed3429f80ac37e,per_4545652e56253aa52c60,100,GARCIA MARCELO,GARCIA PABLO MARCELO
per_4d93913fd6f6b76c16c3,per_4545652e56253aa52c60,100,GARCIA MARCELO,GARCIA PABLO MARCELO
per_4558e4d60e292c0229b2,per_4545652e56253aa52c60,100,GARCIA MARCELO,GARCIA PABLO MARCELO
per_e701d3ed3429f80ac37e,per_797635a45ec6b3253902,100,GARCIA MARCELO,GARCIA SERRANO ALFREDO MARCELO
per_4d93913fd6f6b76c16c3,per_797635a45ec6b3253902,100,GARCIA MARCELO,GARCIA SERRANO ALFREDO MARCELO
per_4558e4d60e292c0229b2,per_797635a45ec6b3253902,100,GARCIA MARCELO,GARCIA SERRANO ALFREDO MARCELO
per_615cdc7be1d5800c4d90,per_7bd48f6082cd0a8ea987,100,GARCIA MARIA,GARCIA MARIA
per_615cdc7be1d5800c4d90,per_2012990dd670afbefea8,100,GARCIA MARIA,GARCIA MARIA
per_615cdc7be1d5800c4d90,per_9088d36a3326f7ba7605,100,GARCIA MARIA,GARCIA SANCHEZ MARIA
per_615cdc7be1d5800c4d90,per_727fa89503cd9e26988e,100,GARCIA MARIA,IGLESIAS GARCIA JOSE MARIA
per_d720e3a290b1d7fd171d,per_451a4b098b796b1bb16f,100,GARCIA MATIAS,GARCIA MATIAS
per_d720e3a290b1d7fd171d,per_a0600f5401dbc92510dd,100,GARCIA MATIAS,GARCIA MATIAS
per_3c5cc70d2cde239b14e2,per_73958e729a94e8af59c7,100,GARCIA MORA ALFONSO,GARCIA MORA ALFONSO
per_cfe3239cca1c1873ddcc,per_61d64569ef652f0f93e2,100,GARCIA MORITAN ROBERTO,MORITAN ROBERTO
per_85af1164fb41b51e337e,per_abe47d45d545b735caad,100,GARCIA NEGRE FRANCISCO JAVIER,NEGRE JAVIER
per_6a095931f6ec263e5833,per_6a2d2e4d3e78cf92fde4,100,GARCIA ROMERO NICOLAS,GARCIA ROMERO NICOLAS
per_6a095931f6ec263e5833,per_80887f8bbeb4e54092d9,100,GARCIA ROMERO NICOLAS,ROMERO NICOLAS
per_6a2d2e4d3e78cf92fde4,per_80887f8bbeb4e54092d9,100,GARCIA ROMERO NICOLAS,ROMERO NICOLAS
per_9088d36a3326f7ba7605,per_03267b17071d90aaa7a7,100,GARCIA SANCHEZ MARIA,SANCHEZ MARIA
per_a2c6856cbe9fdd0c5ce4,per_f502e4afc8c66979918a,100,GARCIA SEBASTIAN RODRIGO,GARCIA SEBASTIAN RODRIGO
per_ae0a3d6cd4678b1a88c0,per_0808739a8e2dc76fd28e,100,GARCIA SERGIO,STIVELMAN GARCIA SERGIO
per_299b931a69f7873efaec,per_f3c504ecc49dbc9d18d3,100,GARCIA TORRES MARCELA,TORRES MARCELA
per_76a518f1b868a384e7c4,per_38cca587d14eed5fdb75,100,GARELIK VICTOR,GARELIK VICTOR
per_9f74ef9bcc43ba9ba153,per_68dc64acd06e50a61b7d,100,GARIBALDI MARIA,GARIBALDI MARIA
per_2ed4a3a9311acf1cd461,per_c72dea2df33119f02d4a,100,GARIBOLDI ALEJANDRO,GARIBOLDI ALEJANDRO
per_766381e744939de01c78,per_159cb18c16777c8d31e2,100,GARIJO VALENTIN,GARIJO VALENTIN
per_cbc8d9ec21a4f3bfface,per_b92c32160a3258e0e3c6,100,GARIJO VALENTIN JULIAN QUINTANA FERREIRA HILDA DEL CARMEN,QUINTANA FERREIRA HILDA DEL CARMEN
per_ecc5f17c0e09bab37678,per_8470428a1c1d147944b1,100,GARNICA STELLA MARIS,GARNICA STELLA MARIS
per_ad3dfcb7c0a5549b0e02,per_b3f5b73dfb5ad016898d,100,GARRIDO ESTEBAN,GARRIDO ESTEBAN
per_32579c22027fe26804c8,per_64382203a75afb1d1203,100,GARRIDO JUAN MANUEL,JUAN MANUEL
per_ea7fba71b698e4348af8,per_774bee7626f82cd92609,100,GARRIDO MATIAS,GARRIDO MATIAS
per_043267248f94e6f544ac,per_28f6696965a22b6109dc,100,GARRO JULIO,GARRO JULIO
per_e8a47566f1a96b7cb21d,per_065fe1a66a59c5ff53db,100,GASPAR NOVELLI MAURICIO,NOVELLI MAURICIO
per_e12dea01ef6d74fdb2bd,per_0225f62a362261eecf68,100,GASPARI DANIEL,GASPARI DANIEL
per_b3d5f577b4206486a8b3,per_d087ed87cf60bdc0d224,100,GASPARI ERNESTO,GASPARI ERNESTO
per_4055b84bf125ef163145,per_b8847b300dbc6e31fe36,100,GASTON LEANDRO,GASTON LEANDRO
per_9fa8a9460cda21adb496,per_bfb913e49093a7b7afb7,100,GASTON MARTIN,SORIA JULIAN GASTON BELLO MARTIN
per_9fa8a9460cda21adb496,per_80d78861e65a09136d1e,100,GASTON MARTIN,ZILBERGLEIJT GASTON MARTIN
per_ab3bb3de461be9aa4087,per_239df35eab7721f0bd3f,100,GASULLA LUIS,GASULLA LUIS
per_0db25d6db5006523386b,per_3ba3f7ab505ccf926301,100,GATICA IGNACIO,IGNACIO
per_26531edeb9676cf69e53,per_3abcbcd5080401573948,100,GATTELLI HERNAN DARIO,GATTELLI HERNAN DARIO
per_1755444c74c81e2d9b3b,per_a75a24ed2a928cac5426,100,GAVASSA GUSTAVO,GAVASSA GUSTAVO
per_06dbdb302f421789b6bb,per_8f07800b72e9419aaac5,100,GAVENSKY MARINA,GAVENSKY MARINA
per_23229897933083ba5832,per_3a911224e20522453334,100,GAVINI GUSTAVO ADRIAN,GAVINI GUSTAVO ADRIAN
per_34c6f213e0ef5df7a976,per_07e7531e5c22e4160f16,100,GAZZERO SUAREZ MARTIN,SUAREZ GAZZERO MARTIN
per_133f22a5b2b9c036946d,per_b2b948e9207dfc30ae5c,100,GAZZO HUCK CESAR,GAZZO HUCK CESAR
per_9451879136d43a41720a,per_0ae504bd7701f345ee61,100,GEDAN BENJAMIN,GEDAN BENJAMIN
per_23ea334028c7091a6e2f,per_802993e445f947e7ccb1,100,GEDDES MARIA LAURA,GEDDES MARIA LAURA
per_824d07e06d7032e24176,per_dc33fc5e10ada17a1331,100,GEIDERMAN EMILIO MARTIN,GEIDERMAN EMILIO MARTIN
per_a1e1752437a7b2fcd716,per_65a98178cc0caa05d164,100,GENDRA GIGENA MARIANO MOREIRA FABIAN ARIEL,MOREIRA FABIAN ARIEL
per_96c6211eb18dc1a4842f,per_366c9afa154fae5937be,100,GENEREANI JUAN,GENEREANI JUAN
per_c2442cddc3e107f758f7,per_4c836885e207834640b4,100,GENESIO MARTIN JOSE,GENESIO MARTIN JOSE
per_847819995b00ccee721a,per_27e2eacdc54adaa4fa5e,100,GENOVESE GUADALUPE,GENOVESE GUADALUPE
per_5cd64ca2c852410b2ba3,per_324e549006c55e4ee66c,100,GENUA DARIO,GENUA DARIO
per_d7eb853268f0186cdc77,per_5ba306a52b3cfe128477,100,GERARDO JAZMIN,GERARDO SEBASTIAN JAZMIN
per_d7eb853268f0186cdc77,per_88521cbf1c8b7454d6c3,100,GERARDO JAZMIN,IACOVINO SERGIO GERARDO SEBASTIAN JAZMIN
per_5ba306a52b3cfe128477,per_88521cbf1c8b7454d6c3,100,GERARDO SEBASTIAN JAZMIN,IACOVINO SERGIO GERARDO SEBASTIAN JAZMIN
per_2c429c3df75ca6977152,per_fce84ac41a78f03c6ba1,100,GERMAN NICOLAS,GERMAN NICOLAS
per_2c429c3df75ca6977152,per_e0b8214c49b2a587373f,100,GERMAN NICOLAS,GERMAN NICOLAS PEREYRA NICOLAS
per_fce84ac41a78f03c6ba1,per_e0b8214c49b2a587373f,100,GERMAN NICOLAS,GERMAN NICOLAS PEREYRA NICOLAS
per_63ce6ad29ffa44e76db5,per_0d9cd5aae90383d3671c,100,GERMAN NICOLAS MARIA ELENA MAZZANTINI,MARIA ELENA MAZZANTINI
per_b6415a137f63a2618ebb,per_b192def8c6abacfaf4e8,100,GERMAN NICOLAS PALLOTA MARIA INES,PALLOTA MARIA INES
per_e0b8214c49b2a587373f,per_5e420487fc910c5e3ad8,100,GERMAN NICOLAS PEREYRA NICOLAS,PEREYRA NICOLAS
per_ab1763679b76f3255dae,per_1139b5329955d30d5493,100,GERMAN NICOLAS PRAIZ MAXIMILIANO MILEI JAVIER,MILEI JAVIER
per_ab1763679b76f3255dae,per_a7c4e42772b253484f84,100,GERMAN NICOLAS PRAIZ MAXIMILIANO MILEI JAVIER,MILEI JAVIER
per_18ce901c0862418aac27,per_58be9bc00686ef1a9871,100,GEROLD DANIEL,GEROLD DANIEL
per_02c3b3d3ee9b5952177d,per_e768383b067ce1b50aff,100,GEROME EDUARDO,GEROME EDUARDO
per_1ec72c97dce9c8a11521,per_09d287f333a4cf752a33,100,GESSAGHI PATRICIO,GESSAGHI PATRICIO
per_1ec72c97dce9c8a11521,per_bb0fa321c3b6cc727095,100,GESSAGHI PATRICIO,IBARZABAL MURPHY MARIA GESSAGHI PATRICIO
per_09d287f333a4cf752a33,per_bb0fa321c3b6cc727095,100,GESSAGHI PATRICIO,IBARZABAL MURPHY MARIA GESSAGHI PATRICIO
per_6334ba22e83af61d9431,per_5364635f53ffa0df6d4a,100,GESSAGHI PATRICIO SALMON MARCELO,SALMON MARCELO
per_7b1fab36fc8bf3fae48e,per_1370100bce2143e56066,100,GESUALDI MARIA VICTORIA SCARCELA GUILLERMO,SCARCELA GUILLERMO
per_c6859a2b2fa11279d245,per_f368fb0b86ca8b78e227,100,GEUNA LUCIANA,GEUNA LUCIANA
per_14161696fa98d2250bd5,per_2198dc6e1ef81b91d286,100,GHIONE ADLERCREUTZ ANA MARIA BEJARANO CARLA REBECA SISER PATRICIA,SISER PATRICIA
per_14161696fa98d2250bd5,per_5427853b4f85e997ca93,100,GHIONE ADLERCREUTZ ANA MARIA BEJARANO CARLA REBECA SISER PATRICIA,SISER PATRICIA
per_14161696fa98d2250bd5,per_4cacca80106092f52b1f,100,GHIONE ADLERCREUTZ ANA MARIA BEJARANO CARLA REBECA SISER PATRICIA,SISER PATRICIA
per_f8520e70c7c8437e9ff1,per_f76020439d90b0bb1e13,100,GHIONE ANA MARIA,GHIONE ANA MARIA
per_f8520e70c7c8437e9ff1,per_5d14e7decde5f57d12d9,100,GHIONE ANA MARIA,SICILIA FEDERICO GERMAN NICOLAS GHIONE ADLERCREUTZ ANA MARIA
per_f76020439d90b0bb1e13,per_5d14e7decde5f57d12d9,100,GHIONE ANA MARIA,SICILIA FEDERICO GERMAN NICOLAS GHIONE ADLERCREUTZ ANA MARIA
per_f82fcb6bea4b82882c16,per_63f8280ddcf1cf1b74ca,100,GIACCIO MARTIN GUSTAVO,MARTIN GUSTAVO
per_b65fe90bea629359373a,per_569e073e001ace022ea1,100,GIACCIO MIGUEL ANTONIO00502521821 GIACCIO MIGUEL A,GIACCIO MIGUEL ANTONIO00502521821 GIACCIO MIGUEL A
per_660d754c0b6ff1d7eadd,per_45d349089a58da9bc173,100,GIACCONE JOAQUIN SEBASTIAN,GIACCONE JOAQUIN SEBASTIAN
per_54336bdf00e5f840f6c3,per_fe85957c0aa7a2f58334,100,GIACOBBR JORGE,GIACOBBR JORGE
per_d11b29289dac5a21672b,per_983794e6c46a80a966f9,100,GIACONI FLORENCIA GISELE,GIACONI FLORENCIA GISELE
per_db13393b990aa750ace7,per_5f8785ade3e0203d3085,100,GIALDI CAROLINA,GIALDI CAROLINA
per_944692c0ed5808d95dfc,per_dc931e7ea4f00c1c149f,100,GIAMPAOLI PATRICIO RODOLFO,GIAMPAOLI PATRICIO RODOLFO
per_01c0a721420cf911a80d,per_3ba3f7ab505ccf926301,100,GIAMPIERI JOSE IGNACIO,IGNACIO
per_f1d746a904e76f221d39,per_84d8b4b730ce1c9bd4c0,100,GIANA EMILIANO,POCHETTINO SEBASTIAN GIANA EMILIANO
per_ab6e5fc394c13974e401,per_d858746d9a478ce89916,100,GIANA GUIDO,GIANA GUIDO
per_23f96ed30fc7dfc69439,per_2aff22d90a551102255c,100,GIANCATERINO JOSEFINA,GIANCATERINO STEGMANN JOSEFINA
per_23f96ed30fc7dfc69439,per_29a51b6248281f6d9844,100,GIANCATERINO JOSEFINA,PACHECO MONICA MARICEL GIANCATERINO STEGMANN JOSEFINA
per_2aff22d90a551102255c,per_29a51b6248281f6d9844,100,GIANCATERINO STEGMANN JOSEFINA,PACHECO MONICA MARICEL GIANCATERINO STEGMANN JOSEFINA
per_65a149fe45cfca77b873,per_d3ac549cb763854cd071,100,GIANINI PAMELA ROCIO,GIANINI PAMELA ROCIO
per_a9b19deace8b1bf7d629,per_b348dc18a61698b937bc,100,GIELIS LEANDRO GABRIEL,GIELIS LEANDRO GABRIEL
per_a9b19deace8b1bf7d629,per_3adf052733923058328f,100,GIELIS LEANDRO GABRIEL,TOLABA CLARA VICENTA CASTRO MARIA VICTORIA GIELIS LEANDRO GABRIEL
per_b348dc18a61698b937bc,per_3adf052733923058328f,100,GIELIS LEANDRO GABRIEL,TOLABA CLARA VICENTA CASTRO MARIA VICTORIA GIELIS LEANDRO GABRIEL
per_3deb423330f5c384fab6,per_2e281a177d296880a79e,100,GIGENA MARCELA ALEJANDRA,GIGENA MARCELA ALEJANDRA
per_d01a55d1352d34b5e373,per_3152a1595acf85f2f484,100,GIJON RICARDO FABIAN,GIJON RICARDO FABIAN
per_b8696f563cd3a2688c20,per_23a7b4cda8757a8227b2,100,GIL ALEJANDRO,GRILLONE PABLO GIL ALEJANDRO
per_dc5286b07f0350ad4ee1,per_4fb0539b3e75151a73e3,100,GIL ANA,GIL ANA
per_dc5286b07f0350ad4ee1,per_385f02ce682e408f5c2f,100,GIL ANA,GRACIA GIL ANA
per_4fb0539b3e75151a73e3,per_385f02ce682e408f5c2f,100,GIL ANA,GRACIA GIL ANA
per_ab7b2f644f5bc8aa0e00,per_41c89f5514fe74ec0203,100,GIL BALEIRON MARIA,GIL BALEIRON MARIA
per_05420c5a18173a04ef81,per_ef9c32453abe7d8d1cdf,100,GILDA VANESA CORDERO ROUCO,GILDA VANESA CORDERO ROUCO
per_7b05402ab88f70e9d028,per_f77e69d09d3eb7265107,100,GILLIGAN PATRICIO,GILLIGAN PATRICIO
per_0bcb05dcddd6ac5dbb9a,per_a9b26951f0b5938e2ddc,100,GIMENEZ BRIAN,GIMENEZ BRIAN
per_0bcb05dcddd6ac5dbb9a,per_73455c16b289dd9535d9,100,GIMENEZ BRIAN,GIMENEZ RAFAEL BRIAN
per_a9b26951f0b5938e2ddc,per_73455c16b289dd9535d9,100,GIMENEZ BRIAN,GIMENEZ RAFAEL BRIAN
per_30aa70b3161d61729f6e,per_f514f9a40cb6b51f03ab,100,GIMENEZ DAMIAN,GIMENEZ DAMIAN
per_6a67ee93c9b887958f7c,per_e49687d852332a19e62a,100,GIMENEZ JAVIER,GIMENEZ PABLO JAVIER
per_5cee537425aba271c965,per_106e7c10de7c38a78828,100,GIMENEZ JOSE,GIMENEZ JUAN JOSE
per_e1d9670d5ed98004b0b1,per_094f37f739434f03fcb9,100,GIMENEZ JUAN,GIMENEZ MATIAS JUAN
per_e95ae13602397481076f,per_56ff19ab38e8b458c34a,100,GIMENEZ LUCIA,GIMENEZ LUCIA
per_e95ae13602397481076f,per_f0c4af8b644c0da16871,100,GIMENEZ LUCIA,GIMENEZ ROMERO LUCIA
per_85c371c7498054b3d56f,per_64b94f16eb4cd683eb5f,100,GIMENEZ WALTER,GIMENEZ WALTER
per_fd074418e3d93cd7a484,per_e2d88a512504c5551edf,100,GINZO LUCIA,GINZO LUCIA
per_198dd4dc6a120303e914,per_995d97519958591110b3,100,GIONFERRI TODARELLI,GIONFERRI TODARELLI
per_a858630d52e442a595a1,per_de013b4dcdd1cddd08b7,100,GIORGIONE MARIA GRACIELA,GIORGIONE MARIA GRACIELA
per_fc708b591c23ef3dca22,per_64382203a75afb1d1203,100,GIOVAGNOLI JULIETA AYELEN PERSICO JOSE LUIS ORQUERA JUAN MANUEL,JUAN MANUEL
per_fc708b591c23ef3dca22,per_5b33c3f223c6932e76ad,100,GIOVAGNOLI JULIETA AYELEN PERSICO JOSE LUIS ORQUERA JUAN MANUEL,ORQUERA JUAN MANUEL
per_fc708b591c23ef3dca22,per_1cd930ed768cb46b91f3,100,GIOVAGNOLI JULIETA AYELEN PERSICO JOSE LUIS ORQUERA JUAN MANUEL,ORQUERA JUAN MANUEL
per_983a687e6638ee9ad516,per_498a56d29c67cffc2357,100,GIOVANELI NANETE,GIOVANELI NANETE
per_7c6c57acd55ab3bffb01,per_9b77b3042a427071ad9f,100,GIOVATTO JUAN CARLOS,GIOVATTO JUAN CARLOS
per_117900b3ff54b68714ee,per_2b7d1a7e02a805ef8cd1,100,GIOVINE LUIS,GIOVINE LUIS
per_074c646eeec2a72a7f18,per_b2249f1ca626368c0c6a,100,GIOVINE LUIS ENRIQUE,GIOVINE LUIS ENRIQUE
per_5fef2418db30058639df,per_3ba3f7ab505ccf926301,100,GIRAD IGNACIO,IGNACIO
per_2886702e08c7af2eaf48,per_c1796c715056f68fea0b,100,GIRALDA MARTIN FEDERICO,MARTIN FEDERICO
per_fd17304b65cafb68bf31,per_6f73cc833ff2f3dc14f6,100,GIRAUDO GUSTAVO,GIRAUDO GUSTAVO
per_e190869aa016d49126dc,per_06b11942557d3f6fd582,100,GIRBAU MAXIMILIANO,GIRBAU MAXIMILIANO
per_cc236aaad5c68ca40621,per_3ba3f7ab505ccf926301,100,GIRON IGNACIO,IGNACIO
per_3008320cf49e49616899,per_a400b29d06f78ab770e3,100,GIRON MARIA AGUSTINA,GIRON MARIA AGUSTINA
per_ca0ec6460675d6fa53af,per_64382203a75afb1d1203,100,GISPERT JUAN MANUEL,JUAN MANUEL
per_f3a9f9637bb3ce600545,per_12528522ab663cac3cef,100,GIUDICI SILVINA,GIUDICI SILVINA
per_cf3b5618bff5d2e44211,per_ee887a913c2ec175648b,100,GIUSSI DARIO,GIUSSI DARIO
per_135250366f2fe4e4a49e,per_f5a320c64ebab45b1be8,100,GIUSTINIAN AGUSTIN,GIUSTINIAN AGUSTIN
per_495bca45201b90ad0b90,per_feeb742efdcbbd9206c0,100,GIUSTO MAXIMO OMODEO PAULA,OMODEO PAULA
per_495bca45201b90ad0b90,per_44517fecadb728019e45,100,GIUSTO MAXIMO OMODEO PAULA,OMODEO PAULA
per_a054218bdb404dc07195,per_9d7188610e919d8635e3,100,GLORIA DIAZ,GLORIA DIAZ
per_b85db561e7e86794eb90,per_173ebd8b0193692f9ae4,100,GODOY JOSE GUILLERMO,GODOY JOSE GUILLERMO
per_b91e2bc5076368bfa626,per_a23555a3fd89f93d6d53,100,GODOY MARTINEZ JOSEFINA,GODOY MARTINEZ JOSEFINA
per_7b377f735a2550cc8fe1,per_64e672eab89747caa0ec,100,GODOY REBORI MORA,GODOY REBORI MORA
per_113b2c561e7c6bbb31f9,per_6ce6b9a282814a0ed784,100,GOENAGA ROMAN,GOENAGA ROMAN
per_a1b3ffda7a713ab79a56,per_de73eb29cd870acb298e,100,GOERLING MARTIN,GOERLING MARTIN
per_e5fb676529a4b19c034a,per_3607b4aef0e24a84693d,100,GOITES ALFREDO,GOITES ALFREDO
per_2d23d0a63fb9d685c710,per_b6fcd31f56570a449d8d,100,GOLDWASER PETRICHIVICH JESICA,GOLDWASER PETRICHIVICH JESICA
per_69386d7b96144f53b7b8,per_66e95ff8e9df4e3d8fc0,100,GOLENDER MARIA FLORENCIA,GOLENDER MARIA FLORENCIA
per_cf77cd78bf29eb4c575d,per_077501ec0f0429152c5d,100,GOMBI SEBASTIAN,GOMBI SEBASTIAN
per_851d0800faed653a2a55,per_c1a2a485eb0168f0a90f,100,GOMES PABLO CRISTIAN,GOMES PABLO CRISTIAN
per_d5785c2acd120cd6a606,per_0550769e93398f5b66c8,100,GOMEZ ABIGAIL GABRIELA,GOMEZ GABRIELA
per_15c39754779ab400be52,per_0bf647ef9a51fd6560aa,100,GOMEZ ALVARADO LUCIANO,GOMEZ ALVARADO LUCIANO
per_00fc26d51e4852e16c64,per_fe9d94b7417f039ace1b,100,GOMEZ ANALIA,GOMEZ ANALIA
per_130fbaad165beb8f64cf,per_0550769e93398f5b66c8,100,GOMEZ ANALIA GABRIELA,GOMEZ GABRIELA
per_d0fe799791d09f077396,per_bc5d55ee931814f9cd01,100,GOMEZ ANALIA GABRIELA IBANEZ ELBIO,IBANEZ ELBIO
per_0e631bec903ed4bd7a0b,per_d3283755f5ebe54ab7ca,100,GOMEZ CARLA,GOMEZ CARLA
per_c7812f41ac60fbf7ea52,per_c056c56c989fe538478b,100,GOMEZ CARLOS,GOMEZ CARLOS
per_c7812f41ac60fbf7ea52,per_6b5143ce23c60b99e46b,100,GOMEZ CARLOS,GOMEZ JUAN CARLOS
per_0c53c530f2719e3101db,per_5f791d4a15c8db453324,100,GOMEZ CARLOS ELIAS,GOMEZ ELIAS
per_0c53c530f2719e3101db,per_5f2af50000d67866aeca,100,GOMEZ CARLOS ELIAS,GOMEZ ELIAS
per_b734bfe6c2adda43df32,per_104a0129f24872b9be41,100,GOMEZ DURQUET PABLO,GOMEZ PABLO
per_5f791d4a15c8db453324,per_5f2af50000d67866aeca,100,GOMEZ ELIAS,GOMEZ ELIAS
per_6080e0e8046d9834c3d8,per_94e091fbd8e0fc1ef687,100,GOMEZ ELIAS ARTURO,SCATTOLINI RICARDO GOMEZ ELIAS ARTURO
per_97c84a5d9cfc93fcb02c,per_b1a28c92573ca0521b9b,100,GOMEZ ELIAS ARTURO MENEM FELIPE,MENEM FELIPE
per_97c84a5d9cfc93fcb02c,per_18d5ca3a2716ca6eb174,100,GOMEZ ELIAS ARTURO MENEM FELIPE,MENEM FELIPE
per_f074f741776821e2cb5f,per_436b5337c07af3da8b04,100,GOMEZ ELIAS ARTURO SICILIA FEDERICO,SICILIA FEDERICO
per_e53561f8a71fd619ceba,per_b13b6d2ae9a35cc1444b,100,GOMEZ FACUNDO,GOMEZ MINUJIN FACUNDO
per_0852e1914a3598072f65,per_5ffd603ae4fb0e25efa6,100,GOMEZ FERNANDO GABRIEL,GOMEZ GABRIEL
per_5ffd603ae4fb0e25efa6,per_d6a44ec1ee630c8cae47,100,GOMEZ GABRIEL,GOMEZ RIERA RAMIRO GABRIEL
per_da0dcad37e0ce7785423,per_9dd8cf993d834ad63de7,100,GOMEZ GUSTAVO,GOMEZ W ALTER GUSTAVO
per_da0dcad37e0ce7785423,per_48d3f80f894c011d4e06,100,GOMEZ GUSTAVO,GOMEZ WALTER GUSTAVO
per_804e76d4719ceb5f1601,per_0558e90f16a13e42c0b4,100,GOMEZ HEIDI,GOMEZ RAPALO HEIDI
per_8b71ddd04a943f4efd6b,per_e22bbe78b604bf3730ff,100,GOMEZ HERNAN ADRIAN,GOMEZ HERNAN ADRIAN
per_7fe5d434686718c0866e,per_3ba3f7ab505ccf926301,100,GOMEZ IGNACIO,IGNACIO
per_d0d7d55833a379772a33,per_fabdd89989020954f411,100,GOMEZ JONATHAN IVAN ADOLFO,GOMEZ JONATHAN IVAN ADOLFO
per_cd9417f0d28e5f3ec649,per_e231785d46a2abf22e3c,100,GOMEZ JORGE,GOMEZ JORGE
per_596409a7414974b89c32,per_64382203a75afb1d1203,100,GOMEZ JUAN MANUEL,JUAN MANUEL
per_26c8fbd7d30e6c50f6a9,per_76f0c18ec2c8b16c1209,100,GOMEZ LEONARDO,GOMEZ LEONARDO
per_26c8fbd7d30e6c50f6a9,per_28768241c84d6efa7a01,100,GOMEZ LEONARDO,JACOME RODRIGO JOSUE GOMEZ LEONARDO
per_76f0c18ec2c8b16c1209,per_28768241c84d6efa7a01,100,GOMEZ LEONARDO,JACOME RODRIGO JOSUE GOMEZ LEONARDO
per_7d0b0b661f17e1696fa2,per_abfcc2afa37ec15ae09a,100,GOMEZ LEONARDO DANILO,GOMEZ LEONARDO DANILO
per_566a57524fc259a042b2,per_5f8e63a5e7e0f5d85bb5,100,GOMEZ MARIA,GOMEZ ROSAS MARIA
per_8c8d49bcfd22ace06931,per_335c1a1ebe2b98fb0d32,100,GOMEZ MICAELA ELVIRA,GOMEZ MICAELA ELVIRA
per_771e7f204d510faa6bff,per_fe8df24d231bc0966ea9,100,GOMEZ MIGUEL ANGEL,MIGUEL ANGEL
per_0551a4d3c5ebc809c3cb,per_a65d2fb626e832447bca,100,GOMEZ NESTOR RUBEN,GOMEZ RUBEN
per_26b775af5768ce07f5eb,per_02984b2374381df0dba6,100,GOMEZ NICOLAS RODRIGUEZ HUGO ANDRES LAGO MARCELA NOEMI,LAGO MARCELA NOEMI
per_26b775af5768ce07f5eb,per_a8471398b4fe7366d12b,100,GOMEZ NICOLAS RODRIGUEZ HUGO ANDRES LAGO MARCELA NOEMI,RODRIGUEZ HUGO ANDRES LAGO MARCELA NOEMI
per_53468da57a09b64ff714,per_c24eacbadbb0e21da127,100,GOMEZ PABLO ARIEL,GOMEZ PABLO ARIEL
per_5f8e63a5e7e0f5d85bb5,per_4b2f0c75b133ce916098,100,GOMEZ ROSAS MARIA,ROSAS MARIA
per_48d3f80f894c011d4e06,per_6df92f185ed7dae05859,100,GOMEZ WALTER GUSTAVO,GOMEZ WALTER GUSTAVO
per_50e31c5b18298312e0c1,per_c2c6655a5c531bd859d7,100,GONARD MAARIA TERESA,GONARD MAARIA TERESA
per_7649950a3b94ae371a13,per_334f27035d4b61e2a182,100,GONCALVES FIGUEIREDO HERNAN RICARDO,GONCALVES FIGUEIREDO HERNAN RICARDO
per_38f6d48f7e1d2e609d0e,per_e3f2c5f5c4f59a448e77,100,GONZALES CRISTIAN,GONZALES CRISTIAN
per_971aa14590476540b1cc,per_3ba3f7ab505ccf926301,100,GONZALES JUAN IGNACIO,IGNACIO
per_d7f0136fe0a2e33748ba,per_0a33a87559e618b77449,100,GONZALEZ ADRIA GARGOLANI GABRIEL,GONZALEZ GABRIEL
per_d7f0136fe0a2e33748ba,per_964afac4e8239be167bf,100,GONZALEZ ADRIA GARGOLANI GABRIEL,GONZALEZ GABRIEL
per_d7f0136fe0a2e33748ba,per_2c401ad8faed09962742,100,GONZALEZ ADRIA GARGOLANI GABRIEL,GONZALEZ GABRIEL
per_5dffa853ad016a0e820f,per_7959c6c19ff589a0610a,100,GONZALEZ AGUSTINA,GONZALEZ BRENDA AGUSTINA
per_5dffa853ad016a0e820f,per_3ae4786d92e54837a5ae,100,GONZALEZ AGUSTINA,GONZALEZ MILGROS AGUSTINA
per_5a0f3086a36a09d0ee7f,per_fbba7a0ed528e22cbf76,100,GONZALEZ ALBERTO,GONZALEZ CARLOS ALBERTO
per_5a0f3086a36a09d0ee7f,per_6d76df9533af0c872b42,100,GONZALEZ ALBERTO,GONZALEZ FABIAN ALBERTO
per_5a0f3086a36a09d0ee7f,per_f84a0e5b8af975806295,100,GONZALEZ ALBERTO,GONZALEZ MIGUEL ALBERTO
per_2faba0573139973af64b,per_27ff93edea681edb1c5c,100,GONZALEZ ALEXIS,GONZALEZ ALEXIS
per_27ff93edea681edb1c5c,per_85731b66ecfea4e2152e,100,GONZALEZ ALEXIS,GONZALEZ ALEXIS
per_c1ab5754b7ce85589323,per_a99c9f1203e1bdc5a1d6,100,GONZALEZ ALFREDO,GONZALEZ ALFREDO
per_e9ebdb80622395a15c9b,per_71d163d446efcc08ae3a,100,GONZALEZ ALFREDO LEANDRO,GONZALEZ LEANDRO
per_23f512d22cc886b2e899,per_90616dac34369bb8f156,100,GONZALEZ AVILA JOSE MARIA,GONZALEZ MARIA
per_23f512d22cc886b2e899,per_b341876c164d0bbe8ba4,100,GONZALEZ AVILA JOSE MARIA,GONZALEZ MARIA
per_81bf06268957fac6c095,per_90616dac34369bb8f156,100,GONZALEZ BENITEZ MARIA,GONZALEZ MARIA
per_81bf06268957fac6c095,per_b341876c164d0bbe8ba4,100,GONZALEZ BENITEZ MARIA,GONZALEZ MARIA
per_63f5ca3d73678aac063b,per_be2c367f66e73df968ff,100,GONZALEZ BLANCO DANIEL,GONZALEZ DANIEL
per_abd1246ad4d87c864bff,per_451d7a6f8aaa0dda705e,100,GONZALEZ BOCEIRO MANUEL,GONZALEZ MANUEL
per_814d7883fe11d66b7bb3,per_447cd24e98a43fc58469,100,GONZALEZ BOTTARINI MARTINA LUCIANA,GONZALEZ LUCIANA
per_b90af1bc3538b745f041,per_1cd9d7a76e724cdeae32,100,GONZALEZ BOTTO MAURICIO MIGUEL,GONZALEZ BOTTO MAURICIO MIGUEL
per_689c57482ba5b2bc8191,per_8631d94b00a0aecb09de,100,GONZALEZ BRUNO,GONZALEZ BRUNO
per_58f3d65fedd882f8a071,per_767b40229a99019a2e51,100,GONZALEZ BURGOS RINGO,GONZALEZ BURGOS RINGO
per_e05504e2ca8c51889f58,per_4b2d1792e2eb115ce6fd,100,GONZALEZ CARLOS,GONZALEZ D ALESANDRO CARLOS
per_e05504e2ca8c51889f58,per_03a383138e2f97b97d45,100,GONZALEZ CARLOS,GONZALEZ DALESSANDRO CARLOS
per_e05504e2ca8c51889f58,per_1c12de4a3947cdfcf648,100,GONZALEZ CARLOS,GONZALEZ DALESSANDRO CARLOS
per_e05504e2ca8c51889f58,per_2679a8421a18a8ca98aa,100,GONZALEZ CARLOS,GONZALEZ PRIETO CARLOS
per_e05504e2ca8c51889f58,per_a4cf9720d9c857ec9c25,100,GONZALEZ CARLOS,SANDOVAL GONZALEZ CARLOS
per_d9b18bf7b340fbad046a,per_b341876c164d0bbe8ba4,100,GONZALEZ CARLOS MARIA,GONZALEZ MARIA
per_61d7d2f3cef7cb1fd314,per_17e57fa45c5311ae03a4,100,GONZALEZ CARMAN MARIA LUZ,GONZALEZ MARIA LUZ
per_c39ed6014b9f02e67526,per_be2c367f66e73df968ff,100,GONZALEZ CASARTELLI DANIEL,GONZALEZ DANIEL
per_62b4d810524ac7b7abe1,per_b0f6775191f521fc6a3c,100,GONZALEZ CASARTELLI DANIEL CRISTIAN,GONZALEZ CRISTIAN
per_f6a093100138718ad070,per_be2c367f66e73df968ff,100,GONZALEZ CASARTETTI DANIEL,GONZALEZ DANIEL
per_6d7a4c0899669aef3614,per_67aa3d4f2b817b787f5a,100,GONZALEZ CASTRO AGUSTINA FLORENCIA,GONZALEZ FLORENCIA
per_81771a19f193b9b60c75,per_ba19c5710e4145c98088,100,GONZALEZ CLAUDIO,GONZALEZ GUAJARDO CLAUDIO
per_c370ccda27b9edb922ac,per_e66a34043b9b9a146bba,100,GONZALEZ CLAUDIO TOMAS,GONZALEZ TOMAS
per_03a383138e2f97b97d45,per_1c12de4a3947cdfcf648,100,GONZALEZ DALESSANDRO CARLOS,GONZALEZ DALESSANDRO CARLOS
per_be2c367f66e73df968ff,per_32ec569ebfc7afef7443,100,GONZALEZ DANIEL,GONZALEZ DANTE DANIEL
per_be2c367f66e73df968ff,per_b3bc8e03be990e4631f3,100,GONZALEZ DANIEL,GONZALEZ WALTER DANIEL
per_848d8565004d83393b97,per_3888ab1eac30e16fac2d,100,GONZALEZ DANIEL ROLANDI JOSE LOPEZ FERNANDEZ NATALIA MILAGROS,GONZALEZ MILAGROS
per_848d8565004d83393b97,per_6e4a1be3258d25f5050b,100,GONZALEZ DANIEL ROLANDI JOSE LOPEZ FERNANDEZ NATALIA MILAGROS,LOPEZ FERNANDEZ NATALIA MILAGROS
per_e3aeabbb62a35f0f5e75,per_37985585e639a992c02c,100,GONZALEZ DARDO ESTEBAN RAUL,GONZALEZ RAUL
per_6203a9972bb97a3c4a8b,per_b341876c164d0bbe8ba4,100,GONZALEZ DAY LUIS MARIA,GONZALEZ MARIA
per_d227af397ba81683964a,per_3dd7819051c4778971d4,100,GONZALEZ EDUARDO ROBERTO,GONZALEZ EDUARDO ROBERTO
per_d227af397ba81683964a,per_3c84b610d5667a9f443b,100,GONZALEZ EDUARDO ROBERTO,GONZALEZ ROBERTO
per_3dd7819051c4778971d4,per_3c84b610d5667a9f443b,100,GONZALEZ EDUARDO ROBERTO,GONZALEZ ROBERTO
per_87325b5f5f4821f8cad6,per_90616dac34369bb8f156,100,GONZALEZ ESTEVARENA MARIA,GONZALEZ MARIA
per_87325b5f5f4821f8cad6,per_b341876c164d0bbe8ba4,100,GONZALEZ ESTEVARENA MARIA,GONZALEZ MARIA
per_bcdef8144243328bc51b,per_0a33a87559e618b77449,100,GONZALEZ FEDERICO GABRIEL,GONZALEZ GABRIEL
per_bcdef8144243328bc51b,per_964afac4e8239be167bf,100,GONZALEZ FEDERICO GABRIEL,GONZALEZ GABRIEL
per_bcdef8144243328bc51b,per_2c401ad8faed09962742,100,GONZALEZ FEDERICO GABRIEL,GONZALEZ GABRIEL
per_5ccbd1a1771af9be43cc,per_1b86d0235b725a7e9cc0,100,GONZALEZ FEDERICO ORLANDO,GONZALEZ ORLANDO
per_09b6890925ed31d08ca3,per_e9b8125964281c07cb66,100,GONZALEZ FELIPE,GONZALEZ FELIPE
per_ca39f20f38df8a27a0c2,per_6c1fb31271aefe6cdd87,100,GONZALEZ FERNANDO MARTIN,GONZALEZ MARTIN
per_67aa3d4f2b817b787f5a,per_d8cad139a3c618e81e02,100,GONZALEZ FLORENCIA,GONZALEZ FLORENCIA
per_0a33a87559e618b77449,per_964afac4e8239be167bf,100,GONZALEZ GABRIEL,GONZALEZ GABRIEL
per_964afac4e8239be167bf,per_2c401ad8faed09962742,100,GONZALEZ GABRIEL,GONZALEZ GABRIEL
per_0a33a87559e618b77449,per_02b838af872057b8302f,100,GONZALEZ GABRIEL,GONZALEZ HECTOR GABRIEL
per_964afac4e8239be167bf,per_02b838af872057b8302f,100,GONZALEZ GABRIEL,GONZALEZ HECTOR GABRIEL
per_2c401ad8faed09962742,per_02b838af872057b8302f,100,GONZALEZ GABRIEL,GONZALEZ HECTOR GABRIEL
per_893d41f7a0e9cebde684,per_2e71c8fda1c4f7637909,100,GONZALEZ GERARDO GUSTAVO,GONZALEZ GERARDO GUSTAVO
per_893d41f7a0e9cebde684,per_67e3bcec53b094104edb,100,GONZALEZ GERARDO GUSTAVO,GONZALEZ GUSTAVO
per_2e71c8fda1c4f7637909,per_67e3bcec53b094104edb,100,GONZALEZ GERARDO GUSTAVO,GONZALEZ GUSTAVO
per_a48a709b2c1cc3fa5beb,per_cfdd7063cbde27428e2a,100,GONZALEZ GOICOECHEA MARTIN,GONZALEZ GOICOECHEA MARTIN
per_a48a709b2c1cc3fa5beb,per_6c1fb31271aefe6cdd87,100,GONZALEZ GOICOECHEA MARTIN,GONZALEZ MARTIN
per_8f41f0409618aca8e59d,per_040433cccf0b2df1a628,100,GONZALEZ GRACIELA,GONZALEZ LILIANA GRACIELA
per_67e3bcec53b094104edb,per_70644d4c579246edc90d,100,GONZALEZ GUSTAVO,GONZALEZ HORACIO GUSTAVO
per_67e3bcec53b094104edb,per_0921bbc5a30e7bbab475,100,GONZALEZ GUSTAVO,GONZALEZ JAVIER GUSTAVO
per_10540ebf0943485207bc,per_c5489e9fa6f8f71f8fcf,100,GONZALEZ INSUA ANDRES,GONZALEZ INSUA ANDRES
per_1acedeec491927e7ce8f,per_c62dd0b2e9e3be1f892b,100,GONZALEZ JUAN JOSE,GONZALEZ JUAN JOSE
per_1acedeec491927e7ce8f,per_491240852f14ed3a7c6c,100,GONZALEZ JUAN JOSE,GONZALEZ JUAN JOSE
per_3c14a6109dab258c75ac,per_6c1fb31271aefe6cdd87,100,GONZALEZ JUAN MARTIN,GONZALEZ MARTIN
per_e948c38c0989228bc2a3,per_921211fc286d36512120,100,GONZALEZ LAURA,GONZALEZ VILLANUEVA MARIA LAURA
per_a1768411f2ddfa50b137,per_0406dfbda001ecb42c25,100,GONZALEZ LAURA PATRICIA,GONZALEZ PATRICIA
per_b332a174999e330b7241,per_b48267a4fb5022684fa0,100,GONZALEZ LUCAS,GONZALEZ LUCAS
per_15478915bedf33492b18,per_b48267a4fb5022684fa0,100,GONZALEZ LUCAS,GONZALEZ LUCAS
per_b48267a4fb5022684fa0,per_313ad150be236efbab0c,100,GONZALEZ LUCAS,GONZALEZ MONTE LUCAS
per_bc0757bc736d7456b212,per_6c1fb31271aefe6cdd87,100,GONZALEZ LUCAS MARTIN,GONZALEZ MARTIN
per_90616dac34369bb8f156,per_b341876c164d0bbe8ba4,100,GONZALEZ MARIA,GONZALEZ MARIA
per_274ada512e5ad37a0f27,per_142d14b23269d832f6b1,100,GONZALEZ MARIA DEL PILAR,GONZALEZ MARIA DEL PILAR
per_142d14b23269d832f6b1,per_ca95705ac2e49741d368,100,GONZALEZ MARIA DEL PILAR,GONZALEZ MARIA DEL PILAR
per_274ada512e5ad37a0f27,per_9e7b9471b276c813c195,100,GONZALEZ MARIA DEL PILAR,MARIA DEL PILAR
per_142d14b23269d832f6b1,per_9e7b9471b276c813c195,100,GONZALEZ MARIA DEL PILAR,MARIA DEL PILAR
per_ca95705ac2e49741d368,per_9e7b9471b276c813c195,100,GONZALEZ MARIA DEL PILAR,MARIA DEL PILAR
per_92954f2ae50b9f4235e9,per_035652801f4ff1a10cd3,100,GONZALEZ MARIANO,GONZALEZ VARA AGUSTIN MARIANO
per_904344035f30999800eb,per_33e1edcf271d9939663f,100,GONZALEZ MARINSALDA FEDERICO MARTIN,GONZALEZ MARINSALDA FEDERICO MARTIN
per_33e1edcf271d9939663f,per_6c1fb31271aefe6cdd87,100,GONZALEZ MARINSALDA FEDERICO MARTIN,GONZALEZ MARTIN
per_6c1fb31271aefe6cdd87,per_37f72605379cd0890504,100,GONZALEZ MARTIN,GONZALEZ PEREIRA RODRIGO MARTIN
per_61bb079bff32910031a7,per_9e09b4de9c72b960a472,100,GONZALEZ MATIAS FEDERICO,HAMPTON DIEGO CARLOS FERNANDES GIORGINA GONZALEZ MATIAS FEDERICO
per_61bb079bff32910031a7,per_c50e3ceec8ba87fd9ebc,100,GONZALEZ MATIAS FEDERICO,TALAVERA BRIAN GONZALEZ MATIAS FEDERICO
per_c23c1365c177616e0b23,per_273d515e1895476a2bde,100,GONZALEZ MONICA,GONZALEZ MONICA
per_78f22b07b9293d89a60f,per_273d515e1895476a2bde,100,GONZALEZ MONICA,GONZALEZ MONICA
per_3ee4e97f9d1acffb8a70,per_e4d67b2950c267450166,100,GONZALEZ NICOLAS,GONZALEZ REY MARTIN NICOLAS
per_3ee4e97f9d1acffb8a70,per_217c068dad7557743461,100,GONZALEZ NICOLAS,SAIZ GONZALEZ NICOLAS
per_50b9ef5f5e283fdcc71e,per_19e3c01b0590f877111c,100,GONZALEZ PABLO,GONZALEZ PABLO
per_f18960c5c0c36ffec5cf,per_57432f06b34339c2030a,100,GONZALEZ PABLO ALEJANDRO,GONZALEZ PABLO ALEJANDRO
per_8b12a858f8edfb263370,per_dd0b88dd65ec77265983,100,GONZALEZ PRIETTO,GONZALEZ PRIETTO CARLOS00589190214 GONZALEZ PRIETO
per_e4d67b2950c267450166,per_d948874bd6fd2080bd17,100,GONZALEZ REY MARTIN NICOLAS,MARTIN NICOLAS
per_3a7a9fcf9df8cccfd86a,per_1e60116f40daf5d66a9c,100,GONZALEZ ROMINA,GONZALEZ ROMINA
per_1e60116f40daf5d66a9c,per_fd8ce4305cbc1e2d883f,100,GONZALEZ ROMINA,GONZALEZ ROMINA
per_7d439f80a84952e50728,per_0f2508ea509c695bdda9,100,GONZALEZ ROXANA,GONZALEZ ROXANA
per_7d439f80a84952e50728,per_9d66205e2093b5c211eb,100,GONZALEZ ROXANA,ROLANDI JOSE GONZALEZ ROXANA
per_0f2508ea509c695bdda9,per_9d66205e2093b5c211eb,100,GONZALEZ ROXANA,ROLANDI JOSE GONZALEZ ROXANA
per_24b09f5334ffaa89a230,per_76e14e59d973a70a760b,100,GONZALEZ SAN MARCO FRANCO,GONZALEZ SAN MARCO FRANCO
per_5819e3124f2d067b9c86,per_9890e199806cc6854b44,100,GONZALEZ SERVAT GISELA,GONZALEZ SERVAT GISELA
per_7046620ed3bbe6f3de6a,per_e996a5fa527fce783266,100,GONZALEZ VANINA GISELE,GONZALEZ VANINA GISELE
per_77d04d9693afa87bae99,per_921211fc286d36512120,100,GONZALEZ VILLANUEVA MARIA LAURA,GONZALEZ VILLANUEVA MARIA LAURA
per_6365f247f2c0137c9d20,per_fc5e9605fe0b9b4c122a,100,GORGE JULIAN ALFREDO,GORGE JULIAN ALFREDO
per_6365f247f2c0137c9d20,per_c6a495f03f001c07f6a3,100,GORGE JULIAN ALFREDO,ORTUNO GUILLERMO GORGE JULIAN ALFREDO
per_fc5e9605fe0b9b4c122a,per_c6a495f03f001c07f6a3,100,GORGE JULIAN ALFREDO,ORTUNO GUILLERMO GORGE JULIAN ALFREDO
per_ec4084dd9069a16130bb,per_8f0775917050a6f92909,100,GORGE LILIANA NOELIA,GORGE LILIANA NOELIA
per_be164800be39900558fa,per_9587d4b54086856b8f24,100,GORI MARIANO,GORI MARIANO
per_0a25bdab5df797c85f01,per_c9e8e2547c422e335d7f,100,GORINI MARA MAGALDI NARTIN JORGE,MAGALDI NARTIN JORGE
per_31a58da1227ed2618228,per_c566d7ec27e3e9cb50b6,100,GORINI MARA MUNOZ LAURA PATRICIA,MARIA ELENA MAZZANTINI GORINI MARA MUNOZ LAURA PATRICIA
per_31a58da1227ed2618228,per_a56b97dfb0bfe58da20e,100,GORINI MARA MUNOZ LAURA PATRICIA,MUNOZ LAURA PATRICIA
per_31a58da1227ed2618228,per_48711b08acc27c4144d6,100,GORINI MARA MUNOZ LAURA PATRICIA,MUNOZ LAURA PATRICIA
per_9f17ec3df129c5e38dbb,per_275beac9cd0cd081f3dd,100,GORINI MARA TALAVERA BRIAN,TALAVERA BRIAN
per_9f17ec3df129c5e38dbb,per_d4e25b9a91e7cf0db824,100,GORINI MARA TALAVERA BRIAN,TALAVERA BRIAN
per_0ed2e1088146f7ee7267,per_09398d6eb405903953e3,100,GOROJOVSKY MICHELLE,GOROJOVSKY MICHELLE
per_855644030746a5e6987e,per_0ecec2ae2d43e9ecff47,100,GOROSITO MARIA FERNANDA,GOROSITO MARIA FERNANDA
per_46a06c461897a071a803,per_21a84cb5a7738a30829c,100,GOTELLI GONZALO,GOTELLI GONZALO
per_86047150ec580bd0b5c2,per_3ba3f7ab505ccf926301,100,GOWLAND JUAN IGNACIO,IGNACIO
per_c5ff95e8268bc7a43a70,per_3ba3f7ab505ccf926301,100,GOYA JUAN IGNACIO,IGNACIO
per_c489d54d12dc069081d2,per_013651dde55996a356fe,100,GOYENECHEA MARIANO,GOYENECHEA MARIANO
per_e7430783c7d852cf8d89,per_1b4e82b5bc7f6fe47c28,100,GRANA ROBERTO,GRANA ROBERTO
per_21cb26cd6419e7566936,per_a227d68ff5516ae9999b,100,GRANARA AIXA,GRANARA AIXA
per_8ad1c85ca74409e88529,per_d48fe58d3cc8db945288,100,GRANATA MARIA,GRANATA MARIA
per_9f3df2f24bcf5179a0a0,per_2be3c350cec4e9c92a01,100,GRANATO PABLO,GRANATO PABLO
per_9e5045930f99eadee1a7,per_891488020995666d7c95,100,GRANDO CESAR,GRANDO CESAR
per_963539563f6ee080d49e,per_3bfc1bb47b3de35940e9,100,GRECO GUINAZU RICARDO,GRECO RICARDO
per_fb8a836b74bd14bdea8c,per_cd803794283400a1e208,100,GRECO MARIANO,GRECO MARIANO
per_559f317aee64e9a84562,per_21f6b80e9934d8937302,100,GRECO PABLO,GRECO PABLO
per_60cd7b54bed5512c336a,per_8282d0980c9d7482c4c0,100,GRECO PABLO TILLARD DANIEL SPAGNUOLO DIEGO,SPAGNUOLO DIEGO
per_55ff1599565b1eb35b00,per_cbd205281f12a6401eb2,100,GREPPI SOFIA,GREPPI SOFIA
per_b042dc8ceee238e18d23,per_c042d2459c40b88b3be9,100,GRESIMAN MILAGROS,GRESIMAN MILAGROS
per_e63f67b10a73c43ef18c,per_c81919e049e397d1b204,100,GRIECO GONZALO,GRIECO GONZALO
per_f922040a6aac6b919148,per_b855923da7b3aec52723,100,GRILLO MARCELO,GRILLO MARCELO
per_ca07383efbab6ae8a81d,per_84dbf41d167cb1c47c9a,100,GRILLO SERGIO,GRILLO SERGIO
per_78e7f1d3af531b6b3bcd,per_eae5fb0f5ff2cf180d45,100,GRILLONE PABLO OSCAR,GRILLONE PABLO OSCAR
per_65c4ce3312f125af5f0e,per_eae5fb0f5ff2cf180d45,100,GRILLONE PABLO OSCAR,GRILLONE PABLO OSCAR
per_f2bfab8d16596322758f,per_30f1808771bea3baf63f,100,GRIMALDI IGNACIO,GRIMALDI IGNACIO
per_f2bfab8d16596322758f,per_3ba3f7ab505ccf926301,100,GRIMALDI IGNACIO,IGNACIO
per_30f1808771bea3baf63f,per_3ba3f7ab505ccf926301,100,GRIMALDI IGNACIO,IGNACIO
per_84622addbd3859922275,per_298086a66b26187b644b,100,GRIMBERG CANDELARIA BELEN,GRIMBERG CANDELARIA BELEN
per_e619ac6edd443d32fba4,per_22ff86a615faa36f7b12,100,GRINDETTI NESTOR,GRINDETTI NESTOR
per_633530c411c54f959221,per_aace4be8fdb66b53adac,100,GRINMAN NATALIO,GRINMAN NATALIO
per_d7060005e5efa97df10f,per_0efc11271494842e13fa,100,GRINON PESTANA GONZALO,PESTANA GONZALO
per_d7060005e5efa97df10f,per_759bb0683df0c8093ffc,100,GRINON PESTANA GONZALO,PESTANA GONZALO
per_95abd00f3bccd9811f14,per_f1a8365017b053a2f442,100,GRINPLEC HERNAN ARIELFI,GRINPLEC HERNAN ARIELFI
per_16951641acccd13227d3,per_c9bc52eab342052e08f7,100,GRIPPO ANDRES,GRIPPO ANDRES
per_7bd318a77704169d1a01,per_ef456931fc2e8174e433,100,GRISPINO GIANLUCA ARMANDO,GRISPINO GIANLUCA ARMANDO
per_e1008d8aed6159fc8c13,per_c88e142e1188ad42755b,100,GRONBERGER PEDRO,GRONBERGER PEDRO
per_29480c2030dcc2a478fa,per_e32c9cd34ab2f21f3ebd,100,GROPPA PEDRO,GROPPA PEDRO
per_830419a92b61f686a2e1,per_134cf7340cd19e28de49,100,GROSSI RAFAEL,GROSSI RAFAEL
per_459661a4a5fd37d78ba1,per_5c456be64d7ec9bd4c1e,100,GROSSO CARLOS ALFREDO,GROSSO CARLOS ALFREDO
per_06615c5512a1372f89ea,per_3ac9c18741b83f3bd7f8,100,GROSSO OMINETTI CONSTANZA,GROSSO OMINETTI CONSTANZA
per_9ea75ed36284f52b3945,per_5fbe7f8f35226115f930,100,GROSZMANN FEDERICA,GROSZMANN FEDERICA
per_c7fff6d2c5f08e9754a5,per_b5bbf3238df7b2e9c5c6,100,GUALTIERI MARIO,GUALTIERI MARIO
per_2b120e72e2256391e4bf,per_09215857dd484e522605,100,GUARAGNA NORMA,GUARAGNA NORMA
per_00236ce1d51a999b62cf,per_8531d94f11547fdf4c8f,100,GUARROCHENA MATIAS,GUARROCHENA MATIAS
per_55f717b438d576ae816d,per_e9cd4ac31850008883bf,100,GUAYMAS CARLOS,GUAYMAS CARLOS
per_55f717b438d576ae816d,per_15ace3656626ad83602d,100,GUAYMAS CARLOS,KOSTEKI MARA GUAYMAS CARLOS
per_e9cd4ac31850008883bf,per_15ace3656626ad83602d,100,GUAYMAS CARLOS,KOSTEKI MARA GUAYMAS CARLOS
per_55f717b438d576ae816d,per_74e5722a6279ce5fb340,100,GUAYMAS CARLOS,MARTIN GALIMBERTI GUAYMAS CARLOS
per_e9cd4ac31850008883bf,per_74e5722a6279ce5fb340,100,GUAYMAS CARLOS,MARTIN GALIMBERTI GUAYMAS CARLOS
per_acac6e7821efed5ece92,per_f25303056b06fa18fa24,100,GUAYMAS CARLOS HEREDIA BERNANDO BARTOLOME,HEREDIA BARTOLOME
per_acac6e7821efed5ece92,per_26d65766270266f83d3a,100,GUAYMAS CARLOS HEREDIA BERNANDO BARTOLOME,HEREDIA BERNANDO BARTOLOME
per_229027879b660190caca,per_52173524e3e957919610,100,GUBERMAN CARLOS,GUBERMAN CARLOS
per_9ad0d0cef17fda06c7a3,per_8e1dd53a7753d81496dc,100,GUBERMAN CARLOS JORGE,GUBERMAN CARLOS JORGE
per_24e82d396c6acb477fc6,per_3ba3f7ab505ccf926301,100,GUDINO IGNACIO,IGNACIO
per_1c6259a9c69dc75634e0,per_e78652ed0aa461e5b45e,100,GUELER IAEL,GUELER IAEL
per_dbbca4899e83573100c5,per_30351cc7f10387b93f1a,100,GUERRERO ALEJANDRO,GUERRERO ALEJANDRO
per_e0a13acf72436fce4ce7,per_2bf995301c79f4588772,100,GUFFANTI GASTON LUCAS,GUFFANTI GASTON LUCAS
per_d2da2041f9cc4188e2db,per_e0e13003afc219f2755a,100,GUGLIELMINETTI ANA,GUGLIELMINETTI ANA
per_d3cf1979c74dd51c7d4b,per_b247b31ac5becf63b5f5,100,GUIBERT ARMANDO,GUIBERT ARMANDO
per_33e448ae4784e83e1473,per_f1f4bc5b2a86e2d472a2,100,GUIDO CARELLI,GUIDO CARELLI
per_33e448ae4784e83e1473,per_6a7a9710c11a80e6b660,100,GUIDO CARELLI,GUIDO CARELLI GOMEZ ELIAS ARTURO ORO AZUAGA MARIA DEL CARMEN
per_f1f4bc5b2a86e2d472a2,per_6a7a9710c11a80e6b660,100,GUIDO CARELLI,GUIDO CARELLI GOMEZ ELIAS ARTURO ORO AZUAGA MARIA DEL CARMEN
per_6a7a9710c11a80e6b660,per_a4c3dd876159c0c1d1fc,100,GUIDO CARELLI GOMEZ ELIAS ARTURO ORO AZUAGA MARIA DEL CARMEN,ORO AZUAGA MARIA DEL CARMEN
per_749519ae60d2634e9ce8,per_8e0e916ad4e3cd0e652b,100,GUIDO LAVALLE GERMAN,LAVALLE GUIDO GERMAN
per_b3cde27d57bd20a03d89,per_6f47b73fa942d2bb2dde,100,GUILLAN LORENA,GUILLAN LORENA
per_9e0849a6799e26103ef4,per_2f9fcb500c81c3f742a0,100,GUILLERMINA GRECO,GUILLERMINA GRECO
per_5ac1bab366a869817b5d,per_6a44a74982b5b1e5f93d,100,GUILLO FACUNDO,GUILLO FACUNDO
per_dae405c76a745844d052,per_84b4d68ccafcea66bc8f,100,GUISONE MANUEL,GUISONE MANUEL
per_ddee86221fb442f35d5b,per_8c4ef1eb0f2f2bb5387b,100,GURRIERI CASTILLO JORGE LEONARDO,GURRIERI CASTILLO JORGE LEONARDO
per_b7f8e3e188f42b2c71ad,per_e46c50bf162da8757ee5,100,GUTIERREZ ANDRES,GUTIERREZ MAXIMILIANO ANDRES
per_2d6354992e78e710de71,per_77ba58cbae2992e8d8ef,100,GUTIERREZ HANARTE PABLO,GUTIERREZ HANARTE PABLO
per_22355219974d2d9e34f5,per_156c7c3fc2e37c1a3c55,100,GUTIERREZ MATIAS DANIEL,GUTIERREZ MATIAS DANIEL
per_d62831ff0927a24c89dd,per_206883ae0a7159983862,100,GUTIERREZ MORCHIO CARLOS,GUTIERREZ MORCHIO CARLOS
per_884c9678f38d36609e8f,per_0d3243b87b61cb858be3,100,GUTIERREZ ROSA SUSANA,GUTIERREZ ROSA SUSANA
per_eacf397bf8311a2aa5d9,per_adf299598b92d9d0f077,100,GUTIERREZ VICENTE,WEISS ANA MIRONOV NIKOLOI GUTIERREZ VICENTE
per_8e7716656e0733f5da51,per_2395903ef9dc04d99921,100,GUZMAN ALEJANDRO,GUZMAN HUGO ALEJANDRO
per_8e7716656e0733f5da51,per_a4ba28c979ba8e7efff8,100,GUZMAN ALEJANDRO,GUZMAN HUGO ALEJANDRO
per_8e7716656e0733f5da51,per_e3c0d4e4681c78587991,100,GUZMAN ALEJANDRO,LUIS JUAN CARLOS BELIZAN RAMON MATIAS GUZMAN HUGO ALEJANDRO
per_8e7716656e0733f5da51,per_c7a2b2b849627bc5233f,100,GUZMAN ALEJANDRO,SANTIUSTE LEONARDO GUZMAN HUGO ALEJANDRO
per_092e00be627227089165,per_069b1bfbddf573170d7d,100,GUZMAN CARLOS,TORRES GUZMAN CARLOS
per_092e00be627227089165,per_32b536fd57bb9b58afab,100,GUZMAN CARLOS,TORRES GUZMAN JUAN CARLOS
per_1d236e4859b4d63e24c1,per_571151ef72fecf0f3239,100,GUZMAN CRISTINA,GUZMAN CRISTINA
per_1d236e4859b4d63e24c1,per_a66ad18b83a2b58e2b44,100,GUZMAN CRISTINA,GUZMAN MARIA CRISTINA
per_571151ef72fecf0f3239,per_a66ad18b83a2b58e2b44,100,GUZMAN CRISTINA,GUZMAN MARIA CRISTINA
per_2395903ef9dc04d99921,per_a4ba28c979ba8e7efff8,100,GUZMAN HUGO ALEJANDRO,GUZMAN HUGO ALEJANDRO
per_2395903ef9dc04d99921,per_e3c0d4e4681c78587991,100,GUZMAN HUGO ALEJANDRO,LUIS JUAN CARLOS BELIZAN RAMON MATIAS GUZMAN HUGO ALEJANDRO
per_a4ba28c979ba8e7efff8,per_e3c0d4e4681c78587991,100,GUZMAN HUGO ALEJANDRO,LUIS JUAN CARLOS BELIZAN RAMON MATIAS GUZMAN HUGO ALEJANDRO
per_2395903ef9dc04d99921,per_c7a2b2b849627bc5233f,100,GUZMAN HUGO ALEJANDRO,SANTIUSTE LEONARDO GUZMAN HUGO ALEJANDRO
per_a4ba28c979ba8e7efff8,per_c7a2b2b849627bc5233f,100,GUZMAN HUGO ALEJANDRO,SANTIUSTE LEONARDO GUZMAN HUGO ALEJANDRO
per_aecf9359c46d023ffbc0,per_f8a1a0832b41fa5434b1,100,GUZMAN HUGO ALEJANDRO BALOHJ LUIS,GUZMAN LUIS
per_7f99af86f97d46235165,per_02984b2374381df0dba6,100,GUZMAN HUGO ALEJANDRO LAGO MARCELA NOEMI,LAGO MARCELA NOEMI
per_7f99af86f97d46235165,per_d88da87b952cc5bbdf9b,100,GUZMAN HUGO ALEJANDRO LAGO MARCELA NOEMI,SANTIUSTE LEONARDO GUZMAN HUGO ALEJANDRO LAGO MARCELA NOEMI
per_2963399888fdaa01487f,per_d2a388c9827fe76fe93e,100,GUZMAN JAIRO HENOCH,GUZMAN JAIRO HENOCH
per_ca4dbcfa653e74d534f1,per_cf30e00a41c4a9db1be2,100,GUZZI MARIANO,GUZZI MARIANO
per_e3cf858fd5995abc2ba7,per_7a7d2fae55db45141cce,100,GUZZINI GILBERTO,GUZZINI GILBERTO
per_59c9617af644c87785a2,per_433c707e0b587ead2a78,100,GYOKER IVAN,GYOKER IVAN
per_4b4f3df671dffc6619df,per_ba008bdf3f9e2e5bf962,100,HACHALOVSKY BARBARA,HACHALOVSKY BARBARA
per_83b789e3d891a5685f57,per_06bc4450c8ca4bf575f3,100,HAD MAIA,HAD MAIA
per_f5cf9c831f1f3d3c0a84,per_b180fc78dfd9cecceb18,100,HADIDA PEDRO,HADIDA PEDRO
per_094e87bc906195ef3db9,per_d8ec08d79ae14746019b,100,HADIDIAN REGINA ANA,VILLAR JUAN MANUEL HADIDIAN REGINA ANA
per_df4f8745614d8473f140,per_8e88465141455485725f,100,HAJMI ARIEL,HAJMI ARIEL
per_7f40d3bf72748069030f,per_9ac55b4f0f523a9eaf8a,100,HALLIBURTON MARIANA,HALLIBURTON MARIANA
per_9fd30c4f347710d45db9,per_fda2f9e037b1b9312459,100,HAMPTON DIEGO CARLOS,HAMPTON DIEGO CARLOS
per_7e099962c1083df8b0e4,per_42734d9d6811c1e69cd1,100,HAMPTON JULIAN ROSS,HAMPTON JULIAN ROSS
per_2253ed356fa5578f764e,per_981cde98c38bdc988468,100,HAN HAN,YUAN JOE HAN
per_f46f1b547aa8592b9c3f,per_b40a8f76501f0e5318a7,100,HANG MANFRED,HANG MANFRED
per_f70852dfd69569930154,per_6f8c64bbcc8bff1c0bf8,100,HANI GUSTAVO,HANI GUSTAVO
per_0a7203d9e8335b340144,per_49c2fb28f2895b41f380,100,HARDIE SANTIAGO,HARDIE SANTIAGO
per_a7a22a4895faa0ca133d,per_cfde562a352b53297f51,100,HATEM ALGHAMDI,HATEM GG ALGHAMDI
per_05ac02ea4a4bb408272e,per_09f87665b2d383d44914,100,HAURE ALBERTO,HAURE ALBERTO
per_25dc0e9bf16ca8d624f5,per_4f11993b5afbb7c48975,100,HAURE MARIA VICTORIA,HAURE MARIA VICTORIA
per_25dc0e9bf16ca8d624f5,per_29313c67aef3aa5dba4a,100,HAURE MARIA VICTORIA,HAURE VICTORIA
per_4f11993b5afbb7c48975,per_29313c67aef3aa5dba4a,100,HAURE MARIA VICTORIA,HAURE VICTORIA
per_261f3b874ca0bf8ee668,per_7fd0b3fe872aaee0d3a4,100,HAYES CHRISTINE,HAYES CHRISTINE
per_6f36a255ca01ce6169b2,per_7fd0b3fe872aaee0d3a4,100,HAYES CHRISTINE,HAYES CHRISTINE
per_eace8c2144bd36a60c5c,per_44f2a9bc065d14c8c13b,100,HECTOR DI LAZZARO,HECTOR DI LAZZARO
per_c2db9b27a856089a10cc,per_73586c0e7df2a4cf0205,100,HEIDER JORGE,HEIDER JORGE
per_4950d3cfbe575ebb58d6,per_93cbb8c6d0c3e54f0505,100,HEIDERSHEID MAXIMILIANO,HEIDERSHEID MAXIMILIANO
per_059f4d5a04f9d9d04ea2,per_946efaa515aee3a44370,100,HEILI FRANCISCO,HEILI FRANCISCO
per_f25303056b06fa18fa24,per_26d65766270266f83d3a,100,HEREDIA BARTOLOME,HEREDIA BERNANDO BARTOLOME
per_5118af78e0c851dd1bf6,per_7565809311f42093ce82,100,HEREDIA BERNANDOBARTOLOME HEREDIA BERNARDO,HEREDIA BERNARDO
per_5118af78e0c851dd1bf6,per_1a50fcd31bcec8b9a6f2,100,HEREDIA BERNANDOBARTOLOME HEREDIA BERNARDO,HEREDIA BERNARDO
per_7565809311f42093ce82,per_1a50fcd31bcec8b9a6f2,100,HEREDIA BERNARDO,HEREDIA BERNARDO
per_6dcfe5f25244e5d0e6e4,per_4346e146a77b94cbc0e3,100,HEREDIA VERONICA,HEREDIA VERONICA
per_93c54d541119d2561992,per_c2db056cff86a4126d0d,100,HERMIGARATE MARCELO,HERMIGARATE MARCELO
per_d56fd0fb722799b6d7dd,per_4b9b56599b875fa5fb45,100,HERNAMNDEZ LEANDRO,HERNAMNDEZ LEANDRO
per_6a8be1331be47969ea8a,per_f9fffedf2274bb5a5e97,100,HERNAN MENDES,HERNAN MENDES
per_51a900b12652d6581d03,per_b0c920813b70722db655,100,HERNAN MUNDO,HERNAN MUNDO
per_6e13ee6f83cea1501676,per_59417bc494f3fb239050,100,HERNAN PEREYRA,HERNAN PEREYRA
per_a52bba3b3bd89f5b1a72,per_eb679e4b52a39a0fa75c,100,HERNANDEZ ADOLFO,LOPEZ HERNANDEZ ADOLFO
per_f53554764e356704a5f1,per_f38a1169b28a43fda65c,100,HERNANDEZ ANA CLARA,HERNANDEZ ANA CLARA
per_dcc4bd16457a60a69675,per_f066aeb7b2f3989c2bce,100,HERNANDEZ ARREGUI LAURA,HERNANDEZ ARREGUI LAURA
per_f58a1ee1b8c8a93bbb75,per_3ba3f7ab505ccf926301,100,HERNANDEZ JUAN IGNACIO,IGNACIO
per_fce1394cfdda4e7fa49d,per_e4049957b38a7c3aacd8,100,HERNANDEZ LEANDRO,HERNANDEZ LEANDRO
per_ff5c4f2665822a53cd20,per_2715306dda45c0b4fe5b,100,HERNANDEZ MARCELO,HERNANDEZ MARCELO
per_81c84bfbac4dc92cb1a9,per_4f6c185066d25f7f7c65,100,HERNANDEZ MARIA SOL,HERNANDEZ YMAZ MARIA SOL
per_5882bbae29848471fbf9,per_fe8df24d231bc0966ea9,100,HERNANDEZ MIGUEL ANGEL,MIGUEL ANGEL
per_b20e2ff8573e941a88ac,per_517eeabe08aa3f57367c,100,HERNANDEZ SOLANGE,HERNANDEZ SOLANGE
per_d7d2116fd7c35c11b354,per_a4b7f1d4af993143492a,100,HERNESTO SIMON,HERNESTO SIMON
per_53afcd30698cf0882271,per_d6da52ab6739f96202e5,100,HERRERA BRAVO,HERRERA BRAVO
per_cf0f25a940f8fdc61434,per_38d7e5613dddbf501390,100,HERRERA BRAVO DANTE JAVIER,HERRERA BRAVO JAVIER
per_cf0f25a940f8fdc61434,per_3b1143732975ab1b3713,100,HERRERA BRAVO DANTE JAVIER,HERRERA BRAVO JAVIER
per_38d7e5613dddbf501390,per_3b1143732975ab1b3713,100,HERRERA BRAVO JAVIER,HERRERA BRAVO JAVIER
per_39b3551d1165395252e4,per_9e7b9471b276c813c195,100,HERRERA BRAVO MARIA DEL PILAR,MARIA DEL PILAR
per_e4268442faf8b9194618,per_e9502b111f682bc80fd3,100,HERRERA DANIEL,HERRERA JUAN DANIEL
per_e4268442faf8b9194618,per_6c00f8fde4065485f33d,100,HERRERA DANIEL,HERRERA OLIVERA JORGE DANIEL
per_e4268442faf8b9194618,per_c368547a35f4cd6480e7,100,HERRERA DANIEL,OCAMPO NOELIA HERRERA DANIEL
per_185fd7bd850bb774a9bf,per_84e82ea78ad6c06904ee,100,HERRERA GABRIEL,HERRERA JOFRE CHRISTIAN GABRIEL
per_c6be363c5cb8e8e258a0,per_8e64534542c8257600e8,100,HERRERA LUIS,HERRERA OLIVA SERGIO LUIS
per_c6be363c5cb8e8e258a0,per_c4419a4ecf8be00b6c17,100,HERRERA LUIS,HERRERA OLIVERA SERGIO LUIS
per_c6be363c5cb8e8e258a0,per_b31a8bc6eb07e748484b,100,HERRERA LUIS,MARIA ELENA MAZZANTINI HERRERA LUIS
per_749debf016e429945162,per_7b3454435645d415d4a0,100,HERRERA OLIVER,HERRERA OLIVER
per_1a2695b733595a535366,per_13c929e830a6c69da06d,100,HERRERA OLIVERA OSCAR,HERRERA OLIVERA OSCAR
per_1a2695b733595a535366,per_200b2ef9eb1cf1051297,100,HERRERA OLIVERA OSCAR,HERRERA OSCAR
per_1a2695b733595a535366,per_f7f71e3786990ba70c2c,100,HERRERA OLIVERA OSCAR,HERRERA OSCAR
per_13c929e830a6c69da06d,per_200b2ef9eb1cf1051297,100,HERRERA OLIVERA OSCAR,HERRERA OSCAR
per_2edc61961786ab431832,per_040b45a52f662fcdc976,100,HERRERA OLIVERA SERGUIO,HERRERA OLIVERA SERGUIO
per_200b2ef9eb1cf1051297,per_f7f71e3786990ba70c2c,100,HERRERA OSCAR,HERRERA OSCAR
per_f91def8167ac589a8f99,per_5369afd68f032fba8f15,100,HERRERA SANTIAGO,HERRERA SANTIAGO
per_f91def8167ac589a8f99,per_b6727d1c9e8bca010244,100,HERRERA SANTIAGO,PEREZ HERRERA GUILLERMO SANTIAGO
per_5369afd68f032fba8f15,per_b6727d1c9e8bca010244,100,HERRERA SANTIAGO,PEREZ HERRERA GUILLERMO SANTIAGO
per_21dd0fe5fff2f4c64882,per_547bc988bfc4dcfd695b,100,HERSZAGE EZEQUIEL,HERSZAGE EZEQUIEL
per_8f8ac1da2ef1babd3d4b,per_6389a215c13c7a5193a8,100,HIGA GABRIELA,HIGA GABRIELA
per_69a6d1cc7374ae3541a3,per_ef1bde07f9b78d8daf8d,100,HOCHBAUM GABRIEL,HOCHBAUM SILVIOO GABRIEL
per_cc2cc65a7192404add04,per_1a6f3b8a642f426426f0,100,HOLLOWELL MOLLY,HOLLOWELL MOLLY
per_09178832c6bb24643c8f,per_98b3478abab9736c5f7c,100,HORI MIHO,HORI MIHO
per_530cbf5c9eb51963191c,per_64382203a75afb1d1203,100,HORQUERA JUAN MANUEL,JUAN MANUEL
per_2d781c4b88720b5b927f,per_405d60acdc2c08e3fe1a,100,HUESEN GERARDO,HUESEN MARIO GERARDO
per_2d781c4b88720b5b927f,per_e84e17872e5edeca4364,100,HUESEN GERARDO,HUESEN MARIO GERARDO
per_2d781c4b88720b5b927f,per_1ee1377d9d1d2092a112,100,HUESEN GERARDO,LOPEZ IRALA CLARA LILIANA HUESEN GERARDO
per_405d60acdc2c08e3fe1a,per_e84e17872e5edeca4364,100,HUESEN MARIO GERARDO,HUESEN MARIO GERARDO
per_92d3db2e24653ae47888,per_ce51c97493858e68ed08,100,HUICI HECTOR,HUICI HECTOR
per_2195f73968ea55439283,per_7387751b05434864b0dc,100,HUK MATIAS,HUK MATIAS
per_325a29adb9b2e96020f1,per_4156e62f8ec4e1ae8f51,100,HUMENUK GLADYS,HUMENUK GLADYS
per_c751b33ea47775e7b085,per_c28a9d85fc3e4c3b68e0,100,HUMENUK HUGO,HUMENUK HUGO
per_5b2147866f90b9258c29,per_6241fb98bc87c17a6e02,100,HUMERE ARIEL,HUMERE MATIAS ARIEL
per_cb483cb5dd9fa12083f9,per_1711e4e65130cc8f815f,100,HUMERE CINTIA,HUMERE CINTIA
per_91f5d0fc26b0f025b4c0,per_593f98f85c0da66c7a2c,100,HUNTER AGUSTIN,HUNTER AGUSTIN
per_3765afba293d3dd3f8db,per_1df1cdfd568d3dbce769,100,HURVITZ TORRES MARCOS,TORRES MARCOS
per_37759cf50592909eefd4,per_7e20c6b077d55f4acce5,100,IACOVINO SERGIO,IACOVINO SERGIO
per_37759cf50592909eefd4,per_80b5a86c726c3c74e647,100,IACOVINO SERGIO,MARISOL PENA IACOVINO SERGIO
per_7e20c6b077d55f4acce5,per_80b5a86c726c3c74e647,100,IACOVINO SERGIO,MARISOL PENA IACOVINO SERGIO
per_3a9682174288bc39fb1b,per_f2fcf6466ca3f83d1472,100,IACOVINO SERGIO GABRIEL,IACOVINO SERGIO GABRIEL
per_9bc2a55eb941d4538f12,per_09852024b6849b24d78b,100,IACOVINO SERGIO JALDO OSVALDO,JALDO OSVALDO
per_9bc2a55eb941d4538f12,per_ca89c532f424c0ec5714,100,IACOVINO SERGIO JALDO OSVALDO,JALDO OSVALDO
per_9bc2a55eb941d4538f12,per_41b92be53dfefb019067,100,IACOVINO SERGIO JALDO OSVALDO,JALDO OSVALDO
per_93b764bb7ba04ea6d6b0,per_d1e735ac0088e8c3d059,100,IACUZZIO FRANCISCO,IACUZZIO FRANCISCO
per_5999a25093a6db9eb3fc,per_5e968549d4127c52ebdf,100,IANTORO FERNANDO,IANTORO FERNANDO
per_febb3bd5bf4323de5fbe,per_c3ad013e6c76c5b7c06e,100,IBANEZ CARLOS WERFIL,IBANEZ CARLOS WERFIL
per_bc5d55ee931814f9cd01,per_9affdd3ae8f3c9c31396,100,IBANEZ ELBIO,MIMBELA VILEA ERIKA IBANEZ ELBIO
per_d3385142641bc7bac707,per_2b3c77700a648b63c7c4,100,IBANEZ ELBIO TURNIANSKY IVAN,TURNIANSKY IVAN
per_048dced8aa99783f3908,per_ee27c8cd0ae11c059845,100,IBANEZ ELBIO VAN DER VEE GERALDINE,VAN DER VEE GERALDINE
per_118f591f2a399de5e4f2,per_129bd0675bc3feb1d9ac,100,IBANEZ FEDERICO,IBANEZ FEDERICO
per_0a493dcad17bf3f9b39d,per_344772e97882b42f1203,100,IBANEZ JORGE OSCAR,IBANEZ JORGE OSCAR
per_bbcdad156dbeffe3b2e8,per_754d916a8ad1975dbd28,100,IBANEZ LINARES FELICITAS MARIA,IBANEZ MARIA
per_bbcdad156dbeffe3b2e8,per_aaf77665e14d2d45773c,100,IBANEZ LINARES FELICITAS MARIA,IBANEZ MARIA
per_754d916a8ad1975dbd28,per_aaf77665e14d2d45773c,100,IBANEZ MARIA,IBANEZ MARIA
per_2a93d1b193e49663af4f,per_d47e49138131963ab21b,100,IBANEZ PABLO,IBANEZ PABLO
per_0cff142fa347825078c7,per_75470e88ffd05b8c6a76,100,IBANEZ SEBASTIAN,IBANEZ SEBASTIAN
per_e6dab4a3d12cd56ff204,per_64382203a75afb1d1203,100,IBARGUREN JUAN MANUEL,JUAN MANUEL
per_f0a29ad56302c6c8e064,per_c7b62bc85fc6ba19fc8a,100,IBARRA SERGIO DANIEL,IBARRA SERGIO DANIEL
per_70bc01e9d5c4ef93bf5b,per_ad1a9e644169e8270ab8,100,IBARZABAL JOSE,IBARZABAL JOSE
per_5b282126e444c2f973c1,per_9c22b5ec0978f9f97785,100,IBARZABAL MARIA,IBARZABAL MURPHY MARIA
per_5b282126e444c2f973c1,per_d9235a7b2a4e5cd99d2f,100,IBARZABAL MARIA,IBARZABAL MURPHY MARIA MACCHI MARIA
per_5b282126e444c2f973c1,per_e994d4749f61229eeaf4,100,IBARZABAL MARIA,REA JAVIER IBARZABAL MURPHY MARIA
per_5b282126e444c2f973c1,per_45b94e09e0d7ed9cff3c,100,IBARZABAL MARIA,SERENELLINI EDUARDO PANTANO ELIAS IBARZABAL MURPHY MARIA
per_9c22b5ec0978f9f97785,per_d9235a7b2a4e5cd99d2f,100,IBARZABAL MURPHY MARIA,IBARZABAL MURPHY MARIA MACCHI MARIA
per_9c22b5ec0978f9f97785,per_e994d4749f61229eeaf4,100,IBARZABAL MURPHY MARIA,REA JAVIER IBARZABAL MURPHY MARIA
per_9c22b5ec0978f9f97785,per_45b94e09e0d7ed9cff3c,100,IBARZABAL MURPHY MARIA,SERENELLINI EDUARDO PANTANO ELIAS IBARZABAL MURPHY MARIA
per_d9235a7b2a4e5cd99d2f,per_3a81fd2e6ca963a7b0ac,100,IBARZABAL MURPHY MARIA MACCHI MARIA,MACCHI MARIA
per_d9235a7b2a4e5cd99d2f,per_d6aceca7822c87236975,100,IBARZABAL MURPHY MARIA MACCHI MARIA,MACCHI MARIA
per_1d7f7b359ccdd7e2a9eb,per_0ac86786cae4cadc2fea,100,IBARZABAL MURPHY MARIA MACIEL LIBRADA BEATRIZ,MACIEL LIBRADA BEATRIZ
per_07531fabc7de00443618,per_b192def8c6abacfaf4e8,100,IBARZABAL MURPHY MARIA PALLOTA MARIA INES,PALLOTA MARIA INES
per_f2cde8e9d67036f51425,per_dac64acc6b346fcee262,100,IBARZABAL MURPHY MARIA SZAPIRO MATIAS DOMINGO,SZAPIRO MATIAS DOMINGO
per_f2cde8e9d67036f51425,per_15f46b7526dbfe0b1ea2,100,IBARZABAL MURPHY MARIA SZAPIRO MATIAS DOMINGO,SZAPIRO MATIAS DOMINGO
per_3b9c6c96570f9208809f,per_d22c9653cf5734047f0e,100,IBARZABAL MURPHY MARIA VITALI ANDRES,VITALI ANDRES
per_74a0fc0147d24336160f,per_3a3b6992359d47c32db3,100,ICAZATTI MARTIN,ICAZATTI MARTIN
per_3a531831bd32a6a894c8,per_0a5620e40959b3657390,100,IDIGORAS GUSTAVO,IDIGORAS GUSTAVO
per_4a98a46c3f72cee99dc4,per_b1c6d9160b17f24b34a9,100,IDOYAGA MOLINA ARTURO,IDOYAGA MOLINA ARTURO
per_83e9e6f835afd6cefdae,per_c405bd0e58bd9da765e6,100,IGARZABAL ESTEBAN,IGARZABAL ESTEBAN
per_0be8bbad7627f1cbbb08,per_ed2287f51d0a357e6204,100,IGLESIAS ASTORGANO JOAQUIN,IGLESIAS JOAQUIN
per_948b11551de27106df89,per_d7857c4d43c73155407c,100,IGLESIAS BRICKLES ROMAN,IGLESIAS BRICKLES ROMAN
per_73f5e240090c0cca81fe,per_6119c20d1bfda52df20b,100,IGLESIAS CARBONELL,IGLESIAS CARBONELL
per_e5ece681bdf1ddf7cf8a,per_4df7303be98871c89d33,100,IGLESIAS DANIEL EDUARDO,IGLESIAS DANIEL EDUARDO
per_dc7ff52bd56750b2cf78,per_ba7b219ce9f0c4f9fe2e,100,IGLESIAS DIEGO,IGLESIAS DIEGO
per_4fbf42cfecdbc10cadae,per_0a29d49e34915d8d347e,100,IGLESIAS RAGGIO SEBASTIAN,IGLESIAS RAGGIO SEBASTIAN
per_45af7c57e859786a7b0b,per_a0be7fa9e9b6888bd30a,100,IGNACIA CAROLINA,IGNACIA CAROLINA
per_3ba3f7ab505ccf926301,per_2e163549a61c4648e06b,100,IGNACIO,JACOBUCCI IGNACIO
per_3ba3f7ab505ccf926301,per_5156e8165f2629095aec,100,IGNACIO,JACOBUCCI IGNACIO
per_3ba3f7ab505ccf926301,per_d86f698865c7d73b0b7b,100,IGNACIO,JIMENEZ IGNACIO
per_3ba3f7ab505ccf926301,per_0985a31bf94c20c48bfe,100,IGNACIO,LAMOTE IGNACIO
per_3ba3f7ab505ccf926301,per_1a621f1cef1a1a1bdb24,100,IGNACIO,LAMOTHE IGNACIO
per_3ba3f7ab505ccf926301,per_1b3b0782a9065b4bbe55,100,IGNACIO,LANARI IGNACIO
per_3ba3f7ab505ccf926301,per_4c7ae030bde254c36bc8,100,IGNACIO,LEONARDI JUAN IGNACIO
per_3ba3f7ab505ccf926301,per_9aa1ebf025a32bdaabb0,100,IGNACIO,LIPI IGNACIO
per_3ba3f7ab505ccf926301,per_25993671c2e65838b06a,100,IGNACIO,LOVERA IGNACIO
per_3ba3f7ab505ccf926301,per_bfe4999b2783913e45bf,100,IGNACIO,LUPI IGNACIO
per_3ba3f7ab505ccf926301,per_e5b6b5c12652a635531f,100,IGNACIO,LUPI IGNACIO
per_3ba3f7ab505ccf926301,per_2807b93260cb05fbf589,100,IGNACIO,LUPPI IGNACIO
per_3ba3f7ab505ccf926301,per_ee256690c307799ff689,100,IGNACIO,LURAGHI IGNACIO
per_3ba3f7ab505ccf926301,per_ff5a379282b22d839c79,100,IGNACIO,LURAGHI IGNACIO
per_3ba3f7ab505ccf926301,per_55d0890ab590480bd52b,100,IGNACIO,MACEDO MORESI JUAN IGNACIO
per_3ba3f7ab505ccf926301,per_631501412bd13699c04a,100,IGNACIO,MACHINEA IGNACIO
per_3ba3f7ab505ccf926301,per_0cd825145d1101c47a3d,100,IGNACIO,MANCUSO MATIAS IGNACIO
per_3ba3f7ab505ccf926301,per_65530c7fa9bd99f17616,100,IGNACIO,MANSUETI MARCOS IGNACIO
per_3ba3f7ab505ccf926301,per_c8dd06914e2ac58b7547,100,IGNACIO,MANZANO IGNACIO
per_3ba3f7ab505ccf926301,per_42c3a6252af26f608df7,100,IGNACIO,MARCHINI IGNACIO
per_3ba3f7ab505ccf926301,per_c6463385cd3c9209175f,100,IGNACIO,MARCOS MILASOVICH CHAMORRO AXEL FERNANDEZ BORZESE IGNACIO
per_3ba3f7ab505ccf926301,per_593982d7e4c58e14c5e1,100,IGNACIO,MARTIN JUAN IGNACIO
per_3ba3f7ab505ccf926301,per_4e01f2d2c1a4e0185251,100,IGNACIO,MARTINEZ JORGE IGNACIO
per_3ba3f7ab505ccf926301,per_e8ca62dce4b1efb75332,100,IGNACIO,MARTINEZ LOSARDO JUAN IGNACIO
per_3ba3f7ab505ccf926301,per_22717ac88b6f77798715,100,IGNACIO,MASSUN THEO IGNACIO
per_3ba3f7ab505ccf926301,per_9fa61b398d7f48d02c6a,100,IGNACIO,MEJIA THOMAS IGNACIO
per_3ba3f7ab505ccf926301,per_f457066cb3173cf70216,100,IGNACIO,MIER JUAN IGNACIO
per_3ba3f7ab505ccf926301,per_caaf02e18300961ec0db,100,IGNACIO,MIER JUAN IGNACIO
per_3ba3f7ab505ccf926301,per_28ab21b03e65bf812bf8,100,IGNACIO,MINGRONE JUAN IGNACIO
per_3ba3f7ab505ccf926301,per_5924a0297b89d6d166e7,100,IGNACIO,MIRAGLIA JAVIER IGNACIO
per_3ba3f7ab505ccf926301,per_5844e6093a204da04561,100,IGNACIO,MIRAGLUIA JAVIER IGNACIO
per_3ba3f7ab505ccf926301,per_d4ecbef07614fc3f0f3a,100,IGNACIO,MIRAGLUIA JAVIER IGNACIO
per_3ba3f7ab505ccf926301,per_8a14ff3701aa7da7efda,100,IGNACIO,MOGABURU JOAQUIN IGNACIO
per_3ba3f7ab505ccf926301,per_aed84fbcf7adac0ab0be,100,IGNACIO,MOLINELLI IGNACIO
per_3ba3f7ab505ccf926301,per_37c3d773e151cffc8fce,100,IGNACIO,MORENO IGNACIO
per_3ba3f7ab505ccf926301,per_8551589824e1098b2381,100,IGNACIO,MOYANO JUAN IGNACIO
per_3ba3f7ab505ccf926301,per_3441a9a5c60b4650bff8,100,IGNACIO,MUSLERA LARCADE JULIO IGNACIO
per_3ba3f7ab505ccf926301,per_67bb18d4aad1464fd10c,100,IGNACIO,NAPOLITANO MARTINEZ TOMAS IGNACIO
per_3ba3f7ab505ccf926301,per_1cb2e5ba44e20cc8ea3f,100,IGNACIO,NOVILLO IGNACIO
per_3ba3f7ab505ccf926301,per_7a4d9ae466b46059b56d,100,IGNACIO,OCCHIUTO IGNACIO
per_3ba3f7ab505ccf926301,per_eab81f336abc4ed234e0,100,IGNACIO,OGALLAR JUAN IGNACIO
per_3ba3f7ab505ccf926301,per_2133066ed78d4bf187a7,100,IGNACIO,ORTELLI IGNACIO
per_3ba3f7ab505ccf926301,per_cae06614ba6005741106,100,IGNACIO,PAIRE CAMPANINI JUAN IGNACIO
per_3ba3f7ab505ccf926301,per_d9a443c2678e6c8cf1ff,100,IGNACIO,PALACIOS IGNACIO
per_3ba3f7ab505ccf926301,per_8224e58721ef2bb60197,100,IGNACIO,PARDO ALONSO IGNACIO
per_3ba3f7ab505ccf926301,per_bfa0544cf4ad125b9044,100,IGNACIO,PEREDA ARIEL IGNACIO
per_3ba3f7ab505ccf926301,per_c1d62dd35f634ad023aa,100,IGNACIO,PEREZ CORTES IGNACIO
per_3ba3f7ab505ccf926301,per_1c4ef6c9b012d5e38ae1,100,IGNACIO,PEREZ CURCI JUAN IGNACIO
per_3ba3f7ab505ccf926301,per_e7a1b2928c39045a1e90,100,IGNACIO,PERRIAUX IGNACIO
per_3ba3f7ab505ccf926301,per_821621d47bcd4a648cef,100,IGNACIO,PETRA JUAN IGNACIO
per_3ba3f7ab505ccf926301,per_d8bdfc7260280e58948e,100,IGNACIO,PETRUZELLI IGNACIO
per_3ba3f7ab505ccf926301,per_612f6d44c8b5d03d96c0,100,IGNACIO,PETUCHI IGNACIO
per_3ba3f7ab505ccf926301,per_d7192550f34fc0efc952,100,IGNACIO,PIES CARATOZZOLO JUAN IGNACIO
per_3ba3f7ab505ccf926301,per_cc3d959a1cbc38c83e28,100,IGNACIO,PINTABONA IGNACIO
per_3ba3f7ab505ccf926301,per_72cab002ba69c44fa4ba,100,IGNACIO,PLAZA MARTIN IGNACIO
per_3ba3f7ab505ccf926301,per_0361b30ad663f6ba9dd2,100,IGNACIO,PLENCOVICH MARIANO IGNACIO
per_3ba3f7ab505ccf926301,per_479ac1267764d112280a,100,IGNACIO,PLENCOVICH MARIANO IGNACIO
per_3ba3f7ab505ccf926301,per_88589dcb93feda66d103,100,IGNACIO,POKOROWSKI FEDERICO IGNACIO
per_3ba3f7ab505ccf926301,per_727c720455ead03dd963,100,IGNACIO,POMMARES PABLO IGNACIO
per_3ba3f7ab505ccf926301,per_ea97809c87de567889b9,100,IGNACIO,QUIROS FAROUX JOAQUIN IGNACIO
per_3ba3f7ab505ccf926301,per_0596b2d7f68ceebdd831,100,IGNACIO,RENE IGNACIO
per_3ba3f7ab505ccf926301,per_92c23f46dee607dcfba5,100,IGNACIO,RIVERA IGNACIO
per_3ba3f7ab505ccf926301,per_703569c96a1e4df81ffe,100,IGNACIO,RIVERA IGNACIO
per_3ba3f7ab505ccf926301,per_efdd53bafea39a0f4ff1,100,IGNACIO,RIVERA JUAN IGNACIO
per_3ba3f7ab505ccf926301,per_d2f6c6a7ffbc6129339a,100,IGNACIO,RIVEROL IGNACIO
per_3ba3f7ab505ccf926301,per_fac2add11a542f6115e7,100,IGNACIO,ROBERT IGNACIO
per_3ba3f7ab505ccf926301,per_50db7dd44af8b4348e0d,100,IGNACIO,RODRIGUEZ GARCIA IGNACIO
per_3ba3f7ab505ccf926301,per_7908cda08f6bff3dcf4d,100,IGNACIO,RODRIGUEZ GERINO IGNACIO
per_3ba3f7ab505ccf926301,per_ecb1639c916c48fe5d1c,100,IGNACIO,RODRIGUEZ IGNACIO
per_3ba3f7ab505ccf926301,per_5997d181276f8f80027d,100,IGNACIO,RODRIGUEZ IGNACIO
per_3ba3f7ab505ccf926301,per_2fb9d00617d7096e6765,100,IGNACIO,RODRIGUEZ PABLO IGNACIO
per_3ba3f7ab505ccf926301,per_514cc1d22c501cee9177,100,IGNACIO,RODRIIGUEZ IGNACIO
per_3ba3f7ab505ccf926301,per_ec1e55a452f623fd05a0,100,IGNACIO,ROLDAN MIGUEL ANGEL LATORRE JUAN IGNACIO
per_3ba3f7ab505ccf926301,per_dde6e764a824aff62700,100,IGNACIO,ROMAY JUAN IGNACIO
per_3ba3f7ab505ccf926301,per_ed936d4feda9786948ee,100,IGNACIO,RONCORONI JUAN IGNACIO
per_3ba3f7ab505ccf926301,per_91b9c13804d2d7179f9e,100,IGNACIO,ROSSI IGNACIO
per_3ba3f7ab505ccf926301,per_adea32346c65a8c9885d,100,IGNACIO,ROSSI PABLO IGNACIO
per_3ba3f7ab505ccf926301,per_8ca1c35c5bf3ea41379b,100,IGNACIO,RUBIOLO JUAN IGNACIO
per_3ba3f7ab505ccf926301,per_84573d88726c449ed1fd,100,IGNACIO,RUFFA IGNACIO
per_3ba3f7ab505ccf926301,per_71715b4c8201f471178a,100,IGNACIO,SABELLE IGNACIO
per_3ba3f7ab505ccf926301,per_c0f9b8cbb9d74c48ffda,100,IGNACIO,SABIA JUAN IGNACIO
per_3ba3f7ab505ccf926301,per_1b62f3726d321c767b01,100,IGNACIO,SACHETTI IGNACIO
per_3ba3f7ab505ccf926301,per_7f12e3e868291e97ae7b,100,IGNACIO,SALERNO IGNACIO
per_3ba3f7ab505ccf926301,per_cceda034737a08f470d2,100,IGNACIO,SALERNO IGNACIO
per_3ba3f7ab505ccf926301,per_e6576a43e48960ac8669,100,IGNACIO,SALVI JUAN IGNACIO
per_3ba3f7ab505ccf926301,per_503a19218b807bc6ed2b,100,IGNACIO,SANCHEZ IGNACIO
per_3ba3f7ab505ccf926301,per_4285e005f1163d21772a,100,IGNACIO,SANZ IGNACIO
per_3ba3f7ab505ccf926301,per_30deef7df2087d07a0db,100,IGNACIO,SAOS IGNACIO
per_3ba3f7ab505ccf926301,per_39644cb9e18e83f61be0,100,IGNACIO,SASSADRO JUAN IGNACIO
per_3ba3f7ab505ccf926301,per_b94d48457035891f6eb9,100,IGNACIO,SEGURA IGNACIO
per_3ba3f7ab505ccf926301,per_7cb11831662771284228,100,IGNACIO,SERRATS JUAN IGNACIO
per_3ba3f7ab505ccf926301,per_67f9b45bb9ef01d45fcf,100,IGNACIO,SICILIA JUAN IGNACIO
per_3ba3f7ab505ccf926301,per_d4813c0a4f0386659136,100,IGNACIO,SOLIMANO IGNACIO
per_3ba3f7ab505ccf926301,per_6b0eaa8f8786a4372a6c,100,IGNACIO,STAMPALIJA JUAN IGNACIO
per_3ba3f7ab505ccf926301,per_97272e4d3fe30b149d44,100,IGNACIO,SUAREZ IGNACIO
per_3ba3f7ab505ccf926301,per_58c72b653e360b4325a1,100,IGNACIO,SUBIZAR IGNACIO
per_3ba3f7ab505ccf926301,per_b7ccc75e1b8b08427a19,100,IGNACIO,TALARICO IGNACIO
per_3ba3f7ab505ccf926301,per_6d2f678d107223608a40,100,IGNACIO,TAVELLA BURGOS JUAN IGNACIO
per_3ba3f7ab505ccf926301,per_30533866970ae7e23f81,100,IGNACIO,TERZA PEDRO IGNACIO
per_3ba3f7ab505ccf926301,per_f4ecc83c8925537851b6,100,IGNACIO,TONIOLO MATIAS IGNACIO
per_3ba3f7ab505ccf926301,per_d16d533259b5e0295fb6,100,IGNACIO,TORNERO JUAN IGNACIO
per_3ba3f7ab505ccf926301,per_1505f1e9804c1be7b000,100,IGNACIO,TORO MARCELO IGNACIO
per_3ba3f7ab505ccf926301,per_5153fac56a78a918dead,100,IGNACIO,TORO MARCELO IGNACIO
per_3ba3f7ab505ccf926301,per_c8921f568dd825cbd713,100,IGNACIO,TORRES IGNACIO
per_3ba3f7ab505ccf926301,per_308dec1069769e2691e0,100,IGNACIO,TORRES IGNACIO
per_3ba3f7ab505ccf926301,per_6be5693fb3fbe76e6ee8,100,IGNACIO,TORREZ IGNACIO
per_3ba3f7ab505ccf926301,per_1f2b38359396a64197b1,100,IGNACIO,TUNEZ GABRIEL IGNACIO
per_3ba3f7ab505ccf926301,per_d87ab83f4819391f6056,100,IGNACIO,TUNEZ GABRIEL IGNACIO
per_3ba3f7ab505ccf926301,per_44b61847509bfea1c190,100,IGNACIO,TUNXXEZ GABRIEL IGNACIO
per_3ba3f7ab505ccf926301,per_23ae8f99e648562925ba,100,IGNACIO,ULLUA IGNACIO
per_3ba3f7ab505ccf926301,per_9f21199a8e83bc4853ff,100,IGNACIO,URQUIZA IGNACIO
per_3ba3f7ab505ccf926301,per_69fcd26329587a8399ea,100,IGNACIO,UZ JUAN IGNACIO
per_3ba3f7ab505ccf926301,per_385e4e0604a6ea3464d3,100,IGNACIO,VALENZUELA JUAN IGNACIO
per_3ba3f7ab505ccf926301,per_67d821eea9236b0f31ec,100,IGNACIO,VAN TOOREN EVERT IGNACIO
per_3ba3f7ab505ccf926301,per_1ab1bc5a0f8d37b7c1ae,100,IGNACIO,VENER GUSTAVO IGNACIO
per_3ba3f7ab505ccf926301,per_2d3c94121adcea2c0952,100,IGNACIO,VENER IGNACIO
per_3ba3f7ab505ccf926301,per_0525e44da0c8035d7ae4,100,IGNACIO,VIALE IGNACIO
per_3ba3f7ab505ccf926301,per_ed5b81ffdcd668bdcc1f,100,IGNACIO,VIALE IGNACIO
per_3ba3f7ab505ccf926301,per_b49bb7572c415bc2f9df,100,IGNACIO,VIALE IGNACIO
per_3ba3f7ab505ccf926301,per_1ee26dacc9078c85947c,100,IGNACIO,VILLALBA ALEXIS ARIEL IGNACIO
per_3ba3f7ab505ccf926301,per_1d18d6a88bcf4708cf01,100,IGNACIO,VILLANOVA IGNACIO
per_3ba3f7ab505ccf926301,per_42062c77160b10534f4f,100,IGNACIO,VILLANOVA IGNACIO
per_3ba3f7ab505ccf926301,per_3b109a9843f6aa5d8de2,100,IGNACIO,VINALS JUAN IGNACIO
per_3ba3f7ab505ccf926301,per_6ccbba2c17942ba7706c,100,IGNACIO,WAISSMAN JUAN IGNACIO
per_3ba3f7ab505ccf926301,per_19ad3f59e0c6e0172e05,100,IGNACIO,WAISSMAN JUAN IGNACIO
per_3ba3f7ab505ccf926301,per_3e9cb9eb6bafae716cae,100,IGNACIO,WEIMBERG JUAN IGNACIO
per_3ba3f7ab505ccf926301,per_f8ec4a8d2d81c9d6b656,100,IGNACIO,YACOBUCCI IGNACIO
per_3ba3f7ab505ccf926301,per_92a5f80a90118fd1505d,100,IGNACIO,YACOBUCCI IGNACIO
per_3ba3f7ab505ccf926301,per_8e7d6791eda41b9e3ad2,100,IGNACIO,ZAFFARONI MARINO JUAN IGNACIO
per_3ba3f7ab505ccf926301,per_2bf9ee338ae46d65541e,100,IGNACIO,ZALDARRIAGA IGNACIO
per_3ba3f7ab505ccf926301,per_2f0ff4d06eea2e2aeda3,100,IGNACIO,ZAPATA IGNACIO
per_3ba3f7ab505ccf926301,per_e4d389490fb88a018622,100,IGNACIO,ZAPIOLA IGNACIO
per_404b6629593685eea117,per_425a44cfbacc1c563dfc,100,IGNACIO PEDRO CABELLO,IGNACIO PEDRO CABELLO
per_404b6629593685eea117,per_0dd8ee8804d6517280b9,100,IGNACIO PEDRO CABELLO,PEREYRA CASADO MICHELLE IGNACIO PEDRO CABELLO
per_425a44cfbacc1c563dfc,per_0dd8ee8804d6517280b9,100,IGNACIO PEDRO CABELLO,PEREYRA CASADO MICHELLE IGNACIO PEDRO CABELLO
per_a96beb4fe3c9239b8c0a,per_5e9cf1a276808c971dce,100,ILEANA PRIETO BRUN,ILEANA PRIETO BRUN
per_1a56940fd435ddd5b2a4,per_5cae27905585f5ed1a2f,100,ILLANES TATIANA,ILLANES TATIANA
per_ee94f7c603a367f0e74d,per_7a000923d1041c3711db,100,IMHOF JORGE EDUARDO,IMHOF JORGE EDUARDO
per_d32d7ff0ce01e73fd73b,per_99af4f297f2d6ec27e9e,100,IMIRIZALDU JUAN JOSE,IMIRIZALDU JUAN JOSE
per_e45a072da6024590fc17,per_2f0bdea2c509335a6ab8,100,IMPOSTI ESPINAR GUILLERMO,IMPOSTI ESPINAR GUILLERMO
per_c2f57849f72bb7365a7d,per_57ea87838e62ca84f8f7,100,INCHAUSPE PEDRO JUAN,INCHAUSPE PEDRO JUAN
per_406d930eb5e6047f90a2,per_89d9acc485e9921601a0,100,INSULLA AGUSTIN,INSULLA AGUSTIN
per_36123878182f3b1df7c3,per_df6458630123969ba105,100,INURRIETA SEBASTIAN,INURRIETA SEBASTIAN
per_15f7788799664deb2640,per_9f7f348a279399f19750,100,IPARAGUIRRE ANA,IPARAGUIRRE ANA
per_beaae6101743334e4577,per_7a73a62b6cdaa77cc909,100,IPARRAGUIRRE MARIANA,IPARRAGUIRRE MARIANA
per_b228c71e831e0706fd6b,per_92827c5ecdd6efaabeca,100,IPARRAGUIRRE RODOLFO,IPARRAGUIRRE RODOLFO
per_3c8f85f4b82d9b9aabc7,per_09a7e5f2ab9e35b1cb2a,100,IPATA GABRIEL,IPATA GABRIEL
per_c0005f34bd0b2c71d3c9,per_01542cb1fb4335266ab3,100,IPOLITTI CLAUDIO,IPOLITTI CLAUDIO
per_8b6a5fe14f2dadfdac59,per_4775a9b09bdc62231178,100,IRAETA SERGIO,IRAETA SERGIO
per_eefae6fb05b98a2b56a8,per_5f54cc379f581ad494d1,100,IRAMAIN JUAN LUIS,IRAMAIN JUAN LUIS
per_d9a2cb9b274ea0b40290,per_4eb9cf7ce3042f73edfb,100,IRAZU MARCELO,IRAZU MARCELO
per_e6677af5658b9c34be4a,per_9dfe674db87920e824d1,100,IRIARTE LEDESMA CAROLA,IRIARTE LEDESMA CAROLA
per_d36737e098b66a9f42fd,per_7a6ce37ac75beb94b53b,100,IRIARTE LEDESMA LUZ MARIA,IRIARTE LEDESMA LUZ MARIA
per_cb3050a081ef5fe86335,per_3e7e076b5b21487bd591,100,IRIARTE LEDESMA PATRICIA,IRIARTE LEDESMA PATRICIA
per_49ad01277d3e83393019,per_f5ed1e5fc4f7da812b60,100,IRIS HERNAN PABLO,IRIS HERNAN PABLO
per_b8176f190d91d81e4022,per_64382203a75afb1d1203,100,IRIS JUAN MANUEL,JUAN MANUEL
per_bac8e99c5a0726d08255,per_158e37c76e2f433f6ce6,100,IRULEGUI CECILIA BELEN,IRULEGUI CECILIA BELEN
per_a82af9400a279b3220cb,per_772fd3910f21fe90575e,100,ISAAC XAVIER,KIARA PETRICCHELLI ISAAC XAVIER
per_98f48bef3f00d20fa15d,per_0d2a0b3c6960b25e181e,100,ISASI RUIZ ELDREDGE LUIS FELIPE,ISASI RUIZ ELDREDGE LUIS FELIPE
per_0cca7474921e735bab06,per_bf3c8a221b45cc0fa8d5,100,ISETTA JUAN CRUZ,ISETTA JUAN CRUZ
per_be9d8fb282b3f47252b2,per_546bdc5243b2640e4685,100,ISLAS ARIEL,ISLAS ARIEL
per_7cfd2405954b20250b5f,per_8673645a9fa55396136e,100,IUMMATO JUAN MARTIN,IUMMATO JUAN MARTIN
per_bc129c0cf2b96ae270e9,per_5593a5e0342a2f1c15c7,100,IVALDI MARIA DEL PILAR,IVALDI MARIA DEL PILAR
per_bc129c0cf2b96ae270e9,per_9e7b9471b276c813c195,100,IVALDI MARIA DEL PILAR,MARIA DEL PILAR
per_5593a5e0342a2f1c15c7,per_9e7b9471b276c813c195,100,IVALDI MARIA DEL PILAR,MARIA DEL PILAR
per_a99490d37e98bb4af54a,per_2e43cb241edcb38fda39,100,IVANA SHEILA CARTAGENA GIMENEZ,IVANA SHEILA CARTAGENA GIMENEZ
per_fd961e4bb339e34200c4,per_5a4623f68a43a2b14757,100,IVOSKUS DANIEL,IVOSKUS DANIEL
per_c7cb7260c085dfbaa64b,per_02b711cb48145c68574a,100,JACCOUD PATRICIO,JACCOUD PATRICIO
per_2e163549a61c4648e06b,per_5156e8165f2629095aec,100,JACOBUCCI IGNACIO,JACOBUCCI IGNACIO
per_a4cc5ecb9459a6363fd0,per_d114bb293d1c2b16f153,100,JACQUET HUGO FABIAN,JACQUET HUGO FABIAN
per_9f4c58100ce91a01e5bb,per_cc34fb24238bd623f0e6,100,JAIME ANA,JAIME ANA MARIA CAPUTO LUIS ANDRES
per_9f4c58100ce91a01e5bb,per_56777420470808e17b35,100,JAIME ANA,JAIME ANA MARIA RODRIGUEZ HUGO ANDRES
per_68aaa3c6f145dd1ad4d8,per_0aed6540d24f888dc671,100,JAIME ANA MARIA,JAIME ANA MARIA
per_68aaa3c6f145dd1ad4d8,per_e705fee90f62d21b5ce1,100,JAIME ANA MARIA,LEMOINE LILIA JAIME ANA MARIA
per_0aed6540d24f888dc671,per_e705fee90f62d21b5ce1,100,JAIME ANA MARIA,LEMOINE LILIA JAIME ANA MARIA
per_68aaa3c6f145dd1ad4d8,per_5a54e1d4b079297feadd,100,JAIME ANA MARIA,LOMBARDO NORBERTO JAIME ANA MARIA
per_0aed6540d24f888dc671,per_5a54e1d4b079297feadd,100,JAIME ANA MARIA,LOMBARDO NORBERTO JAIME ANA MARIA
per_68aaa3c6f145dd1ad4d8,per_854e28de14f55518e70d,100,JAIME ANA MARIA,MAIDANA CARLOS LEONARDO JAIME ANA MARIA
per_0aed6540d24f888dc671,per_854e28de14f55518e70d,100,JAIME ANA MARIA,MAIDANA CARLOS LEONARDO JAIME ANA MARIA
per_68aaa3c6f145dd1ad4d8,per_a206f4555d26abab99d6,100,JAIME ANA MARIA,MUJICA FRANCO JAIME ANA MARIA
per_0aed6540d24f888dc671,per_a206f4555d26abab99d6,100,JAIME ANA MARIA,MUJICA FRANCO JAIME ANA MARIA
per_68aaa3c6f145dd1ad4d8,per_2d7b57a4362a589f2125,100,JAIME ANA MARIA,PEREYRA CASADO MICHELLE JAIME ANA MARIA
per_0aed6540d24f888dc671,per_2d7b57a4362a589f2125,100,JAIME ANA MARIA,PEREYRA CASADO MICHELLE JAIME ANA MARIA
per_02a89c3d878e3840f93c,per_8a8c09829260f009c4e6,100,JAIME ANA MARIA ADORNI MANUEL LOPEZ MARIA EMILCE,LOPEZ MARIA EMILCE
per_d5cf74a243bc263bc686,per_5b7eb0cb2495e6ff0edc,100,JAIME ANA MARIA MUJICA FRANCO MATIAS VIRGINIA,MATIAS VIRGINIA
per_d5cf74a243bc263bc686,per_d6fb31209dd4e0d56a2f,100,JAIME ANA MARIA MUJICA FRANCO MATIAS VIRGINIA,MATIAS VIRGINIA
per_56777420470808e17b35,per_a0a0f71b48f00943f496,100,JAIME ANA MARIA RODRIGUEZ HUGO ANDRES,RODRIGUEZ ANDRES
per_56777420470808e17b35,per_ddb9b555cdfb5164d822,100,JAIME ANA MARIA RODRIGUEZ HUGO ANDRES,RODRIGUEZ HUGO ANDRES
per_09852024b6849b24d78b,per_ca89c532f424c0ec5714,100,JALDO OSVALDO,JALDO OSVALDO
per_ca89c532f424c0ec5714,per_41b92be53dfefb019067,100,JALDO OSVALDO,JALDO OSVALDO
per_0f80ca79ca130506e96e,per_52ec7118e71f4d9cecad,100,JALEI LAURA,JALEI LAURA
per_65d8e3aab105d1d1076a,per_f45bb32d9663332b69c6,100,JALIL FERNANDO,JALIL FERNANDO
per_a9f414f5a023cb6f54e1,per_b5067296599336db73e9,100,JALIL RAUL,JALIL RAUL
per_7f2fd4e47b372e663595,per_058db1e5b8de65401135,100,JANIEWICZ FEDERICO,JANIEWICZ FEDERICO
per_ef90c5281f0ed5edb6a9,per_6b2bd946f97eae041126,100,JANIEWICZ JAVIER,JANIEWICZ JAVIER
per_dc800d4b790b3f27de38,per_bb2d175f17c494ca4dc0,100,JARA JUAN MANUEL,JARA JUAN MANUEL
per_dc800d4b790b3f27de38,per_64382203a75afb1d1203,100,JARA JUAN MANUEL,JUAN MANUEL
per_bb2d175f17c494ca4dc0,per_64382203a75afb1d1203,100,JARA JUAN MANUEL,JUAN MANUEL
per_26f28a72ea84932b268e,per_64382203a75afb1d1203,100,JAUREGUI JUAN MANUEL,JUAN MANUEL
per_1b97380e85d8ce2632e2,per_8442d78f427aebb0d193,100,JAVIER VEGA,JAVIER VEGA
per_4ead2f6d163c76180632,per_50c3a0a278e174f09d95,100,JAZMIN ANDREA GIACCO,JAZMIN ANDREA GIACCO
per_bb9e8ccbdc8710542a04,per_6f63724fe2451892a24b,100,JEREZ MERCEDES,JEREZ SALAZAR MERCEDES
per_bb9e8ccbdc8710542a04,per_271837ce2e93fb7719c0,100,JEREZ MERCEDES,JEREZ SALAZAR MERCEDES MERCEDES
per_bb9e8ccbdc8710542a04,per_b57c4a87304bb31ce77d,100,JEREZ MERCEDES,JEREZ SALAZAR MERCEDES MERCEDES
per_6f63724fe2451892a24b,per_271837ce2e93fb7719c0,100,JEREZ SALAZAR MERCEDES,JEREZ SALAZAR MERCEDES MERCEDES
per_6f63724fe2451892a24b,per_b57c4a87304bb31ce77d,100,JEREZ SALAZAR MERCEDES,JEREZ SALAZAR MERCEDES MERCEDES
per_271837ce2e93fb7719c0,per_b57c4a87304bb31ce77d,100,JEREZ SALAZAR MERCEDES MERCEDES,JEREZ SALAZAR MERCEDES MERCEDES
per_4914a4b81f5ed29fea7f,per_317afa7a201e3777d2a4,100,JEZEINIECKI FEDERICO BASILO,JEZEINIECKI FEDERICO BASILO
per_d66f4064dca13a98becc,per_553ddc75851a5ae4fde5,100,JONES GUADALUPE,JONES GUADALUPE
per_d66f4064dca13a98becc,per_b7155a439834c057f0e2,100,JONES GUADALUPE,JONES MARIA GUADALUPE
per_553ddc75851a5ae4fde5,per_b7155a439834c057f0e2,100,JONES GUADALUPE,JONES MARIA GUADALUPE
per_dd59610450a5d6265390,per_ddeaa1ad410ab0a35296,100,JORDI PERNAS,JORDI PERNAS
per_d2cbe89cf248129d73ef,per_2316ad1fdeb011132002,100,JORGE ESCARPITE,JORGE ESCARPITE
per_d049da1281f1323ce2f9,per_d6ad79a82019629f68a2,100,JORGE ESCARPITE POJMALVICH FERNANDO,POJMALVICH FERNANDO
per_f7c8424827a65ce2fb97,per_f4bf8e01cad7d098bac0,100,JORGE GARCIA,JORGE GARCIA
per_805349f935d9202068d4,per_0af85e01b0174dbb139d,100,JORNET CARLOS,JORNET CARLOS
per_537bee205761c2a18d10,per_fd4a9ebc63b3c6d855ce,100,JOSE MARIA FERNANDEZ,MARIA FERNANDEZ
per_6a0a07682c167134bc88,per_a4d8e39385191ffe9842,100,JOSE PERREYRA,JOSE PERREYRA
per_4de9badde1751c34575c,per_9d66205e2093b5c211eb,100,JOSE ROLANDI,ROLANDI JOSE GONZALEZ ROXANA
per_4ce13a9ae9d8e59c1a66,per_e5508a4efb20ebf008ea,100,JOSEFINA GALVALISI,JOSEFINA GALVALISI
per_4d7204c98fe1effce1c9,per_cc3b9caf9b16c8eafc5b,100,JOVELLANOS MERCEDES BEATRIZ,JOVELLANOS MERCEDES BEATRIZ
per_a5e1856c494d7dfcd029,per_6bde9eaf230a57a68dd6,100,JUAN BAUTISTA YOFRE,JUAN YOFRE
per_63cb1935661d8028f0aa,per_483623382f929469bcee,100,JUAN CARLOS ARGIBAY,JUAN CARLOS ARGIBAY
per_d8b891a0adf7ea57e1ac,per_90069aa2e9aa2269081b,100,JUAN CAUSELO,ZAPATA FANNY JUAN CAUSELO
per_14d93da78c3a6d6420a5,per_b192def8c6abacfaf4e8,100,JUAN DOLLERA PALLOTA MARIA INES,PALLOTA MARIA INES
per_ffa363e4dab189028fc4,per_0e887d4a02aa5553069e,100,JUAN DONICELLI,JUAN DONICELLI
per_505506d2dfd31d56380f,per_642378f96f84374b742e,100,JUAN HERNANDEZ,JUAN MANUEL HERNANDEZ
per_64382203a75afb1d1203,per_d5f1ffefd8cd9bf64d33,100,JUAN MANUEL,LA MATTNA JUAN MANUEL
per_64382203a75afb1d1203,per_5766ccae822099dd364c,100,JUAN MANUEL,LO TATARO JUAN MANUEL
per_64382203a75afb1d1203,per_c79db9ecf6d0b96ba37c,100,JUAN MANUEL,LOPEZ JUAN MANUEL
per_64382203a75afb1d1203,per_53a8c24f854211ac1c5c,100,JUAN MANUEL,LUDER JUAN MANUEL
per_64382203a75afb1d1203,per_89f87f8a33262ca76426,100,JUAN MANUEL,MARCOGIUSEPPE JUAN MANUEL
per_64382203a75afb1d1203,per_8df484e6eb586e6705c5,100,JUAN MANUEL,MENDEZ JUAN MANUEL
per_64382203a75afb1d1203,per_1bf4370922edf609ae43,100,JUAN MANUEL,MENENDEZ JUAN MANUEL
per_64382203a75afb1d1203,per_7faa013c4aa3967ee435,100,JUAN MANUEL,MOCOROA JUAN MANUEL
per_64382203a75afb1d1203,per_f0f3dca28d7e3325dc4e,100,JUAN MANUEL,MONTESANO REBAN JUAN MANUEL
per_64382203a75afb1d1203,per_05309d9856302fe605ec,100,JUAN MANUEL,MORONI JUAN MANUEL
per_64382203a75afb1d1203,per_2b2180efed49d7979d22,100,JUAN MANUEL,NAVARRO JUAN MANUEL
per_64382203a75afb1d1203,per_1d293aa3f770e993afd6,100,JUAN MANUEL,NAVARRO JUAN MANUEL
per_64382203a75afb1d1203,per_709858e18b111b6d86cc,100,JUAN MANUEL,NOVELLO JUAN MANUEL
per_64382203a75afb1d1203,per_57d87c9aecb99b10e324,100,JUAN MANUEL,NOVELLO JUAN MANUEL
per_64382203a75afb1d1203,per_26dbb114270135a93d63,100,JUAN MANUEL,OLIMA ESPEL JUAN MANUEL
per_64382203a75afb1d1203,per_0a98a9e73b9d4d205d70,100,JUAN MANUEL,OLIMA ESPEL JUAN MANUEL
per_64382203a75afb1d1203,per_ca7f45e2b61b0c9741c1,100,JUAN MANUEL,OLMOS JUAN MANUEL
per_64382203a75afb1d1203,per_5b33c3f223c6932e76ad,100,JUAN MANUEL,ORQUERA JUAN MANUEL
per_64382203a75afb1d1203,per_1cd930ed768cb46b91f3,100,JUAN MANUEL,ORQUERA JUAN MANUEL
per_64382203a75afb1d1203,per_5667aca87a79b33534dc,100,JUAN MANUEL,PAGNONI JUAN MANUEL
per_64382203a75afb1d1203,per_922c26e20eb23e8bc593,100,JUAN MANUEL,PAIS JUAN MANUEL
per_64382203a75afb1d1203,per_dfeee7e1d33e3e3ffa0f,100,JUAN MANUEL,PARODI JUAN MANUEL
per_64382203a75afb1d1203,per_bcda04ac0d85aa57367a,100,JUAN MANUEL,PAZOS JUAN MANUEL
per_64382203a75afb1d1203,per_a379397ad6da7a66098a,100,JUAN MANUEL,PEDRINI JUAN MANUEL
per_64382203a75afb1d1203,per_fc5c494746272858ec55,100,JUAN MANUEL,PEREZ NAUFEL JUAN MANUEL
per_64382203a75afb1d1203,per_38e9b9555cc9d530bdc2,100,JUAN MANUEL,PIPPIA JUAN MANUEL
per_64382203a75afb1d1203,per_363a55da83f75f589313,100,JUAN MANUEL,PIPPIA JUAN MANUEL
per_64382203a75afb1d1203,per_07e865edff61043bc34e,100,JUAN MANUEL,PULIDO PARIENTE JUAN MANUEL
per_64382203a75afb1d1203,per_eb98a24614e0efeaed94,100,JUAN MANUEL,RITACCO JUAN MANUEL
per_64382203a75afb1d1203,per_4649aedbf82e22d26e17,100,JUAN MANUEL,SALA GARCIA JUAN MANUEL
per_64382203a75afb1d1203,per_eca8fa28e4e46bea5deb,100,JUAN MANUEL,SALORD JUAN MANUEL
per_64382203a75afb1d1203,per_59658c066d1dd22f7b08,100,JUAN MANUEL,SALORD VAQUERO JUAN MANUEL
per_64382203a75afb1d1203,per_0eda124524eb72725c19,100,JUAN MANUEL,SANTORO JUAN MANUEL
per_64382203a75afb1d1203,per_e09f0202de7a528af8b1,100,JUAN MANUEL,SANTORO JUAN MANUEL
per_64382203a75afb1d1203,per_9ab691adaeafc7018920,100,JUAN MANUEL,SARRABAYRROUSE JUAN MANUEL
per_64382203a75afb1d1203,per_51b25556451762c447e6,100,JUAN MANUEL,SENTURION JUAN MANUEL
per_64382203a75afb1d1203,per_8b26f2822f2491a4df1c,100,JUAN MANUEL,SERRA JUAN MANUEL
per_64382203a75afb1d1203,per_7850a0130c0466337ebd,100,JUAN MANUEL,SOCCA JUAN MANUEL
per_64382203a75afb1d1203,per_ae872a7c074c2528e551,100,JUAN MANUEL,SOLDAN JUAN MANUEL
per_64382203a75afb1d1203,per_d09c16a24c1012113fd5,100,JUAN MANUEL,SOLER JUAN MANUEL
per_64382203a75afb1d1203,per_64802834afb64222d36e,100,JUAN MANUEL,SOSA JUAN MANUEL
per_64382203a75afb1d1203,per_de1177565f1103f9b8c8,100,JUAN MANUEL,SOSA JUAN MANUEL
per_64382203a75afb1d1203,per_acc22ffbdced45832cd6,100,JUAN MANUEL,SUAREZ JUAN MANUEL
per_64382203a75afb1d1203,per_97c84fd23a400d0f8f01,100,JUAN MANUEL,SUAREZ JUAN MANUEL
per_64382203a75afb1d1203,per_9d1c8ab5985c39260f47,100,JUAN MANUEL,TOSONE JUAN MANUEL
per_64382203a75afb1d1203,per_6e87c393a42195e9314c,100,JUAN MANUEL,TOSONE JUAN MANUEL
per_64382203a75afb1d1203,per_309d53a63266f3e25446,100,JUAN MANUEL,URIARTE RINALDI JUAN MANUEL
per_64382203a75afb1d1203,per_3e9d50efee05571db6c5,100,JUAN MANUEL,VALDES JUAN MANUEL
per_64382203a75afb1d1203,per_dbaa9f4febaa8f649d2e,100,JUAN MANUEL,VAQUER JUAN MANUEL
per_64382203a75afb1d1203,per_49118e1c08dd33dc84a2,100,JUAN MANUEL,VAZQUEZ FACUNDO JUAN MANUEL
per_64382203a75afb1d1203,per_6e25d6357585b0a3dcc4,100,JUAN MANUEL,VERON JUAN MANUEL
per_64382203a75afb1d1203,per_1e4ad131971eeeb1afdf,100,JUAN MANUEL,VILLALBA JUAN MANUEL
per_64382203a75afb1d1203,per_cbf5023af346e281c017,100,JUAN MANUEL,VILLAR JUAN MANUEL
per_64382203a75afb1d1203,per_bf98601c57bc742bbc7d,100,JUAN MANUEL,VILLAR JUAN MANUEL
per_64382203a75afb1d1203,per_c8c162bc6d2fcfa36cd1,100,JUAN MANUEL,ZALAZAR JUAN MANUEL
per_64382203a75afb1d1203,per_3ede4d696e8e3d897928,100,JUAN MANUEL,ZALAZAR JUAN MANUEL
per_483893845c4ba57a4d06,per_92ec0897b41e227a4f38,100,JUAN MANUEL RODRIGUEZ,JUAN RODRIGUEZ
per_04d26fe92ef49330b744,per_1ff1d67dcbf76f1ba216,100,JUAN PABLO PERALTA,JUAN PABLO PERALTA
per_d3ab5715354598355ef5,per_fdc20623d341213ff212,100,JUAN PABLO SANCHEZ VERA,JUAN PABLO SANCHEZ VERA
per_c3f3b5c121daddcb6840,per_10ebce2dce20e9e35615,100,JUAN SPAIRANI,JUAN SPAIRANI
per_1ce7c36eb6bbe774badb,per_2d441dd90d2bce337693,100,JUAREZ ANDREA,JUAREZ ANDREA
per_f2d8af66da9b418ecd9c,per_06f5470413315b8d73de,100,JUAREZ BENITO JOSE,JUAREZ JOSE
per_26fedeac2315c1a664c3,per_8e24c5288d97aee29afd,100,JUAREZ DAMIAN,JUAREZ DAMIAN
per_03db6859a6662d7e5b59,per_64a7a8d7aebb6c7939a7,100,JUAREZ DIEGO,JUAREZ DIEGO
per_06f5470413315b8d73de,per_8329025931aeb823383c,100,JUAREZ JOSE,JUAREZ JUSTO JOSE
per_06f5470413315b8d73de,per_284c61351bcf09528f4d,100,JUAREZ JOSE,JUAREZ MARIA JOSE
per_cede3b6a753fc0b4e85d,per_d27c39799473328d96db,100,JUEGUEN FRANCISCO JOSE,JUEGUEN FRANCISCO JOSE
per_85f80b1c6cf4e9ff4048,per_49b707e7316c6a5c8572,100,JUEZ JOSE LUIS,JUEZ LUIS
per_85f80b1c6cf4e9ff4048,per_f0ad17307b1360b65027,100,JUEZ JOSE LUIS,JUEZ LUIS
per_49b707e7316c6a5c8572,per_f0ad17307b1360b65027,100,JUEZ LUIS,JUEZ LUIS
per_c23602eb783bbfcd918c,per_73ab004e3258f3b54c26,100,JUEZ LUIS ALFREDO,JUEZ LUIS ALFREDO
per_2383099453e3b68a0acf,per_469391d24cf7ec873fff,100,JULIETA PEZZELLA,JULIETA PEZZELLA
per_35e4f843192575df0043,per_61312da5b429b1e282a2,100,JUNI GERALDINE,JUNI GERALDINE
per_35e4f843192575df0043,per_787df97625b746aebc6c,100,JUNI GERALDINE,JUNI KEOLEYAN GERALDINE
per_61312da5b429b1e282a2,per_787df97625b746aebc6c,100,JUNI GERALDINE,JUNI KEOLEYAN GERALDINE
per_1a04f6c0641b7b6bd86f,per_0d4ab78c4caaba279f7d,100,JURADO TOMAS EMANUEL,JURADO TOMAS EMANUEL
per_1f0e7cbac816844e8506,per_508e029d1f65487f5d0d,100,JUSID ROBERTO,JUSID ROBERTO
per_394385e06a6c7eb0b7eb,per_5bf1765c6515f6ddaa7a,100,JUTTON NICOLAS PACHECO MONICA MARICEL,PACHECO MONICA MARICEL
per_394385e06a6c7eb0b7eb,per_85fd63939b6f082fb48f,100,JUTTON NICOLAS PACHECO MONICA MARICEL,PACHECO MONICA MARICEL
per_7f2ba00c70b1cebe4251,per_f6108d80ed33332af461,100,JUTTON RUBEN,JUTTON RUBEN
per_7f2ba00c70b1cebe4251,per_e023e4765b19f9aa7bcf,100,JUTTON RUBEN,ZAPATA FANNY JUTTON RUBEN
per_f6108d80ed33332af461,per_e023e4765b19f9aa7bcf,100,JUTTON RUBEN,ZAPATA FANNY JUTTON RUBEN
per_a1a0271a5aadd9e0f523,per_66d1a2189af0fec0531a,100,KACZORKIEWICZ VIRGINIA,PENEN RAMIREZ MARIA FLORENCIA VILA JOSE LUIS KACZORKIEWICZ VIRGINIA
per_3ae492d73c3d0c514cd4,per_9aa2fe7f7cfe3509cd30,100,KALUSZKA MATIAS SEBASTIAN,KALUSZKA MATIAS SEBASTIAN
per_54b2e8f0397894ac34e8,per_9312f2f257181752b1f3,100,KANDI ELIAS,PAIER ANGELA NEIFFERT SERGIO DARIO KANDI ELIAS
per_2e4e951982dc7914eb77,per_f96c36b655b8501cc7d9,100,KANTOR ARIEL GUSTAVO,KANTOR ARIEL GUSTAVO
per_c7d3aecb81b22bf0f818,per_66f8ac4bcf2c86a8225f,100,KATULSKAS MARTIN EZEQUIEL,MARTIN EZEQUIEL
per_8652a2eff0059a0682af,per_12fff3d8fecd5e01d0d3,100,KAVANAGH JUAN PABLO,KAVANAGH JUAN PABLO
per_b94a3fa2f5f4c7c4c1f9,per_a35e8986734c9340a683,100,KAYSER PAULA NATALIA,KAYSER PAULA NATALIA
per_5320c5357ec6faa95168,per_37e7888150cf2f3c0716,100,KECZELI JORGE MAXIMILIANO,KECZELI JORGE MAXIMILIANO
per_3b7911102c61735180d0,per_af462a19d48e9b9d3b70,100,KEMPER DAN LEONEL,KEMPER DAN LEONEL
per_890277778c8cad2e4f62,per_41986abda2d28e914601,100,KEMPNER DAVID ALEJANDRO,KEMPNER DAVID ALEJANDRO
per_8eadaf4b1f4149c10d9d,per_cbcabc7e02310bf3c4dd,100,KERBER AMANDA,KERBER AMANDA
per_4b6d407c752438953f5f,per_6680702c29292fe7381d,100,KERR IVAN,KERR IVAN
per_4f0c9e920ab445250428,per_b28556979683f53de3b7,100,KERR WALTER,KERR WALTER
per_c428e640a643f93f7209,per_f4523f27e4af10dbdfa4,100,KERST NICOLAS FEDERICO,KERST NICOLAS FEDERICO
per_6f9bb62f9783ffb9eb4c,per_24f9692b21597204983a,100,KLEIN DANIEL WALTER,KLEIN DANIEL WALTER
per_ba43789c6529b07d976d,per_e9380225149ff83799fc,100,KLIPAUKA FLORENCIA,KLIPAUKA FLORENCIA
per_8706c608c8330cf39e48,per_4ac5a408905ba7479f5d,100,KNOBLOVISTS JORGE,KNOBLOVISTS JORGE
per_0139590973499831f87f,per_c6f4004849177bba432a,100,KOMPEL PABLO JAVIER,KOMPEL PABLO JAVIER
per_6ea769db48a15c41fe44,per_d7d1cc83c756fa44f528,100,KONSTANTINOVSKY PERINA EMILIO LEONARDO,KONSTANTINOVSKY PERINA EMILIO LEONARDO
per_2ceaa1086b5786866f08,per_0763ffc6103d76d772a9,100,KOSTEKI MARA,KOSTEKI MARA
per_9e08acd9994f625538db,per_43316bbee3513747d6fe,100,KOSTIAK ALEXIS,KOSTIAK ALEXIS
per_55ddd3254b84e835af76,per_08fc8b4ad5f1e76b0d44,100,KOTT JONATHAN,KOTT JONATHAN
per_f126fb82919cd063419b,per_15a86f674f4b5bd91372,100,KRAJZELMAN MARCELO,KRAJZELMAN MARCELO
per_839c0472a913a2b665c3,per_1a8254244d5c033c6798,100,KRAPP MONICA,KRAPP MONICA
per_5fd97bbd6b0c2aac0afb,per_c7ab9511b8544a312441,100,KRASNSNSKY GUSTAVO,KRASNSNSKY GUSTAVO
per_be06691905ceeb144928,per_a1770d140317006cc897,100,KRISOL SANTIAGO,KRISOL SANTIAGO
per_c74fb98e21e92b27e25c,per_557871909ca68c143607,100,KROYER TOMAS,KROYER TOMAS
per_4e49f9411b414939c365,per_557871909ca68c143607,100,KROYER TOMAS,KROYER TOMAS
per_60179d29471170d4b79f,per_8f85130e51eaf0a142d8,100,KRUEGER FRENCH ISLA ALEJANDRO JUAN RODOLFO,KRUEGER FRENCH ISLA ALEJANDRO JUAN RODOLFO
per_1192379e2a444a78cc26,per_8bdc713e91cbb32337cd,100,KRYNSKI LIHUE,KRYNSKI LIHUE
per_d26874c3e6f8ea25f2cc,per_e1c004e2131e8381dfa8,100,KULICHEVSKY RAUL,KULICHEVSKY RAUL
per_060dd7fb4953074afd79,per_30bfa9a6a2d798195e3b,100,KUSA ANGEL,KUSA LIBAN ANGEL
per_060dd7fb4953074afd79,per_89ad1bb6efb19ba8f1a4,100,KUSA ANGEL,KUSA LIBAN ANGEL
per_060dd7fb4953074afd79,per_66849444406488c6338b,100,KUSA ANGEL,PIRES MIGUEL ANGEL KUSA LIBAN ANGEL
per_30bfa9a6a2d798195e3b,per_89ad1bb6efb19ba8f1a4,100,KUSA LIBAN ANGEL,KUSA LIBAN ANGEL
per_30bfa9a6a2d798195e3b,per_66849444406488c6338b,100,KUSA LIBAN ANGEL,PIRES MIGUEL ANGEL KUSA LIBAN ANGEL
per_89ad1bb6efb19ba8f1a4,per_66849444406488c6338b,100,KUSA LIBAN ANGEL,PIRES MIGUEL ANGEL KUSA LIBAN ANGEL
per_af37e836b1d5845900c6,per_ba3e77325527a5007a72,100,KVEK PETER,KVEK PETER
per_4a887f758a72f83b6787,per_3f0d4005f09beb200e94,100,LABORDA FERNANDO,LABORDA FERNANDO
per_11d48a6279fe67150a36,per_1e5e930791a4c511e2ca,100,LACA ANTUN VICTORIA,MUJICA FRANCO LACA ANTUN VICTORIA
per_25dce2783d890d6a0160,per_54771299b010068f8952,100,LACAL MONTENEGRO PELAYO FRANCISCO,LACAL MONTENEGRO PELAYO FRANCISCO
per_6126afa93032093f741d,per_0aa0633b54f06d3e85e5,100,LACALLE DANIEL,LACALLE FERNANDEZ DANIEL
per_01a6500710b66fd3f4ed,per_02fc266318ac312dd702,100,LACOUR PEDRO,LACOUR PEDRO
per_7fc2d4cf3b4a26aea0ed,per_6e4b9c91e5c1b5446381,100,LADA FEDERICO,LADA FRASCH FEDERICO
per_7fc2d4cf3b4a26aea0ed,per_b21bc8b34bc1e194621d,100,LADA FEDERICO,LADA FRASH FEDERICO
per_7fc2d4cf3b4a26aea0ed,per_6d9c68695c51a1226f3b,100,LADA FEDERICO,ZAPIOLA JUAN CARLOS LADA FEDERICO
per_214b9ed3574d9b7b8a7a,per_73302cf26a82ddc27d9d,100,LADA FEDERICO WANG WEI,WANG WEI
per_214b9ed3574d9b7b8a7a,per_f66679889cb2585a359c,100,LADA FEDERICO WANG WEI,WANG WEI
per_ab260abd087869875d9b,per_9e7b9471b276c813c195,100,LADA FRASCH FEDERICO RUDY RAMIREZ MARIA DEL PILAR,MARIA DEL PILAR
per_ab260abd087869875d9b,per_43bc25423b013997b03b,100,LADA FRASCH FEDERICO RUDY RAMIREZ MARIA DEL PILAR,RAMIREZ MARIA DEL PILAR
per_ab260abd087869875d9b,per_48b4a44be93000524fb0,100,LADA FRASCH FEDERICO RUDY RAMIREZ MARIA DEL PILAR,RAMIREZ MARIA DEL PILAR
per_ab260abd087869875d9b,per_c6ee274c158bd10fe287,100,LADA FRASCH FEDERICO RUDY RAMIREZ MARIA DEL PILAR,RAMIREZ PILAR
per_f2183724c326e52bf704,per_c68b33cbd4c072a5d54f,100,LADEUIX HERNAN,LADEUIX HERNAN
per_e4c2036b79514c64aeee,per_34301d02dda6191b9799,100,LAGO MARCELA,LAGO MARCELA
per_02984b2374381df0dba6,per_8b8efd98b04ad5cb92ec,100,LAGO MARCELA NOEMI,NAVARTA FACUNDO LAGO MARCELA NOEMI
per_02984b2374381df0dba6,per_0190d67d14a2ff83333a,100,LAGO MARCELA NOEMI,RIOS PAOLA LAGO MARCELA NOEMI
per_02984b2374381df0dba6,per_a8471398b4fe7366d12b,100,LAGO MARCELA NOEMI,RODRIGUEZ HUGO ANDRES LAGO MARCELA NOEMI
per_02984b2374381df0dba6,per_d88da87b952cc5bbdf9b,100,LAGO MARCELA NOEMI,SANTIUSTE LEONARDO GUZMAN HUGO ALEJANDRO LAGO MARCELA NOEMI
per_0ee3b8754a0c78fa9772,per_ae83a05444d817340789,100,LAGO MARCELA NOEMI DEANDRES JOSE LUIS SUSANA CAVALLINI,SUSANA CAVALLINI
per_5b1e4db6f5e372ffeb39,per_d2173c4b3921fea9819c,100,LAGO MARCELA NOEMI NAVARTA FACUNDO,NAVARTA FACUNDO
per_5b1e4db6f5e372ffeb39,per_810bdd8370fa01ae9ddc,100,LAGO MARCELA NOEMI NAVARTA FACUNDO,NAVARTA FACUNDO
per_b8f3c1c4d84bc27b8b4b,per_98f6cbda59ea774330dc,100,LAGO MARCELA NOEMI SALAZAR GRISELDA,SALAZAR GRISELDA
per_b8f3c1c4d84bc27b8b4b,per_3f431a97e8f039ab4073,100,LAGO MARCELA NOEMI SALAZAR GRISELDA,SALAZAR GRISELDA
per_5fbb823e5f53ada3b0a3,per_f28f6b137fc5d1a36808,100,LAGO RODRIGUEZ JOSE,LAGO RODRIGUEZ JOSE
per_72e527eadde2770c2083,per_fef980c865c63b1605e4,100,LAINO FEDERICO AUGUSTO,LAINO FEDERICO AUGUSTO
per_5462410518fc5e53fc6d,per_10f2ad88e34162b5299e,100,LAJE AGUSTIN,LAJE ARRIGONI AGUSTIN
per_fa0c4717f3b10778c2d0,per_53f7f087d147a1043fe8,100,LAMAS GARCIAS NANCY ROXANA,LAMAS GARCIAS NANCY ROXANA
per_d63b8fd7d1d33b6f6cd1,per_7eed52948b6f3f8b7d7b,100,LAMAS MARIA EVA,MARIA EVA
per_f8fdebc4289a0b8ee49b,per_32b98f6eb7d246e8c342,100,LAMAS MAXIMILIANO PABLO,LAMAS PABLO
per_0035668aac9fc6e30f60,per_28320b7d610344525e17,100,LAMBERTINI GRISELDA,LAMBERTINI GRISELDA
per_d2b4daa4e7f7d9b66ba2,per_edbbfce04192922213cb,100,LAMLE DIETER,LAMLE DIETER
per_762534b9a750b29854a8,per_3ac1b41c7817d037f44d,100,LAMON PABLO EDUARDO,LAMON PABLO EDUARDO
per_9eb1d70705b86469d5e0,per_a49c3a0cecdf52343d53,100,LANARI JAVIER,LANARI JAVIER
per_a49c3a0cecdf52343d53,per_de9323843f35ed3dffdb,100,LANARI JAVIER,LANARI JAVIER
per_c6447b5a5a0b46c64900,per_eae0635f6b017ab84b87,100,LANDABURU FRANCO ALBERTO,LANDABURU FRANCO ALBERTO
per_7a99fb6f4f6f6f366964,per_1052ae75e69963e74bcc,100,LANDART JUAN MAURICIO GABRIEL,LANDART JUAN MAURICIO GABRIEL
per_358ce44c7d1dd9e3fd14,per_0d82ab08fddfcb0baa85,100,LANDI FLORENCIA,LANDI FLORENCIA
per_79c9f431c02dd0f64711,per_33f1db0660e1b4a3056a,100,LANDIVAR MARIA LUZ,LANDIVAR MARIA LUZ
per_37de8daf938520896ec3,per_5843c1cee0cd8f8b7dc8,100,LANDONI LUIS MARIA,LANDONI LUIS MARIA
per_da69281bc80cebacf8aa,per_829478dc05dca626628e,100,LANDRIEL LUCIANO,LANDRIEL LUCIANO
per_0a838b04acf9edad4e04,per_95ba9dc3a7ca9016a9bc,100,LANFRANCO ELEONORA MARIANA,LANFRANCO ELEONORA MARIANA
per_509db17b510f6b63bbf5,per_0d6a370cb29193eca824,100,LANGSAM DENISE,LANGSAM DENISE
per_24c076a2db3ecf33f898,per_7f36fdb08895fcfc51e1,100,LANTANRON PEDRO MARIA,LANTANRON PEDRO MARIA
per_f7e10fdba7af1b057086,per_f3ce83d0ebde35194b8b,100,LANUS RAMON,LANUS RAMON
per_44373ece20734eadee17,per_8e99b444a884fbfe734d,100,LAPANIA EDUARDO,LAPANIA EDUARDO
per_dfe842fab632c6a03a43,per_db5adf8bb1151c9a088a,100,LAREO ALEJNADRO CARLOS,LAREO ALEJNADRO CARLOS
per_8a7f59e46fadecedfb11,per_cc0633bf5436a468a844,100,LAROCCA ANA CARINA,LAROCCA ANA CARINA
per_6dbf38bfa49d3471bcf0,per_2817655f57bad8ad0b59,100,LAROSA GIOVANNI,LAROSA GIOVANNI
per_93cd09a9149fd795a6f7,per_117fe9ad55b0744deb63,100,LARREA ADRIAN,PATRICIO FUKS LARREA ADRIAN
per_83aa6daaa4e0918a10a7,per_9b028fcc9536753c5d75,100,LARSEN CRISTIAN GABRIEL,LARSEN CRISTIAN GABRIEL
per_98d2692339355d7464c9,per_6b18ddabdf61f7b9ba67,100,LASTRA GONZALO NICOLAS,LASTRA NICOLAS
per_ab2deeb915953552647f,per_886695112c9ed24eed0e,100,LATOUR BAUTISTA,LATOUR BAUTISTA
per_7d05e459aad6a23ecc39,per_95afdd7ca2b43b51bf5f,100,LAUMANN ANDRES ARIEL,LAUMANN ANDRES ARIEL
per_bcb328f99482714af828,per_b64c7622b9119c650775,100,LAURA MAYOCCHI,LAURA MAYOCCHI
per_c0192185998bf600731b,per_6e9b1f55f37a5824e321,100,LAURIA AUGUSTO,LAURIA AUGUSTO
per_9ddc0c93abd3c38e9bae,per_fe8df24d231bc0966ea9,100,LAURIA FEDERICO ARATA MIGUEL ANGEL,MIGUEL ANGEL
per_816b9ac8bf3b51f6a594,per_72dac8e15eb54f15b4bd,100,LAVAGNA MARCOS,LAVAGNA MARCOS
per_1d179e8043e064f317dd,per_f9f7d5bfff9ea723b14b,100,LAVALLE GERMAN GUIDO,LAVALLE GUIDO
per_3ef6ddee7bb5c149779e,per_8baee58f79a4e7664695,100,LAVIGNE PABLO,LAVIGNE PABLO
per_3ef6ddee7bb5c149779e,per_164570d5be69cd632bd4,100,LAVIGNE PABLO,ROJAS SHUNKO LAVIGNE PABLO
per_8baee58f79a4e7664695,per_164570d5be69cd632bd4,100,LAVIGNE PABLO,ROJAS SHUNKO LAVIGNE PABLO
per_bbc25752d6057c8144fb,per_f15805b9941b2b50394d,100,LAXAGUE MERCEDES MARIA,MERCEDES MARIA
per_01e3a76a93159bcc6f37,per_5949797a8a68ac6fbe26,100,LAZOTA DIEGO ELADIO,LAZOTA DIEGO ELADIO
per_4ff6123474444125fe17,per_57d3307ed677183dd447,100,LAZOVSKI JAIME,LAZOVSKI JAIME
per_36f983d9f3851bb043d0,per_5e4e8e04dc547f266c4c,100,LAZZERI LILIANA,LAZZERI LILIANA
per_b0624fc6cb739e02a869,per_ced8529ab72328a7bff3,100,LECAM JAZMIN VICTORIA,LECAM JAZMIN VICTORIA
per_6c7d27d50cfe93a21bf3,per_ef9932cad41a2e24bff6,100,LECINA DANIELA,LECINA DANIELA
per_6c7d27d50cfe93a21bf3,per_94d26d6fc9193cbfc234,100,LECINA DANIELA,VALCARCE MANUEL LECINA DANIELA
per_ef9932cad41a2e24bff6,per_94d26d6fc9193cbfc234,100,LECINA DANIELA,VALCARCE MANUEL LECINA DANIELA
per_b86456ca0e0ecf8961af,per_7892ae90c059d1ce7b09,100,LECLERCQ GISEL,LECLERCQ GISEL
per_03c8b04676f4594f89ae,per_9ed41f7f4f85d1a7fc80,100,LEDESMA ALAN,LEDESMA ALAN
per_78a7b0257d93a62b2625,per_18289c9d28b0e8297952,100,LEDESMA EVELINA MATILDE,LEDESMA EVELINA MATILDE
per_727d96436b1d2f2fffce,per_b77af86dd508f8681fc5,100,LEDESMA MARCOS,LEDESMA MARCOS
per_727d96436b1d2f2fffce,per_f685076bfc6231b8607e,100,LEDESMA MARCOS,LEDESMA ZORRAQUIN MARCOS MARIA
per_b77af86dd508f8681fc5,per_f685076bfc6231b8607e,100,LEDESMA MARCOS,LEDESMA ZORRAQUIN MARCOS MARIA
per_727d96436b1d2f2fffce,per_6336d7c38fd373f49b81,100,LEDESMA MARCOS,XIE ZHICHENG LEDESMA ZORRAQUIN MARCOS MARIA
per_b77af86dd508f8681fc5,per_6336d7c38fd373f49b81,100,LEDESMA MARCOS,XIE ZHICHENG LEDESMA ZORRAQUIN MARCOS MARIA
per_420ab06fa092e2e417c0,per_3faa5653d37d035c5ee0,100,LEDESMA PABLO ARMANDO,LEDESMA PABLO ARMANDO
per_36f2648f15880598d234,per_83bdcf1e872e100754e8,100,LEDESMA SERGIO SIRI MARIA FLORENCIA,SIRI FLORENCIA
per_36f2648f15880598d234,per_4a7a26ee0f84471f12df,100,LEDESMA SERGIO SIRI MARIA FLORENCIA,SIRI MARIA FLORENCIA
per_36f2648f15880598d234,per_10e6d554eb00e6ba546c,100,LEDESMA SERGIO SIRI MARIA FLORENCIA,SIRI MARIA FLORENCIA
per_f685076bfc6231b8607e,per_6336d7c38fd373f49b81,100,LEDESMA ZORRAQUIN MARCOS MARIA,XIE ZHICHENG LEDESMA ZORRAQUIN MARCOS MARIA
per_32796703bb22080cb441,per_247cb51a67c81dcdbfb5,100,LEGUIZAMO ESTEBAN,LEGUIZAMO ESTEBAN
per_e66d0b8b8163cb713f94,per_bba2de531385d891bd47,100,LEGUIZAMON FRANCISCO LAUTARO MARCO MARIA VICTORIA FARINA MAXIMILIANO,MARCO MARIA
per_a3c0819370117520b1dc,per_b138a5a7a9262b7571c7,100,LEGUIZAMON JAVIER,LEGUIZAMON JAVIER
per_591334c8ed54ed16a575,per_910db599409cf44525dc,100,LEGUIZAMON MARCELA,LEGUIZAMON MARCELA
per_1b87a09907ac9ee1b038,per_5ab274111a6a78adca93,100,LEILA MEDINA,LEILA MEDINA
per_6d33cfd4c7c1b3830fa3,per_ca273336f138895f27ad,100,LEIVA MARIANO,LEIVA MARIANO
per_7367f3c6f9caecf38102,per_985dc3d5fa4b5e3f3239,100,LEIVA NOSTAS JORGE,LEIVA NOSTAS JORGE
per_76f580476be24ec9d2b5,per_482bc8c2dd5aa2d88d09,100,LEMBO YANINA NANO,LEMBO YANINA NANO
per_25249d4f9066bd800def,per_8cf3239e904ca259b0e6,100,LEMME RAQUEL,LEMME RAQUEL
per_8ea4644be4ea57178f14,per_4b37cac0235b256b91d1,100,LENA FRANCO,LENA FRANCO
per_eacae56d029adc507e27,per_3daf176236fac1718408,100,LENCINA LORENA SANTIUSTE LEONARDO,SANTIUSTE LEONARDO
per_eacae56d029adc507e27,per_21e2c30a6464bdebbcd8,100,LENCINA LORENA SANTIUSTE LEONARDO,SANTIUSTE LEONARDO
per_8b55a9601a28fd60e7d7,per_bfcd93c6804fc88ada52,100,LENCINAS JONATHAN,LENCINAS JONATHAN
per_dee9d3f035644bc3dc8a,per_9adb73c9164258ab2b0a,100,LEON MAXIMO,PEREZ LEON BARRETO MAXIMO
per_dee9d3f035644bc3dc8a,per_aee8c254c7382cbae2e5,100,LEON MAXIMO,PEREZ LEON BARRETO MAXIMO
per_dee9d3f035644bc3dc8a,per_55b732bce50104423d7f,100,LEON MAXIMO,PEREZ LEON MAXIMO
per_e17f36cc67883abc0d8f,per_f3b793edc8410ab56b33,100,LEONE NESTOR GABRIEL,LEONE NESTOR GABRIEL
per_a5a5e93b5810bc781df1,per_45e10795d9e0cabf5586,100,LEPERA MARTIN DOMINGO,LEPERA MARTIN DOMINGO
per_6417f69268918822e84a,per_ee7c2d0f955717d073f9,100,LEPERE JOSE,LEPERE JOSE
per_be0e636ae43cbbcce25b,per_9017a1e6aba719f20d8d,100,LEPORI JORGE EDUARDO,LEPORI JORGE EDUARDO
per_5899e05eec49e0211ea8,per_18ea349e18d328acc132,100,LERIN OSVALDO,LERIN OSVALDO
per_a1aad53a3c7c013a9ee5,per_c570f60ba48764283385,100,LERMAN ADRIAN,LERMAN ADRIAN
per_95a774c8fb25d319cd86,per_eac407cd40bc83a82713,100,LERNER ANDRES MARTIN,LERNER ANDRES MARTIN
per_1e6789048488d8138e2d,per_4c1ee81239cbb2ca1394,100,LERNER ROJAS JACOBO TOMAS,ROJAS TOMAS
per_e3cf480285fe2ead6131,per_f2765353c1ca4b4b031c,100,LESSA POBLETE PATRICIO,LESSA POBLETE PATRICIO
per_ee9f03b61f6616127fbf,per_5f0fcb6af16bf516b711,100,LETT JULIETA VICTORIA,LETT JULIETA VICTORIA
per_a7ace883fb5a0e352b48,per_344a427ec600de370099,100,LEVAGGI MARCIA,LEVAGGI MARCIA
per_c8895554ef3e044d007a,per_6aadd2b564ad356c0a10,100,LEVERONI CLAUDIO,LEVERONI CLAUDIO
per_7ab684ce321992c2061b,per_344e277651ff40b7fb58,100,LEVIN MARTIN,LEVIN MARTIN
per_7394796f52e5fab13ad1,per_c288b9d8e8c448350554,100,LEVRINO FEDERICO,LEVRINO FEDERICO
per_4e84b078ba148a67d540,per_db88011b2468f2042065,100,LEW LEANDROL,LEW LEANDROL
per_c19fd4de6dc0c246a926,per_119916ead915e552717c,100,LEY VITOR HUGO,LEY VITOR HUGO
per_5625f85ba35de539a14c,per_89be3e8c3449c7804bb0,100,LEZCANO GLADYS,LEZCANO GLADYS
per_5625f85ba35de539a14c,per_927cd84599d707d6ae5b,100,LEZCANO GLADYS,LEZCANO M GLADYS
per_89be3e8c3449c7804bb0,per_927cd84599d707d6ae5b,100,LEZCANO GLADYS,LEZCANO M GLADYS
per_7dcbea2c68b4b21ff181,per_53e0d17021b43d13ca7a,100,LEZCANO GLADYS MARIA,LEZCANO MARIA
per_ad4eee539217b29836b7,per_71349c34b29541a96134,100,LICENBLAT FABIO,LICENBLAT FABIO
per_5001c7c891057e1bfe09,per_d50f7e22e6daf9b689be,100,LICHT MIGUEL,LICHT MIGUEL
per_9e7b4dbce46389f266fe,per_f1154a269b1c5abe1e3c,100,LIENDO HORACIO,LIENDO HORACIO
per_02f3d54f35941e8f61c1,per_85d30523d1ec8be3be31,100,LIENDO INES TRABUCCO FERNANDO,TRABUCCO FERNANDO
per_9a729b2006c265b51b7d,per_b5e91f9598c691490e3a,100,LIMA FRANCO,LIMA FRANCO
per_a047890d66319677635f,per_3169126255b38b4821e3,100,LIMODIO JUAN PABLO,LIMODIO PABLO
per_a047890d66319677635f,per_554b582b0a1e992dfda0,100,LIMODIO JUAN PABLO,LIMODIO PABLO
per_3169126255b38b4821e3,per_554b582b0a1e992dfda0,100,LIMODIO PABLO,LIMODIO PABLO
per_82819bfc28de4990f9d1,per_4dce24c287296681ac98,100,LINGERI JOSE LUIS,LINGERI JOSE LUIS
per_138e5ba20da8a9ad90b8,per_acd418f7b1dccbef1841,100,LIOTTI JORGE,LIOTTI JORGE
per_3b40d3bfde151390a75a,per_00ee64fb91dab04d4d6d,100,LIPER MARIO,LIPER MARIO MAYANS MARIA
per_3b40d3bfde151390a75a,per_500fb81f4c27fcb40f34,100,LIPER MARIO,LIPER QUIJANO MARIO
per_3b40d3bfde151390a75a,per_4a8cd651bc2a704e47a0,100,LIPER MARIO,LIPER QUIJANO MARIO
per_500fb81f4c27fcb40f34,per_4a8cd651bc2a704e47a0,100,LIPER QUIJANO MARIO,LIPER QUIJANO MARIO
per_08dd8fecbd554ff65911,per_1d1e0f4895bb694cd2b8,100,LITTA TOMAS,LITTA TOMAS
per_63fcd06939749222cd3b,per_225225f8c08c26d1c8cf,100,LITWAK MARTIN ALEXIS,LITWAK MARTIN ALEXIS
per_358468c5d0eb78f50993,per_1ecaa70684a0e9eef5b4,100,LIU MIAO,LIU MIAO
per_5cd0f0b38a9bfa431da4,per_56b08b21484d2859002c,100,LIUZZO DAVID SEBASTIAN,LIUZZO DAVID SEBASTIAN
per_0a0285c10bd6d0403b25,per_14a7779e3e702f87f5ec,100,LLACH LUCAS,LLACH LUCAS
per_91c0b4df58e1a660d4de,per_16157bb99334cfae35a1,100,LLANO MERCEDES MARIA,LLANO MERCEDES MARIA
per_91c0b4df58e1a660d4de,per_f15805b9941b2b50394d,100,LLANO MERCEDES MARIA,MERCEDES MARIA
per_c66ed8296ea4769fe1fd,per_e2a99724356a5acb3216,100,LLAPUR MARIA BETTINA,LLAPUR MARIA BETTINA
per_5b528dd707219919f39d,per_91719cf9e5c0796dd5d8,100,LLARYORA MARTIN,LLARYORA MARTIN
per_65877b6a21e215b6e270,per_1cfd864d0ed6fc3ab91f,100,LLORENS ROCHA GABRIEL,LLORENS ROCHA GABRIEL
per_673059cf5f9b080d3d44,per_0b95ddfd6d421b123843,100,LOBO SOFIA,LOBO SOFIA
per_c039ba897ed250579080,per_0ad70b10189d23511907,100,LOBOS ANDRES RUBEN,LOBOS ANDRES RUBEN
per_085d28f59d1d5b4fe430,per_49562d4be5b365d8db31,100,LOCCISANO CECILIA,LOCCISANO MARIA CECILIA
per_57d8b8236d6d51520a47,per_fee3d9367890a419656a,100,LOCCISANO CECILIA MARIA,LOCCISANO CECILIA MARIA
per_8f8b77046abca890bd40,per_24840a4ff858aa55ecb6,100,LOGALDO LUCAS,LOGALDO LUCAS
per_4751ffb04f25d41cbb56,per_79a3f8f72e04de43890c,100,LOMBARDI GUIDO,LOMBARDI GUIDO
per_2a2a7e757342ac8d2899,per_0f982c20e306a07d7078,100,LOMBARDI HERNAN,LOMBARDI HERNAN
per_0b34ad562a50185e6afc,per_839fe962bf64de893212,100,LOMBARDI LUCIANO,LOMBARDI LUCIANO
per_cbe51b15e8b57fe89a3b,per_f9b002c3944a05e3b48a,100,LOMBARDO FABIAN,LOMBARDO FABIAN
per_cbe51b15e8b57fe89a3b,per_dfcac4ecb53a53cc56c7,100,LOMBARDO FABIAN,LOMBARDO NORBERTO FABIAN
per_cbe51b15e8b57fe89a3b,per_7b25bb613575d6426cfc,100,LOMBARDO FABIAN,LOMBARDO NORBERTO FABIAN
per_f9b002c3944a05e3b48a,per_dfcac4ecb53a53cc56c7,100,LOMBARDO FABIAN,LOMBARDO NORBERTO FABIAN
per_dfcac4ecb53a53cc56c7,per_7b25bb613575d6426cfc,100,LOMBARDO NORBERTO FABIAN,LOMBARDO NORBERTO FABIAN
per_086e260b431856ad00a2,per_a93c45b05d23455d9678,100,LONGO JOHANA,LONGO JOHANA
per_0434fc726b32ee4435db,per_b2ab4ab3c86cafe45b9e,100,LOPEZ AGUILERA ILICH DANIEL,LOPEZ DANIEL
per_2139614e39f7a6068da6,per_7bcfad4d9b24318bb3c4,100,LOPEZ ALBERTO,LOPEZ ALBERTO
per_2139614e39f7a6068da6,per_52d166ce9d570b8e69a1,100,LOPEZ ALBERTO,LOPEZ CAMINO ALBERTO
per_7bcfad4d9b24318bb3c4,per_52d166ce9d570b8e69a1,100,LOPEZ ALBERTO,LOPEZ CAMINO ALBERTO
per_9e1f908119618659a3ec,per_e545d7a4ad94017f1a66,100,LOPEZ ALEJANDRO,LOPEZ NICOLAS ALEJANDRO
per_9e1f908119618659a3ec,per_36dd9c7975e42785e889,100,LOPEZ ALEJANDRO,QUIROGA LOPEZ ALEJANDRO
per_1a0ea17cf1b783110af4,per_a8c332edc64181426621,100,LOPEZ ARRIAZU MARCOS,LOPEZ ARRIAZU MARCOS
per_1a0ea17cf1b783110af4,per_7b4711d2ebd24201e388,100,LOPEZ ARRIAZU MARCOS,LOPEZ MARCOS
per_a8c332edc64181426621,per_7b4711d2ebd24201e388,100,LOPEZ ARRIAZU MARCOS,LOPEZ MARCOS
per_31a16c380df1ff96e7fd,per_263291d1888aac491d50,100,LOPEZ BISCAYART JAVIER,LOPEZ JAVIER
per_be4f91de5c347eb97b97,per_b042fb720e4cc2033fcc,100,LOPEZ CASANEGRA RICARDO,LOPEZ RICARDO
per_d429cca1ff77e8d36bec,per_92391270451bd3e3c149,100,LOPEZ CAZORLA JUAN,LOPEZ JUAN
per_b2ab4ab3c86cafe45b9e,per_5606cf3ce0488c44c5d0,100,LOPEZ DANIEL,LOPEZ FACUNDO DANIEL
per_b2ab4ab3c86cafe45b9e,per_8a1e8a0afcb5184755d8,100,LOPEZ DANIEL,LOPEZ SALVATIERRA DANIEL
per_b2ab4ab3c86cafe45b9e,per_5ad0108071439cf9f937,100,LOPEZ DANIEL,LOPEZ SPARTA DANIEL
per_0cbb93a476dee56cb363,per_ca98ba285ad4dc051d6e,100,LOPEZ DANIELA,LOPEZ NAIDA DANIELA
per_a02ca4abfc6d901ec55d,per_d1a125418189ef80859d,100,LOPEZ EDUARDO,LOPEZ PABLO EDUARDO
per_c7d832a12b1da56ff7dd,per_24c7eb3927d9fd739064,100,LOPEZ EZEQUIAS FEDERICO,LOPEZ FEDERICO
per_659ab3391a491dfbbc4a,per_6d894bd598d9c20d4245,100,LOPEZ FACUNDO,LOPEZ SARTORI FACUNDO
per_659ab3391a491dfbbc4a,per_a35039d9280e6d36e6c9,100,LOPEZ FACUNDO,LOPEZ SARTORI FACUNDO
per_c3091e27a1228d313698,per_fdf5da50034d6621a585,100,LOPEZ FERNANDO,LOPEZ GUERRA LARREA FERNANDO
per_c8efba51b92bc8de8822,per_2fd75f3e990a165494a3,100,LOPEZ FORASTIER CAROLINA,LOPEZ FORASTIER CAROLINA
per_55c4cec49ed216617d8b,per_263291d1888aac491d50,100,LOPEZ FRANCO JAVIER,LOPEZ JAVIER
per_294caa6ee7e8fa3c06a4,per_a0c249a7fc70dfebbe00,100,LOPEZ GONZALO,LOPEZ GONZALO
per_294caa6ee7e8fa3c06a4,per_dcec5154f0a68bb6c0a3,100,LOPEZ GONZALO,LOPEZ GONZALO
per_98c310153520113ad018,per_6159f390ab8db2bda343,100,LOPEZ IRALA CLARA LILIANA,LOPEZ IRALA CLARA LILIANA
per_54cdd8b04acabd036c76,per_1ca558f310534d2631cb,100,LOPEZ IRALA CLARA LILIANA ZARATE ARIEL,ZARATE ARIEL
per_54cdd8b04acabd036c76,per_8fcf172fcb5fa52bc229,100,LOPEZ IRALA CLARA LILIANA ZARATE ARIEL,ZARATE ARIEL
per_263291d1888aac491d50,per_c988eb64223a501dafe1,100,LOPEZ JAVIER,LOPEZ MADRID JAVIER
per_e320ac6d5b971ddaad6e,per_1e9dbef215aee6a34e93,100,LOPEZ JOSE,LOPEZ JUAN JOSE
per_e320ac6d5b971ddaad6e,per_77e27ec17914d2b1b9fa,100,LOPEZ JOSE,LOPEZ NIEVES MARIA JOSE
per_e320ac6d5b971ddaad6e,per_33cc63b31cf3e84af296,100,LOPEZ JOSE,LOPEZ VERGARA JUAN JOSE
per_4337ffa4ecb4f6ba0d1d,per_8b478cd4c9e79c49d848,100,LOPEZ JUAN DOMINGO,LOPEZ JUAN DOMINGO
per_1e9dbef215aee6a34e93,per_33cc63b31cf3e84af296,100,LOPEZ JUAN JOSE,LOPEZ VERGARA JUAN JOSE
per_1e9dbef215aee6a34e93,per_e2b86b51b37776e5f161,100,LOPEZ JUAN JOSE,LOPEZ VERGARA JUAN JOSE
per_3ebfecf8e55eb86d6d31,per_7b4711d2ebd24201e388,100,LOPEZ JUAN MARCOS,LOPEZ MARCOS
per_90bfda4c61dfacf1b175,per_935e8bebc41d4b9c299a,100,LOPEZ LAURA,LOPEZ VILLAFANE MARIA LAURA
per_19f00589b9cd87adaf2e,per_b8bf02133707b65267c0,100,LOPEZ LUCIANO,LOPEZ LUCIANO
per_0a0e0aab057325ed8044,per_fd21e702c122078acb4e,100,LOPEZ MARA BETINA,LOPEZ MARA BETINA
per_78a82910610f2e4e0a4a,per_46f1da54878f24e2d683,100,LOPEZ MARCELO SEBASTIAN,LOPEZ SEBASTIAN
per_78a82910610f2e4e0a4a,per_6921783ce7bd48912114,100,LOPEZ MARCELO SEBASTIAN,LOPEZ SEBASTIAN
per_6d39bc46d1b5138d8d5e,per_6ced13328d89d15c6e16,100,LOPEZ MARIA GUADALUPE,MUNOZ LOPEZ MARIA GUADALUPE
per_6d39bc46d1b5138d8d5e,per_7f9486d7e07b89acd552,100,LOPEZ MARIA GUADALUPE,MUNOZ LOPEZ MARIA GUADALUPE
per_0b8d72c12fbcdc8d1d9a,per_b65e3445983d6835d2eb,100,LOPEZ MARTIN,LOPEZ OSCAR MARTIN
per_b177a49d110d40ac33f2,per_d1670f48402c4628c151,100,LOPEZ MATIAS DAMIAN,LOPEZ MATIAS DAMIAN
per_4c3d6469977f50853dff,per_557e090a4518e227bc76,100,LOPEZ MENA JUAN CARLOS,LOPEZ MENA JUAN CARLOS
per_0e7a3203fd94467bf6e6,per_b042fb720e4cc2033fcc,100,LOPEZ MURPHY RICARDO,LOPEZ RICARDO
per_0d741bdbeea7ccd0a17f,per_51af8e6c6445515eca2e,100,LOPEZ OSVALDO,PETTOVELLO SANDRA LOPEZ MERENDEZ OSVALDO
per_734d413fc05effd55d47,per_42167a47515e35d7036f,100,LOPEZ PABLO,LOPEZ PABLO
per_42167a47515e35d7036f,per_8db9c0de52fa95a4d75e,100,LOPEZ PABLO,LOPEZ PABLO
per_53a12c6a86d3837226e0,per_3d236a54776ed76dad44,100,LOPEZ POLETTI FATIMA,MANTEGAZZA EUGENIA BEJARANO CARLA REBECA LOPEZ POLETTI FATIMA
per_876dc7d17d94a2401a16,per_c458ae0cd7b1f3f18e44,100,LOPEZ PROVERA,LOPEZ PROVERA
per_8fbdea7d7d75aacea449,per_f96c7a78b2c4ce8efc7b,100,LOPEZ RODRIGUEZ DANTE,LOPEZ RODRIGUEZ DANTE
per_8a1e8a0afcb5184755d8,per_0f9b64ab1ae6550a1d7a,100,LOPEZ SALVATIERRA DANIEL,LOPEZ SALVATIERRA DANIEL
per_6d894bd598d9c20d4245,per_a35039d9280e6d36e6c9,100,LOPEZ SARTORI FACUNDO,LOPEZ SARTORI FACUNDO
per_a35039d9280e6d36e6c9,per_258d72f5e48e5754c101,100,LOPEZ SARTORI FACUNDO,SARTORI FACUNDO
per_46f1da54878f24e2d683,per_6921783ce7bd48912114,100,LOPEZ SEBASTIAN,LOPEZ SEBASTIAN
per_e09c8fc4c6b34b593da1,per_b44a8894a59baa4fba45,100,LOPEZ SOFIA,LOPEZ TABERA SOFIA
per_4b0b5dd848af939c0040,per_5ad0108071439cf9f937,100,LOPEZ SPARTA DANIEL,LOPEZ SPARTA DANIEL
per_33cc63b31cf3e84af296,per_e2b86b51b37776e5f161,100,LOPEZ VERGARA JUAN JOSE,LOPEZ VERGARA JUAN JOSE
per_37666e0b6d262712f266,per_e489084b24f270f5e017,100,LOPEZ WALTER LUCANO LORENA ANDREA,LUCANO LORENA ANDREA
per_37666e0b6d262712f266,per_ca1e11a381ed4971c264,100,LOPEZ WALTER LUCANO LORENA ANDREA,LUCANO LORENA ANDREA
per_83da5fb0bb45dd3d5016,per_b20e7f5b98961b801986,100,LOPEZ YAPUR YAMILE,LOPEZ YAPUR YAMILE
per_d840c9ea60f281b809e5,per_a17ca4639ea0f1144c92,100,LOPRETE MARIANO,LOPRETE MARIANO
per_41b98eb8933694e201cf,per_c3b9be9151790c6432e5,100,LORELLI AGOSTINA,LORELLI AGOSTINA
per_670009be762d6ee10197,per_c370011ff2cc9e5371d1,100,LORENZO CRISTINA,LORENZO CRISTINA
per_20799479000a6e6a2386,per_e6b8902603afd5a0626c,100,LOSADA CAROLINA,LOSADA CAROLINA
per_df67f37a040b3162ae75,per_037350e1c4a47df82582,100,LOSADA GEORGINA,LOSADA GEORGINA
per_908a40c2cb3a2c46fd8d,per_035cdd22a1d8843b1101,100,LOSPENNATO SILVIA GABRIELA,LOSPENNATO SILVIA GABRIELA
per_e908de0519077face2a8,per_35e37a1a6fcaead5a8a1,100,LOUIS HUGO SERVENTI MARIA ALEJANDRA,SERVENTI ALEJANDRA
per_e908de0519077face2a8,per_46f5607302db3fdf1c2b,100,LOUIS HUGO SERVENTI MARIA ALEJANDRA,SERVENTI MARIA ALEJANDRA
per_e908de0519077face2a8,per_48700c9158ef78e5e3fe,100,LOUIS HUGO SERVENTI MARIA ALEJANDRA,SERVENTI MARIA ALEJANDRA
per_e908de0519077face2a8,per_49adc6fc6e84543f092e,100,LOUIS HUGO SERVENTI MARIA ALEJANDRA,SERVENTI MARIA ALEJANDRA
per_9755d53166e5f6b9411f,per_80cf807460ecae528aca,100,LOURENZO VICENTE,LOURENZO VICENTE
per_14d719b0d308f82f1818,per_f6b8db080b3cd42adfc3,100,LOVERA RENZO OCAMPO NOELIA,OCAMPO NOELIA
per_14d719b0d308f82f1818,per_ecfd5eb227b0a85e7bec,100,LOVERA RENZO OCAMPO NOELIA,OCAMPO NOELIA
per_e8d18d52a190f4887b6c,per_5bdefc2a944e66eeb4b1,100,LOZA GASTON,LOZA GASTON
per_e8d18d52a190f4887b6c,per_5da961294f71026c5dc8,100,LOZA GASTON,LOZA GASTONLOZA GASTON
per_5bdefc2a944e66eeb4b1,per_5da961294f71026c5dc8,100,LOZA GASTON,LOZA GASTONLOZA GASTON
per_ce9e8a9296c10a1d99a6,per_92b9b82cd72e6eedd9a9,100,LOZANO BAUDAN FEDERICO,LOZANO BAUDAN FEDERICO
per_e489084b24f270f5e017,per_ca1e11a381ed4971c264,100,LUCANO LORENA ANDREA,LUCANO LORENA ANDREA
per_2f6b0b34c0daa576fdd9,per_04e90f71af9bdf674c4e,100,LUCCA CECILIA,LUCCA CECILIA
per_cafb82c00a14f59304f3,per_6fcae8c0aa56917a5e04,100,LUCENTINI FABRIZIO,LUCENTINI FABRIZIO
per_d23adff2b62ea5b01543,per_52dfdbc431edba771f72,100,LUCERO LUIS ENRIQUE,LUCERO LUIS ENRIQUE
per_95d4a0dc58848ecd055f,per_33b2d332a12901cd50bb,100,LUCHIA PUIG CECILIA SUSANA,LUCHIA PUIG CECILIA SUSANA
per_597525532093489ad8a8,per_ec3fc457f60eb8b7623d,100,LUCIANA KEHOEL,LUCIANA KEHOEL
per_34a27656ad6ff4e1a85d,per_48f5150f9ef839712c7d,100,LUDUENA HORACIO GUSTAVO,LUDUENA HORACIO GUSTAVO
per_7151ccd1c2c62747f83d,per_dfc2879a9167ee1e1b6c,100,LUGONES MARIO,LUGONES MARIO
per_7151ccd1c2c62747f83d,per_6637dfcfa2dfa7033478,100,LUGONES MARIO,LUGONES MARIO IVAN DIEGO MORETUI CUNEO LIBARONA MARIANO
per_dfc2879a9167ee1e1b6c,per_6637dfcfa2dfa7033478,100,LUGONES MARIO,LUGONES MARIO IVAN DIEGO MORETUI CUNEO LIBARONA MARIANO
per_d63ac398894a714ca9f2,per_3a8eaab65ef4919bbf1d,100,LUGONES RODRIGO,LUGONES RODRIGO
per_c5da9e48c431f4df5296,per_3a8eaab65ef4919bbf1d,100,LUGONES RODRIGO,LUGONES RODRIGO
per_7219fc0b79ee79e21b26,per_e341664328f8ebb21eca,100,LUIS JUAN CARLOS,LUIS JUAN CARLOS
per_ba4c67d2244accf92e0f,per_54dc0a57f4bdc3918916,100,LUIS JUEZ PERINI DAINANA,PERINI DAINANA
per_ba4c67d2244accf92e0f,per_22640aefaeabe997a637,100,LUIS JUEZ PERINI DAINANA,PERINI DAINANA
per_e43f0f11503788e5a844,per_e2bff74b97fc81b935ab,100,LUIS SANABRIA,LUIS SANABRIA
per_ac0057cafd6ce03cfdaa,per_faced67837d2c420f8b1,100,LUIS SERGIO,LUIS SERGIO SEBASTIAN
per_0598b857060430a022e4,per_635ade8f5276ac94dd2a,100,LUNA ADRIAN,LUNA ADRIAN
per_96f4afe0d777f31ca9f2,per_749292175d54efb182cb,100,LUNA LUCAS,LUNA MALDONADO LUCAS
per_749292175d54efb182cb,per_2e3f8d8a9f4eaecb6f76,100,LUNA MALDONADO LUCAS,MALDONADO LUCAS
per_3837b582027faaa00014,per_c2370f74edcdf8f29341,100,LUNA MARCELO,LUNA MARCELO
per_4f9accacc66047d3d025,per_46593f6963b4e74276a2,100,LUNA MAXIMILIANO CARLOS,RUCKAUF CARLOS LUNA MAXIMILIANO CARLOS
per_51fc27b7ca9650a2e3b2,per_fe8df24d231bc0966ea9,100,LUNGHI MIGUEL ANGEL,MIGUEL ANGEL
per_bfe4999b2783913e45bf,per_e5b6b5c12652a635531f,100,LUPI IGNACIO,LUPI IGNACIO
per_2cd7559ae9d68197bf57,per_156b11041925bfcfae48,100,LUPIA MABEL,LUPIA MABEL
per_2dc67a43edf87dee2a49,per_26bdddafde816acdae2d,100,LUPO SUSANA,LUPO SUSANA
per_3fa8532a12691822bef3,per_30e7051fbdf40cd684c6,100,LUPPO LUCIANA MICAELA,LUPPO LUCIANA MICAELA
per_464fca06fc04e4358647,per_312dace4063d571b34f2,100,LUPPO LUCIANA MICAELA LABORDA GUILLERMO YAPURA SEBASTIAN,YAPURA SEBASTIAN
per_464fca06fc04e4358647,per_0aebd527318d58cfc8d4,100,LUPPO LUCIANA MICAELA LABORDA GUILLERMO YAPURA SEBASTIAN,YAPURA SEBASTIAN
per_e5c80e64c3ededa948c3,per_b564b05e28347e57b9d3,100,LUQUE MARINO FERNANDO,MARINO FERNANDO
per_29bb34e3fdfce99f80aa,per_0d9cd5aae90383d3671c,100,LUQUE NESTOR MARIA ELENA MAZZANTINI,MARIA ELENA MAZZANTINI
per_ee256690c307799ff689,per_ff5a379282b22d839c79,100,LURAGHI IGNACIO,LURAGHI IGNACIO
per_045e943df7cb9ac373ed,per_5648f4266a971079cab4,100,LURASCHI GUSTAVO,LURASCHI GUSTAVO
per_5ce772e2cf36010661cd,per_f3e36a9d6443d38d3dab,100,LYNCH RODRIGO,LYNCH RODRIGO
per_b52176b9141c2c50d5fa,per_eaff50c926592d37c03f,100,MACANA DIEGO,MACANA ROA DIEGO
per_96cc368f89400a0ea728,per_281539391a7238b61551,100,MACARIO MARIA ELSA,MACARIO MARIA ELSA
per_61a76767b09d63a1157a,per_d948874bd6fd2080bd17,100,MACCARIBE MARTIN NICOLAS,MARTIN NICOLAS
per_bfa67b32c9fecafcad4b,per_d948874bd6fd2080bd17,100,MACCARONE MARTIN NICOLAS,MARTIN NICOLAS
per_022c32d1e71f15bb7dae,per_ab81cb059e0432257f10,100,MACCHI CARLOS FABIAN,MACCHI CARLOS FABIAN
per_cd0c220763a44ea967af,per_ef869e01330bbaceee4b,100,MACCHI FRANCO,MACCHI FRANCO
per_3a81fd2e6ca963a7b0ac,per_d6aceca7822c87236975,100,MACCHI MARIA,MACCHI MARIA
per_3aaad732b34dddc06b3d,per_b1aa25810b0f2d873d1f,100,MACCHI MARIA TARRAGONA GONZALO NAHUEL,TARRAGONA GONZALO NAHUEL
per_bf46f005fca131f97d0d,per_41c9475876bf6b3607ba,100,MACCHIAVELLI EDUARDO,MACCHIAVELLI EDUARDO
per_b1951d5320b241b74ab8,per_8544c2d642ecd508e306,100,MACIEL CACERES GONZALO,MACIEL GONZALO
per_873fa2fe1fc5d6688b7c,per_86f49dbc8c9d03b7c2db,100,MACIEL LIBRADA,MACIEL LIBRADA
per_19e8116b69e7bb64169c,per_5509a8790ae261904ad5,100,MACRI LIZA,MACRI LIZA
per_a053b2c324cb14dfcfc6,per_12812de43154ca619aa8,100,MADANES JAVIER,MADANES QUINTANILLA JAVIER
per_27a1088d77d917b4a822,per_264fe803dc7846ae4dcb,100,MADEO ALEJANDRO GABRIEL,MADEO ALEJANDRO GABRIEL
per_f03583892ff3a0a306bd,per_228499e0d13aa14fcddc,100,MADEO NORMA,MADEO NORMA
per_c7d0ee7bf1ce65c712b5,per_b58b033ea271793d2f82,100,MADERNA JUAN JOSE,MADERNA JUAN JOSE
per_c32ccfb764881c53946e,per_024cf1c2fce3c534684d,100,MAESTU MARTIN,MAESTU MARTIN
per_ebf83cc1f8437584d0d1,per_fd8e4786010f5097d1ac,100,MAFFIA DIEGO,MAFFIA DIEGO
per_e4a2903b9fc3f0ef8027,per_b013eecd0fc999a50af2,100,MAGGI PABLO FERNANDO,MAGGI PABLO FERNANDO
per_29941aaaff535acbed3c,per_0f24883a0bcfde4fb060,100,MAGLIER JUAN PABLO,MAGLIER JUAN PABLO
per_d0271fcb0577765b57bc,per_b46fde6e38d3496e3a9a,100,MAGNAGHI CLAUDIA VERONICA,MAGNAGHI CLAUDIA VERONICA
per_475249e58db8e0134f6b,per_c1cb6c6f07a0c6ce4b67,100,MAGNANINI RAFAEL,MAGNANINI RAFAEL
per_15e266e2397be6f3e062,per_4cf55d1bad0ad28cf1b7,100,MAIA VIVAS,MAIA VIVAS
per_4ee844cd482dc4754fdc,per_a0476038d0af7cb11a92,100,MAIDANA ANTONIO DANIEL,MAIDANA ANTONIO DANIEL
per_4ee844cd482dc4754fdc,per_25a3cc8527378079da65,100,MAIDANA ANTONIO DANIEL,MAIDANA DANIEL
per_a0476038d0af7cb11a92,per_25a3cc8527378079da65,100,MAIDANA ANTONIO DANIEL,MAIDANA DANIEL
per_98be6b495193e03e6d73,per_a0b7e4fbf6a9222bd17c,100,MAIDANA CARLOS LEONARDO,MAIDANA CARLOS LEONARDO
per_ebb8a99e0b51b09e6c31,per_657afa0af031b3320cce,100,MAIDANA CARLOS LEONARDO RAGGIATI CAROLINA,MAIDANA CAROLINA
per_ebb8a99e0b51b09e6c31,per_804298d113f929b75e81,100,MAIDANA CARLOS LEONARDO RAGGIATI CAROLINA,RAGGIATI CAROLINA
per_ebb8a99e0b51b09e6c31,per_9cdba526323718add312,100,MAIDANA CARLOS LEONARDO RAGGIATI CAROLINA,RAGGIATI CAROLINA
per_bdbf8518c052463b8e85,per_7373fee2906b18ce6c4b,100,MAIDANA FLORENCIA NOEMI,MAIDANA FLORENCIA NOEMI
per_faa0a6e6476c74bdbb56,per_e5496b1b05e9a6c40d5c,100,MAISLIN LAUTARO,MAISLIN LAUTARO
per_2e1043d9d4431070620a,per_d1e678d80581c62d2285,100,MAISLIN WENCESLAO,MAISLIN WENCESLAO
per_a94374dc1d0e0189b052,per_d95e04749e60a3f3a0a5,100,MAJUL LUIS,MAJUL LUIS
per_64dcc9d84a4a8e19ad6c,per_f76931aeb255d3329a59,100,MALBRAN HORACIO JAVIER,MALBRAN HORACIO JAVIER
per_5e275b63cbfd1636759c,per_1feaf02e94560ce921f5,100,MALDONADO,MALDONADO MAGALI
per_5e275b63cbfd1636759c,per_12d423c2332df9842c32,100,MALDONADO,MALDONADO MARCELA
per_5e275b63cbfd1636759c,per_1e9ce8d0e0f8e12a5880,100,MALDONADO,MALDONADO MARIANO
per_5e275b63cbfd1636759c,per_490865157e156ebb10a1,100,MALDONADO,MALDONADO NANCY MABEL
per_0b069b56c999985e47f3,per_1e9ce8d0e0f8e12a5880,100,MALDONADO MARIANO,MALDONADO MARIANO
per_cbfd0e38aa627afeecc2,per_e0c4b2b6580b189e7ae1,100,MALDONADO NANCY,MALDONADO NANCY
per_0af563f862eff061dd6e,per_a16c36bb6d1a81c5793b,100,MALIER FRANCO AGUSTIN,MALIER FRANCO AGUSTIN
per_c9a8f510cb2519f76be6,per_1c694da69a21b5721af5,100,MALINOWSKI FERNANDO JOSE,MALINOWSKI FERNANDO JOSE
per_715587f93c68d413a4ea,per_ae007b0d54b92f2bead8,100,MALINOWSKI ROBERTO ANTONIO,MALINOWSKI ROBERTO ANTONIO
per_81c8956088ee35ffeb38,per_db2ac2549408fca44ef0,100,MALLEA EDUARDO,MALLEA EDUARDO
per_d832079da4319c6fe9e6,per_82515819750cae716a26,100,MALTANA ANTONIO,MALTANA ANTONIO
per_ce94b1d3e6fa1f0db23a,per_dfdffa4809e879fed1a9,100,MAMIANETTI ARIEL NICOLAS,MAMIANETTI ARIEL NICOLAS
per_2b856bf8d89a12753257,per_dfdbcdeeb77ed5768898,100,MANA MATIAS,MANA MATIAS
per_c9653ec69910b9e1a848,per_178224c31b84dc94136e,100,MANCINI AYALA,MANCINI AYALA
per_993048e24ca841322947,per_cfb53096fc94f11a2c9d,100,MANDARANO SILVEIRO,MANDARANO SILVEIRO
per_13cbcd8cf0724d235288,per_2e8703b226a8cb4e4f13,100,MANEIRO SOLEDAD,MANEIRO SOLEDAD
per_271bcdffce5dc30f3d37,per_6177533048c18f52d238,100,MANFRONI CARLOS,MANFRONI CARLOS
per_f71930ea610b67b7665b,per_dfd39c250ab1079ced3f,100,MANOTAS SANCHEZ ANDRES HUMBERTO,MANOTAS SANCHEZ ANDRES HUMBERTO
per_693dd56acf108fea4b98,per_ffd5aacff25eb878d284,100,MANRIQUE CARRERA ROCIO,MANRIQUE CARRERA ROCIO
per_4db9e569fe2c0a6f4d66,per_55f94daddbe84e054194,100,MANTEROLA ANGELICA,MANTEROLA ANGELICA
per_1f4c1b359d7d64babe85,per_7871b88628e5ce497e33,100,MANUEL JOVE,MANUEL JOVE
per_74fad602db719adcb942,per_366efdd24f439308454c,100,MANZUR RUBEN,MANZUR RUBEN
per_34ce21349cb37703b65a,per_a7fe7dc3c383495445e2,100,MAQUIEYRA MARTIN,MAQUIEYRA MARTIN
per_a4072d8307313694251f,per_742d08f7a953aff753c9,100,MARA GORINI,MARA GORINI
per_dac2ae27e0a1a4754a78,per_89cb4fa17071e6851ed8,100,MARC R STANLEY,MARC STANLEY
per_fbcf7fc325f59917d153,per_c734a5dd2ebc078458f8,100,MARCANTONIO DIEGO,MARCANTONIO DIEGO
per_ac47aa307290fff6b2c4,per_999fa00b0d1f7aec4cd3,100,MARCELO CACERES,MARCELO DANIEL CACERES
per_ac47aa307290fff6b2c4,per_f9101dbecb84a6d26577,100,MARCELO CACERES,SEMACHOWICZ ESTEBAN AGUDIEZ MARIA BELEN MARCELO DANIEL CACERES
per_999fa00b0d1f7aec4cd3,per_f9101dbecb84a6d26577,100,MARCELO DANIEL CACERES,SEMACHOWICZ ESTEBAN AGUDIEZ MARIA BELEN MARCELO DANIEL CACERES
per_3ff8448d30152b4c7c72,per_a56b97dfb0bfe58da20e,100,MARCHETTI SANTIAGO LORENZO MUNOZ LAURA PATRICIA,MUNOZ LAURA PATRICIA
per_3ff8448d30152b4c7c72,per_48711b08acc27c4144d6,100,MARCHETTI SANTIAGO LORENZO MUNOZ LAURA PATRICIA,MUNOZ LAURA PATRICIA
per_3f5e3cd78ce35ebf9df6,per_2226dbb6abd714fbbc61,100,MARCHETTO BRUNO,MARCHETTO BRUNO
per_98715cde4288ac161770,per_898f744215aa55b667de,100,MARCHIANO SERGIO ANDRES,MARCHIANO SERGIO ANDRES
per_65031ebbf9339be22f6a,per_4ca2bb65e9f4762b80b9,100,MARCO MARIA VICTORIA,MARCO MARIA VICTORIA
per_65031ebbf9339be22f6a,per_107b0b744183d932b120,100,MARCO MARIA VICTORIA,MARIA ELENA MAZZANTINI MARCO MARIA VICTORIA
per_4ca2bb65e9f4762b80b9,per_107b0b744183d932b120,100,MARCO MARIA VICTORIA,MARIA ELENA MAZZANTINI MARCO MARIA VICTORIA
per_65031ebbf9339be22f6a,per_ec39fe03a52035bf6ae1,100,MARCO MARIA VICTORIA,ROSSI MONICA GRACIELA MARCO MARIA VICTORIA
per_4ca2bb65e9f4762b80b9,per_ec39fe03a52035bf6ae1,100,MARCO MARIA VICTORIA,ROSSI MONICA GRACIELA MARCO MARIA VICTORIA
per_65031ebbf9339be22f6a,per_0a23d45291d093255242,100,MARCO MARIA VICTORIA,TENGUERIAN LEONARDO MARCO MARIA VICTORIA
per_4ca2bb65e9f4762b80b9,per_0a23d45291d093255242,100,MARCO MARIA VICTORIA,TENGUERIAN LEONARDO MARCO MARIA VICTORIA
per_374e2aa1c9a62d455856,per_21e691075fbfcd09a1fc,100,MARCONE AGUSTIN,MARCONE AGUSTIN
per_374e2aa1c9a62d455856,per_517956b99283d2b3d7e1,100,MARCONE AGUSTIN,MAYOL JUAN MARCONE AGUSTIN
per_21e691075fbfcd09a1fc,per_517956b99283d2b3d7e1,100,MARCONE AGUSTIN,MAYOL JUAN MARCONE AGUSTIN
per_f42312d25992c91f655f,per_9dc476015092635ecd3c,100,MARCONE JOSE,MARCONE JOSE
per_6d7e1985624d478a8dde,per_04f4c1765d9fa2b508cd,100,MARCOS MILASOVICH,MARCOS MILASOVICH
per_c6a6f9c89edc4e47b193,per_00cb3b8838571b52a33f,100,MARENSSI VICTORIA,MARENSSI VICTORIA
per_21cb2965ff602afee021,per_ea91bb65a791979c8506,100,MAREQUE GABRIELA BEATRIZ,MAREQUE GABRIELA BEATRIZ
per_6b72c4103a4e5f2f8539,per_8e5915798abd56eb815a,100,MARI ALBERTO,THMSEN MARI ALBERTO
per_a84814f19dafdec8eaad,per_aacd2b0da4cd7d868cd5,100,MARI ANA LAURA,MARI ANA LAURA
per_383981fb64b922f778e0,per_bd4a78bcab533a147715,100,MARI EUGENIO,MARI THOMSEN EUGENIO
per_37eaf6c19d4dfefcc352,per_24b9cb8784131e4a8179,100,MARIA ANTONIA MARTINEZ,MARTINEZ MARIA
per_00836a12bee0dab3fa77,per_af38c6a17de1b38e86a7,100,MARIA BELEN AZCOITI,MARIA BELEN AZCOITI
per_24e3de9b7c46585dafb4,per_24b9cb8784131e4a8179,100,MARIA DE JESUS MARTINEZ,MARTINEZ MARIA
per_9e7b9471b276c813c195,per_4aa3af69a43ae300e33a,100,MARIA DEL PILAR,ORTIZ VICTORIA MARIA DEL PILAR
per_9e7b9471b276c813c195,per_bb56331b322e4c13c202,100,MARIA DEL PILAR,ORTIZ VICTORIA MARIA DEL PILAR
per_9e7b9471b276c813c195,per_cb29eb9668d68f162e5e,100,MARIA DEL PILAR,OTERO MARIA DEL PILAR
per_9e7b9471b276c813c195,per_64a23961a554e9310ea8,100,MARIA DEL PILAR,PALERMO MARIA DEL PILAR
per_9e7b9471b276c813c195,per_eb28a9b661f58df654e6,100,MARIA DEL PILAR,RAMIRAZ MARIA DEL PILAR
per_9e7b9471b276c813c195,per_43bc25423b013997b03b,100,MARIA DEL PILAR,RAMIREZ MARIA DEL PILAR
per_9e7b9471b276c813c195,per_48b4a44be93000524fb0,100,MARIA DEL PILAR,RAMIREZ MARIA DEL PILAR
per_9e7b9471b276c813c195,per_96d1d4894bc9dd8c2766,100,MARIA DEL PILAR,ROSSI MARIA DEL PILAR
per_9e7b9471b276c813c195,per_af208722e58d47944558,100,MARIA DEL PILAR,TOLOZA MARIA DEL PILAR
per_0d9cd5aae90383d3671c,per_7bc724ce7d895d39dba9,100,MARIA ELENA MAZZANTINI,MARIA ELENA MAZZANTINI DUTRA MANUEL MASCI DIEGO MARIANO
per_2c5bdd2869f6910a989b,per_ebc523093308e899950d,100,MARIA ELENA MAZZANTINI CAPUTO SANTIAGO SOBEGEART LEONARDO,SOBEGEART LEONARDO
per_2c5bdd2869f6910a989b,per_075970437858acc1ac51,100,MARIA ELENA MAZZANTINI CAPUTO SANTIAGO SOBEGEART LEONARDO,SOBEGEART LEONARDO
per_7bc724ce7d895d39dba9,per_be5ac6ac653b5f225f4d,100,MARIA ELENA MAZZANTINI DUTRA MANUEL MASCI DIEGO MARIANO,MARIANO MARIA
per_7bc724ce7d895d39dba9,per_798e12e174e0525f3a75,100,MARIA ELENA MAZZANTINI DUTRA MANUEL MASCI DIEGO MARIANO,MASCI DIEGO MARIANO
per_7bc724ce7d895d39dba9,per_6d091a344777c8a6474c,100,MARIA ELENA MAZZANTINI DUTRA MANUEL MASCI DIEGO MARIANO,MASCI DIEGO MARIANO
per_c566d7ec27e3e9cb50b6,per_a56b97dfb0bfe58da20e,100,MARIA ELENA MAZZANTINI GORINI MARA MUNOZ LAURA PATRICIA,MUNOZ LAURA PATRICIA
per_c566d7ec27e3e9cb50b6,per_48711b08acc27c4144d6,100,MARIA ELENA MAZZANTINI GORINI MARA MUNOZ LAURA PATRICIA,MUNOZ LAURA PATRICIA
per_38b268ff5f05c052d5cc,per_ea943453d9f1b9538075,100,MARIA ELENA MAZZATINI,MAZZATINI MARIA
per_38b268ff5f05c052d5cc,per_e3a218cbff82660f27b9,100,MARIA ELENA MAZZATINI,MAZZATINI MARIA
per_c2771dd100b81bcc19d6,per_86bbad940467d9cfe556,100,MARIA ELINA KOZAMEH,MARIA ELINA KOZAMEH
per_7eed52948b6f3f8b7d7b,per_5d5ce1ce95fc598a4fdd,100,MARIA EVA,MENEM ZULEMA MARIA EVA
per_7eed52948b6f3f8b7d7b,per_1e0818646ceee279f332,100,MARIA EVA,PLUNKETT MARIA EVA
per_b35798f6a6553d9d4aaa,per_0ad6905aacaf0ce3e9ce,100,MARIA IRBARZABAL,MARIA IRBARZABAL
per_b7ebdbe6727686104058,per_24b9cb8784131e4a8179,100,MARIA LUCIA MARTINEZ,MARTINEZ MARIA
per_6d4259240e0c5fc7636d,per_f0b8c205d7cd4459bbbe,100,MARIANA CORREA,MARIANA CORREA
per_e48fd2ab2c489d652cef,per_31a0cddc775f30099abe,100,MARIANA NEDELCU,MARIANA NEDELCU
per_d006316b2f2afd2c179d,per_cc9c2f506c28a8cc8b6c,100,MARIANA TORILLA,MARIANA TORILLA
per_ebb3a0dbc3100beb3083,per_3c0162e5f5449a4a09d9,100,MARIANO CATTOROSSI,MARIANO CATTOROSSI
per_df6c0c3e9e29d16c52b4,per_87e56394e554ddb6c500,100,MARIEL DI LENARDA,MARIEL INES DI LENARDA
per_ad0ee9dbcb0f44ab5487,per_15c10062cba6646bb2f7,100,MARIN HORACIO,MARIN HORACIO
per_817d97c0bfa4b33d1711,per_15c10062cba6646bb2f7,100,MARIN HORACIO,MARIN HORACIO
per_3d05b8e31431e6f65deb,per_ec2e2b79b15ccb75e308,100,MARINA CARLISLE,MARINA CARLISLE
per_deeb41dbecc8c262e7b9,per_33b88aced697b61508ee,100,MARINELLI GUILLERMO,MARINELLI GUILLERMO
per_1cd76024029405c0ff35,per_7d191127028cae874617,100,MARINI MARIA INES,MARINI MARIA INES
per_a72e3ea2687e45a3ac61,per_24624cd15e7827e58bcd,100,MARINI VALENTINA,MARINI VALENTINA
per_a72e3ea2687e45a3ac61,per_8680511b304c07e385ed,100,MARINI VALENTINA,MARINI VALENTINA
per_43e20c3bfbad3e4d411a,per_4f504530b0b6ad2ce7af,100,MARINO CARLOS EDUARDO,MARINO CARLOS EDUARDO
per_005ddcd4243af98760a9,per_55bac964320f682292c9,100,MARINO RAUL GUILLERMO JESSUS,MARINO RAUL GUILLERMO JESSUS
per_8aa26bf4b10787d872d6,per_66c257e99aa9b0ea77a4,100,MARINONE FRANCO,MARINONE FRANCO
per_c9af28d3cfb801a1e0eb,per_687c79fff08e758e69f6,100,MARITINI GERMAN,MARITINI GERMAN
per_dc07272db1fed88aa51b,per_2402af98db7fb91aa3b2,100,MARKEY DAVID,MARKEY DAVID
per_6fb38fbb39df400e0343,per_c0b6b01f5a55308469dd,100,MARMORA ANA BELEN,MARMORA ANA BELEN
per_bd4d7e33ac81fa3ff6aa,per_c9947ec9fdfbf269109b,100,MARO GRACIANA,MARO GRACIANA
per_bd4d7e33ac81fa3ff6aa,per_6f277a61ebee68312c44,100,MARO GRACIANA,MARO MARIA GRACIANA
per_c9947ec9fdfbf269109b,per_6f277a61ebee68312c44,100,MARO GRACIANA,MARO MARIA GRACIANA
per_0d1088cff3d0b9fadcba,per_c8629bb648833e5a1e10,100,MARQUEZ JUAN PABLO,MARQUEZ VARGAS JUAN PABLO
per_398eb07766649c8a0add,per_7d1cd981d122962fb6a5,100,MARQUEZ MARIA,TORTOSA MARQUEZ MARIA
per_4148c29d623a50c50dde,per_53aa6e593f25b0408f3f,100,MARQUEZ NADIA JUDITH,MARQUEZ NADIA JUDITH
per_1a20d3bc90b2a09b253c,per_583baef6e3cdb753f635,100,MARTELO MARIA JOSE GERALDINA,MARTELO MARIA JOSE GERALDINA
per_4bd9668235cb3dd50cf9,per_3714315ed321a9fbd722,100,MARTIELLO HUGO,MARTIELLO HUGO
per_a6d364ece5c1caebc0e7,per_2ddba899c9f77eba1a23,100,MARTIN AXEL,MARTIN AXEL
per_518b794ed235ad15fc48,per_6ff11b5de1cb21f2ebed,100,MARTIN CARLOS GABRIEL,MARTIN CARLOS GABRIEL
per_248cbb08953c9d56e449,per_cbe62612f32293fc5c7b,100,MARTIN CECILIA ROSARIO,MARTIN CECILIA ROSARIO
per_66f8ac4bcf2c86a8225f,per_ae7adc646be9ecfd5f19,100,MARTIN EZEQUIEL,MARTIN RODRIGO EZEQUIEL
per_66f8ac4bcf2c86a8225f,per_cda9edabcbe83e01cfcb,100,MARTIN EZEQUIEL,MENEM MARTIN GANGELA EZEQUIEL
per_66f8ac4bcf2c86a8225f,per_bb7d773d45e9d10307ef,100,MARTIN EZEQUIEL,MORENO MARTIN EZEQUIEL
per_66f8ac4bcf2c86a8225f,per_770de9c1437640d0ba2e,100,MARTIN EZEQUIEL,OJEDA MARTIN EZEQUIEL
per_63f8280ddcf1cf1b74ca,per_a52625676acbf7df3e04,100,MARTIN GUSTAVO,RAMIREZ MARTIN GUSTAVO
per_4f9e410b58226e471c20,per_e41d54ecad36af0c0a98,100,MARTIN LAMAS,MARTIN LAMAS
per_189244dc6e0f2ccab6d4,per_4cf930225947ebae531c,100,MARTIN MAXIMO MIGUEL,MARTIN MIGUEL
per_4cf930225947ebae531c,per_cf5164e4655291a0cdcd,100,MARTIN MIGUEL,ZABALA MARTIN MIGUEL
per_fbd45c432eb99d9815ea,per_fe8df24d231bc0966ea9,100,MARTIN MIGUEL ANGEL,MIGUEL ANGEL
per_d948874bd6fd2080bd17,per_af583575aafb4bd65ecf,100,MARTIN NICOLAS,ROJAS MARTIN SERGIO NICOLAS
per_d948874bd6fd2080bd17,per_75c6069e0d38a7ccee25,100,MARTIN NICOLAS,RUBIO MARTIN NICOLAS
per_b2bdc4ba8ff9aa22c76b,per_1b39a48a8bd6889b9323,100,MARTIN SEBASTIAN,MARTIN SEBASTIAN
per_c57cb33e727ce0ce0fb0,per_f8e2a7241ed2096f26db,100,MARTINANGELI RENE,MARTINANGELI RENE
per_832cdd066286cfa27fde,per_855e74ac4c926ad8c243,100,MARTINEZ ALEJANDRA,MARTINEZ MARIA ALEJANDRA
per_832cdd066286cfa27fde,per_1130117b095a725c955e,100,MARTINEZ ALEJANDRA,MARTINEZ MARIA ALEJANDRA
per_832cdd066286cfa27fde,per_eca77de2a8addcdd47f0,100,MARTINEZ ALEJANDRA,MARTINEZ MARIA ALEJANDRA
per_d509908c8b053a30f869,per_c10435982eb5204af724,100,MARTINEZ ALEJANDRA NATALIA,MARTINEZ ALEJANDRA NATALIA
per_1d088888dd63c06f2913,per_f368784b5c87075ebf2b,100,MARTINEZ ALEJANDRO MATIAS,MARTINEZ MATIAS
per_067b3f5cc1382ae684cc,per_81582b5e63871e23a1e4,100,MARTINEZ ALVARO,MARTINEZ ALVARO
per_2a281309d35f443e06cf,per_eaf54b7092104a87bc8b,100,MARTINEZ ANDRES,MARTINEZ ANDRES
per_2a281309d35f443e06cf,per_f592890754229ac982f9,100,MARTINEZ ANDRES,SIRI FLORENCIA MARTINEZ HERMIDA MARIANO JOSE PELLEGRINI AGUSTIN ANDRES
per_eaf54b7092104a87bc8b,per_f592890754229ac982f9,100,MARTINEZ ANDRES,SIRI FLORENCIA MARTINEZ HERMIDA MARIANO JOSE PELLEGRINI AGUSTIN ANDRES
per_f2d37c1b4aca0ac58449,per_da00095eccaaee9076c1,100,MARTINEZ ANGULO MANUEL,MARTINEZ MANUEL
per_22dd3ab581c053379951,per_3468bc710b8b14e25223,100,MARTINEZ ANON CATALINA,MARTINEZ CATALINA
per_8ff4e47adbd3c3c9d28c,per_930ff7a839e12a51f6fa,100,MARTINEZ BECCAR VARELA MIGUEL ANGEL,MARTINEZ MIGUEL ANGEL
per_8ff4e47adbd3c3c9d28c,per_fe8df24d231bc0966ea9,100,MARTINEZ BECCAR VARELA MIGUEL ANGEL,MIGUEL ANGEL
per_3b5a33f4ae0632a32b83,per_7a3c708ff97c300a6932,100,MARTINEZ BRENDA,MOUDELLE MARTINEZ BRENDA
per_3fc9807083345ba9f3b8,per_aa47ca824cc77a02181c,100,MARTINEZ CAMILA HAYDEE,MARTINEZ CAMILA HAYDEE
per_712b2accab59ab75e3a5,per_e263b0f65168abc6070b,100,MARTINEZ DAMIAN,MARTINEZ LUCAS DAMIAN
per_cb9c769b347d4ba09926,per_bbc1b0d805899d83c271,100,MARTINEZ DANIEL,MARTINEZ DANIEL
per_bbc1b0d805899d83c271,per_c6a78f916ef0fcbc4c41,100,MARTINEZ DANIEL,MARTINEZ RUMI DANIEL
per_14112735ed54211aba1f,per_5741e2640135ee74fc25,100,MARTINEZ DAVID,MARTINEZ DAVID
per_273cd46e7e6aef092d1b,per_5741e2640135ee74fc25,100,MARTINEZ DAVID,MARTINEZ DAVID
per_5741e2640135ee74fc25,per_c0f693cda3dbcd79d546,100,MARTINEZ DAVID,MARTINEZ ESTEBAN DAVID
per_e6bdf6cf0bca161ce2af,per_e0bc29554b90d203a1ca,100,MARTINEZ FACUNDO,MARTINEZ OLIVER FACUNDO
per_e6bdf6cf0bca161ce2af,per_85c9902013800e35a023,100,MARTINEZ FACUNDO,MARTINEZ PABLO FACUNDO
per_75ceee4d9dd9a28e77d1,per_d469898c2047d47fb11e,100,MARTINEZ FERNANDO,MARTINEZ LUIS FERNANDO
per_c3f7be5ded47156ad27f,per_fb08f55e39a5d35ecc22,100,MARTINEZ GERARDO,MARTINEZ GERARDO
per_59ebfe88d959f9c122b2,per_0f1a292b18f3e162df4b,100,MARTINEZ HAARTH JUAN,MARTINEZ JUAN
per_59ebfe88d959f9c122b2,per_9fa5d4688db3dfc8ca18,100,MARTINEZ HAARTH JUAN,MARTINEZ JUAN
per_9fc2db65a455b7868e39,per_24b9cb8784131e4a8179,100,MARTINEZ JOSE MARIA,MARTINEZ MARIA
per_fa7f6d721608d54bab03,per_40501adab0098aa93887,100,MARTINEZ JOSE SEBASTIAN,MARTINEZ SEBASTIAN
per_fa7f6d721608d54bab03,per_e303dd8d2d33a4786649,100,MARTINEZ JOSE SEBASTIAN,MARTINEZ SEBASTIAN
per_0f1a292b18f3e162df4b,per_9fa5d4688db3dfc8ca18,100,MARTINEZ JUAN,MARTINEZ JUAN
per_a30e6f60b81381d6cf4e,per_a2d18af32c59e619a4f4,100,MARTINEZ JUAN CRUZ,MARTINEZ JUAN CRUZ
per_a30e6f60b81381d6cf4e,per_91893aa804ba36cdde6a,100,MARTINEZ JUAN CRUZ,MATIAS VIRGINIA MARTINEZ JUAN CRUZ
per_a2d18af32c59e619a4f4,per_91893aa804ba36cdde6a,100,MARTINEZ JUAN CRUZ,MATIAS VIRGINIA MARTINEZ JUAN CRUZ
per_71d70a05996fd366fcb5,per_c63678e7f539f7b61926,100,MARTINEZ LEONARDO,MARTINEZ LEONARDO
per_70f52c7264707ee3ffa6,per_5dec9d2660d1bd6e211e,100,MARTINEZ LUCIANA,MARTINEZ MULAN LUCIANA
per_855e74ac4c926ad8c243,per_eca77de2a8addcdd47f0,100,MARTINEZ MARIA ALEJANDRA,MARTINEZ MARIA ALEJANDRA
per_1130117b095a725c955e,per_eca77de2a8addcdd47f0,100,MARTINEZ MARIA ALEJANDRA,MARTINEZ MARIA ALEJANDRA
per_930ff7a839e12a51f6fa,per_fe8df24d231bc0966ea9,100,MARTINEZ MIGUEL ANGEL,MIGUEL ANGEL
per_332727108c20653b5d07,per_2e15851115a688744887,100,MARTINEZ MIRYAN,MARTINEZ MIRYAN
per_2f676fe318fc9af29c7f,per_f3c6865a23efada428cb,100,MARTINEZ NORMA,MARTINEZ NORMA
per_2f676fe318fc9af29c7f,per_26d797684d55a2d51346,100,MARTINEZ NORMA,MARTINEZ NORMAMARTINEZ NORMA
per_f3c6865a23efada428cb,per_26d797684d55a2d51346,100,MARTINEZ NORMA,MARTINEZ NORMAMARTINEZ NORMA
per_9c907b744420122ee2c8,per_ad127773c3fbfab575f6,100,MARTINEZ PEDRO,PETTOVELLO SANDRA MARTINEZ PEDRO
per_40501adab0098aa93887,per_3a8e00c90e5a803fd18a,100,MARTINEZ SEBASTIAN,SAENZ MARTINEZ SEBASTIAN
per_e303dd8d2d33a4786649,per_3a8e00c90e5a803fd18a,100,MARTINEZ SEBASTIAN,SAENZ MARTINEZ SEBASTIAN
per_17c9b3506e1ba2ffc6b0,per_5393273badc3b36bc25d,100,MARTINEZ STELLA,MARTINEZ STELLA
per_d85d140f713ea44089c5,per_0e6997f3ef4709b72b48,100,MARTINEZ TANOIRA SANTIAGO,MARTINEZ TANOIRA SANTIAGO
per_b4dbd4d6659e5c32533e,per_f6919c2deb0f66b5fce1,100,MARTINEZ YANINA,MARTINEZ YANINA
per_f6919c2deb0f66b5fce1,per_c01f30eafe1783c3a920,100,MARTINEZ YANINA,MARTINEZ YANINA
per_9f163741f8f1f3785b65,per_89752ea0e64686f2a0f7,100,MARTINO GABRIEL,MARTINO GABRIEL
per_b40806161f1762fff06f,per_ff7288649d8c7797e072,100,MARTINO GASTON LUCAS,MARTINO LUCAS
per_edcd7afa7bd8b6d85373,per_588dd827b5507f0a8da9,100,MARTINS JOSE,MARTINS JOSE
per_f139e6b6d68b2fd1e5bf,per_f7aea49f0833f45f8cac,100,MARTORELL MARTIN,MARTORELL MARTIN
per_56add4dea50f7e05d944,per_00a792cab1bf06f85266,100,MARTOTELLO MARIA CLARA,MARTOTELLO MARIA CLARA
per_18d0fffd0b695e945c33,per_8e91a6ece44c7202fe11,100,MARZORATTI ESTEBAN,MARZORATTI ESTEBAN
per_798e12e174e0525f3a75,per_6d091a344777c8a6474c,100,MASCI DIEGO MARIANO,MASCI DIEGO MARIANO
per_2be89978a6de5ec36365,per_6ca14b7a484df69e2d94,100,MASSOLO JULIAN,MASSOLO JULIAN
per_12c8ed3810f0a0396b82,per_2c54bc7d3c947367746b,100,MASSONE MARIANA,MASSONE MARIANA
per_8de3f3367f81714d186d,per_37cad56614e46326b61e,100,MASSONI MARCELO,MASSONI MARCELO
per_579cbe599a78543f6cd1,per_70874ffa103d9f7b7984,100,MASTROLORENZO LUCIANO,MASTROLORENZO LUCIANO
per_c762e195f5b18a65ac17,per_0aa0434d5f6add58c16d,100,MATA NICOLAS ALBERTO,MATA NICOLAS ALBERTO
per_e931f810c1ae3555e356,per_4f01d2d5e0af06681a38,100,MATELLA DANIEL,MATELLA DANIEL
per_88e42c90e129307ce826,per_4957fb28764eb3bc49c4,100,MATEO ETCHENAUSSE,MATEO ETCHENAUSSE
per_04bc604b201f53b0ea58,per_59c6d7d35c50765e1227,100,MATIAS SAENS DE TEJADA,MATIAS SAENS DE TEJADA
per_5b7eb0cb2495e6ff0edc,per_d6fb31209dd4e0d56a2f,100,MATIAS VIRGINIA,MATIAS VIRGINIA
per_5b7eb0cb2495e6ff0edc,per_c9e26154563fad4ef6c8,100,MATIAS VIRGINIA,RODRIGUEZ HUGO ANDRES MATIAS VIRGINIA
per_d6fb31209dd4e0d56a2f,per_c9e26154563fad4ef6c8,100,MATIAS VIRGINIA,RODRIGUEZ HUGO ANDRES MATIAS VIRGINIA
per_5b7eb0cb2495e6ff0edc,per_bbc4d324cc714188464c,100,MATIAS VIRGINIA,SAAVEDRA LUCAS MATIAS VIRGINIA
per_d6fb31209dd4e0d56a2f,per_bbc4d324cc714188464c,100,MATIAS VIRGINIA,SAAVEDRA LUCAS MATIAS VIRGINIA
per_fde44d1ca58895e42c22,per_a9bf539ae5c97cca5c20,100,MATO NORA ADRIANA,MATO NORA ADRIANA
per_3f019e363b47e53ef4fe,per_675aec22a6b593afb0f8,100,MATURANO OMAR ARISTIDES,MATURANO OMAR ARISTIDES
per_3a49f033d0b7a431585b,per_6298f31b6106b16c50c9,100,MATZKIN MARTIN,MATZKIN MARTIN
per_848503071069bdc92a6d,per_979912f1704bf0c25cd7,100,MAUAD ANTONIO,MAUAD ANTONIO
per_21ef588bc6443ae89d5d,per_b41944d82c05cbe3634d,100,MAUPAS OUDINOT PHILIPPE ANEXANDRE,MAUPAS OUDINOT PHILIPPE ANEXANDRE
per_2609f0d1d99270c58f0d,per_4219443d2e93604999b9,100,MAURA FERNANDO,MAURA FERNANDO
per_70fc2eb5103c331d4329,per_44b2396c4a6eb18bb659,100,MAURETTE FERNANDO,MAURETTE FERNANDO
per_77d563756e8fb4760ccd,per_3c11bcb5ea03d490e454,100,MAURETTE HERNAN,MAURETTE HERNAN
per_ac9fb9e590dda3f1ce52,per_2a2daca9d39611adb80b,100,MAURO INES,MAURO INES
per_0a311fde57b82acf275d,per_7d04f422a62214088f41,100,MAXIT ALEJO,MAXIT ALEJO
per_0a311fde57b82acf275d,per_c680a9de8ffe543c98ea,100,MAXIT ALEJO,SERENELLINI EDUARDO MAXIT ALEJO
per_7d04f422a62214088f41,per_c680a9de8ffe543c98ea,100,MAXIT ALEJO,SERENELLINI EDUARDO MAXIT ALEJO
per_a19edb99ba9c30d862f6,per_af5affc887e3ba1c1303,100,MAYOL FEDERICO RAUL,MAYOL FEDERICO RAUL
per_ed0f3e0cbd58ff2406a4,per_b2aa4531918de102efbd,100,MAYOL JUAN,MAYOL JUAN
per_b99e75f857414db01a29,per_850137eb5370c26f8a1f,100,MAYORA ARMANDO,MAYORA ARMANDO
per_d2b2b18dd0bd60690da9,per_ed67eb5d346c5ff5a34e,100,MAYORAZ NICOLAS,MAYORAZ NICOLAS
per_6eaf65e90fc88dfcce79,per_4515563aa1d834f3fbe7,100,MAZALAN CARLOS,MAZALAN CARLOS
per_d66cf92760f795965488,per_ac0c6f3c817dc5d50fcc,100,MAZZAFERRI OSVALDO,MAZZAFERRI ROMEO OSVALDO
per_d66cf92760f795965488,per_7f137f477359b1a76be5,100,MAZZAFERRI OSVALDO,MAZZAFERRI ROMEO OSVALDO
per_ac0c6f3c817dc5d50fcc,per_7f137f477359b1a76be5,100,MAZZAFERRI ROMEO OSVALDO,MAZZAFERRI ROMEO OSVALDO
per_ea943453d9f1b9538075,per_e3a218cbff82660f27b9,100,MAZZATINI MARIA,MAZZATINI MARIA
per_8918c95fcb92ad9266b5,per_2cd9f1a7cfe7e024ae7f,100,MAZZINGHI FLORENCIA,SMARGIASSI MACARENA ARCE JORGE GUSTAVO MAZZINGHI FLORENCIA
per_3fc5d9e8a6d2a2e1f6b5,per_5cdce5c8036a6fe0af99,100,MAZZONI PABLO OSCAR,MAZZONI PABLO OSCAR
per_e003971a863ec0dfd253,per_bac1173d90c65afc835d,100,MAZZOTTO DANIEL ALEJANDRO,MAZZOTTO DANIEL ALEJANDRO
per_6fb4a0177f6def588bc3,per_ec095248fe578640aa92,100,MEDINA CARLOS EDUARDO,MEDINA CARLOS EDUARDO
per_a6e11b32cdde447682d7,per_02720e44cc105e2aa1a2,100,MEDINA ERIK,MEDINA ERIK
per_37e838fa35e39df65a86,per_e955eec0ef4005e09eba,100,MEDINA GRACIELA EDITH,MEDINA GRACIELA EDITH
per_634506d8a0b890cbf1ee,per_de5ab0487e46b2c26bbe,100,MEDINA GUARINO LUIS,MEDINA LUIS
per_634506d8a0b890cbf1ee,per_1715cab0a42425494671,100,MEDINA GUARINO LUIS,MEDINA LUIS
per_47cc11eadc896122bd22,per_4f29a002aeb07e9a6dda,100,MEDINA LAURA,MEDINA MARIA LAURA
per_47cc11eadc896122bd22,per_ca972a6df4f25a435648,100,MEDINA LAURA,MEDINA MARIA LAURA
per_c66f9ff5f1ea4b2c80b2,per_b39cdd6fc6c4fc8c5845,100,MEDINA LEILA,MEDINA LEILA
per_de5ab0487e46b2c26bbe,per_1715cab0a42425494671,100,MEDINA LUIS,MEDINA LUIS
per_de5ab0487e46b2c26bbe,per_4e445369fa029e424dcc,100,MEDINA LUIS,MORINO MEDINA LUIS
per_4f29a002aeb07e9a6dda,per_ca972a6df4f25a435648,100,MEDINA MARIA LAURA,MEDINA MARIA LAURA
per_eea9bff862e8a2bd870d,per_2606425d6a9bd8672654,100,MEDINA YAMILA,MEDINA YAMILA
per_8395c6f95cc968fec1ea,per_4fb4fe657a330d4ce9cd,100,MEDONE GUSTAVO MARCELO,MEDONE GUSTAVO MARCELO
per_07b8df5d0bbfa2fd6f93,per_ea2b2ce8e006fd300800,100,MEDRANO ALEJANDRO,MEDRANO ALEJANDRO
per_972fa74e5021d1387353,per_535f7418d589b06dbf91,100,MEGO ANDRES,MEGO ARMANDO ANDRES
per_294ca6e23dcfdd66618c,per_74f78621d85f3467e9d7,100,MELGAREJO PABLO ANDRES,MELGAREJO PABLO ANDRES
per_5ef27dd05db2eeaeb8b5,per_bb0e68fdb71cb5e58a39,100,MELHEM VALENTINA,MELHEM VALENTINA
per_bb01675828b3428bdbf9,per_f3e82374cb2fe978cbc2,100,MELIAN FACUNDO,MELIAN JUAN FACUNDO
per_bb01675828b3428bdbf9,per_f871f55ba999e136f496,100,MELIAN FACUNDO,MELIAN JUAN FACUNDO
per_f3e82374cb2fe978cbc2,per_f871f55ba999e136f496,100,MELIAN JUAN FACUNDO,MELIAN JUAN FACUNDO
per_d152ffb797c75f055348,per_1434ae8c4362977b8738,100,MELIK ALEJANDRO,MELIK ALEJANDRO
per_69a864d4a5f9c9dd2503,per_c4a6dec89ab2019a4d53,100,MELILLO PABLO NICOLAS GASTON,MELILLO PABLO NICOLAS GASTON
per_72ae62a5012855652e3d,per_18759efa1cfeb3e88547,100,MELISA LUCRECIA,MELISA LUCRECIA
per_97cbc8968b5521c95a65,per_537e6d9e1c7ad604c8ca,100,MELISA MOLINA,MOLINA
per_1c3b27798ccdf3ba89b9,per_024e1ff31a985751b101,100,MELLINCOVICH ALEJANDRO,MELLINCOVICH ALEJANDRO
per_74c9cfcb1d45b4710e54,per_d22e3b42647e4fc4afe2,100,MENCARINI FEDERICO,MENCARINI FEDERICO
per_379aec3d2b58c13b8a2c,per_c251e332ae479fa3c329,100,MENCIA AYLEN ANAHI,MENCIA AYLEN ANAHI
per_50c0127dee83a3bc88f3,per_f3002ebdcffe9d0fe20c,100,MENDEZ ACOSTA JOSE MARIA,MENDEZ ACOSTA JOSE MARIA
per_1fef65b6b19902f3ab78,per_e3c4647529a377ab1049,100,MENDEZ DONATO,MENDEZ DONATO
per_42db53c70d71ef54a36c,per_ed29373e9a359b54612d,100,MENDOZA ALBERTO MARTIN,MENDOZA MARTIN
per_91d3c56e067ddbb61cc1,per_7683d902b8a8cffebf43,100,MENEGAZZI EDUARDO JORGE,MENEGAZZI EDUARDO JORGE
per_16963e9c75f92314e619,per_ba6c2b9f9d0d2bd5d4ef,100,MENEM ADRIAN,MENEM ADRIAN
per_6d254e0f929ba2e93b52,per_56f2a7a7bfca5fe51c60,100,MENEM DELFINA,MENEM DELFINA
per_f355fda6a62defb58234,per_d8970ba762b6201f642c,100,MENEM DELFINA TOLABA CLARA VICENTA,TOLABA CLARA VICENTA
per_cb0ce8c5df8ea835b72a,per_7c94c69722bb1056e6c3,100,MENEM EDUARDO,MENEM EDUARDO
per_f224e5a001e17fe3ed38,per_7c94c69722bb1056e6c3,100,MENEM EDUARDO,MENEM EDUARDO
per_e4512599c9ec3f043201,per_811c7c6a2d65b8bbd23d,100,MENEM FATIMA,MENEM MARCELA FATIMA
per_c53c1af8a8f52fcf6d03,per_9c40077a45cc28a11889,100,MENEM FEDERICO,MENEM FEDERICO
per_c53c1af8a8f52fcf6d03,per_6572eb35782fc22e821c,100,MENEM FEDERICO,MENEM SHARIF FEDERICO
per_9c40077a45cc28a11889,per_6572eb35782fc22e821c,100,MENEM FEDERICO,MENEM SHARIF FEDERICO
per_c8a6ddb79f741af720dc,per_b0a8fe4f687ba68a8364,100,MENEM FEDERICO SHARIF,MENEM SHARIF
per_c8a6ddb79f741af720dc,per_f18be1d51d667a56cc11,100,MENEM FEDERICO SHARIF,MENEM SHARIF
per_c8a6ddb79f741af720dc,per_535d6aace1a052f8b01c,100,MENEM FEDERICO SHARIF,SCALESE JUAN PABLO MENEM FEDERICO SHARIF
per_2a6f11b875cddc0afa9a,per_69bbc4da61153094d4f7,100,MENEM FEDERICO SHARIF RIZZUTO SEBASTIAN EMILIO,RIZZUTO SEBASTIAN EMILIO
per_2a6f11b875cddc0afa9a,per_bf43d6ce0e21a5415e8d,100,MENEM FEDERICO SHARIF RIZZUTO SEBASTIAN EMILIO,RIZZUTO SEBASTIAN EMILIO
per_b1a28c92573ca0521b9b,per_18d5ca3a2716ca6eb174,100,MENEM FELIPE,MENEM FELIPE
per_b910281394d52f8767f3,per_6e2ae20679d50c072ea6,100,MENEM FERNANDO,MENEM FERNANDO
per_25da0998b5abfaaf33bc,per_6df2488997160474b4b7,100,MENEM HILAL JORGE,MENEM HILAL JORGE
per_25da0998b5abfaaf33bc,per_855c9404001c81c172d2,100,MENEM HILAL JORGE,MENEM JORGE
per_6df2488997160474b4b7,per_855c9404001c81c172d2,100,MENEM HILAL JORGE,MENEM JORGE
per_986154fc8c62ac3b2d80,per_fcca69f4c0437131b6b2,100,MENEM JUAN MARTIN,MENEM MARTIN
per_986154fc8c62ac3b2d80,per_d5e1d29d18aceabaa0f6,100,MENEM JUAN MARTIN,MENEM MARTIN
per_e20cc06bcf015cb46d26,per_811c7c6a2d65b8bbd23d,100,MENEM MARCELA FATIMA,MENEM MARCELA FATIMA
per_fcca69f4c0437131b6b2,per_d5e1d29d18aceabaa0f6,100,MENEM MARTIN,MENEM MARTIN
per_c6d1cac8fc734c804c62,per_1ed31afa964c8b0b0c95,100,MENEM SANTIAGO,MENEM SANTIAGO
per_b0a8fe4f687ba68a8364,per_f18be1d51d667a56cc11,100,MENEM SHARIF,MENEM SHARIF
per_b0a8fe4f687ba68a8364,per_535d6aace1a052f8b01c,100,MENEM SHARIF,SCALESE JUAN PABLO MENEM FEDERICO SHARIF
per_f18be1d51d667a56cc11,per_535d6aace1a052f8b01c,100,MENEM SHARIF,SCALESE JUAN PABLO MENEM FEDERICO SHARIF
per_94b2aa4d023ce81f1951,per_4949db6e21434acd751c,100,MENEN MARTIN,MENEN MARTIN
per_3aadd30b7dcc742dbbcb,per_f7721208e6c2a59fd635,100,MENENDEZ MARIANO,MENENDEZ MARIANO
per_cbd5fc0ec7bf4d391b1e,per_0354198fbe1ab8710765,100,MENICHETTI ELDA,MENICHETTI ELDA
per_3678a2497b39f1d109cf,per_0e37bda5be9c233ed1e3,100,MENSI MARIA AZUL,MENSI MARIA AZUL
per_825e87ec1dd96c0e588a,per_070d637951fe7f0f0f76,100,MERCADO EVER MATIAS,MERCADO EVER MATIAS
per_5c62954f7ee64536bf72,per_edd324847162ea22f7c7,100,MERCADO SILVIA,MERCADO SILVIA
per_f15805b9941b2b50394d,per_ad358c01469e24c840e0,100,MERCEDES MARIA,RIVAS MERCEDES MARIA
per_c9ecf3cef53c06ae422a,per_bc5b4ce4f3be0757c26d,100,MERCOLLI GUSTAVO,MERCOLLI GUSTAVO
per_1f79dd76c08fad1a4a76,per_ea2b7b2da7942091d3a4,100,MERCURIALI FRANCO,MERCURIALI FRANCO
per_e637dd2a7a2282b9d405,per_3bf92f0fee525dd329f4,100,MERLO NESTOR FABIAN,MERLO NESTOR FABIAN
per_e637dd2a7a2282b9d405,per_4fd9270551ae0737a47c,100,MERLO NESTOR FABIAN,NESTOR FABIAN
per_3bf92f0fee525dd329f4,per_4fd9270551ae0737a47c,100,MERLO NESTOR FABIAN,NESTOR FABIAN
per_d72922358918fb794afe,per_0d4d8ce6995e88a0e4a1,100,MESCHINI LUPPI GABRIEL,MESCHINI LUPPI GABRIEL
per_afcbd787efb1731ca614,per_23e591b87b5ca85f669f,100,MESSEM HERNAN,MESSEM HERNAN
per_afcbd787efb1731ca614,per_e5878c486e23f79283dc,100,MESSEM HERNAN,VAN MESSEM HERNAN
per_23e591b87b5ca85f669f,per_e5878c486e23f79283dc,100,MESSEM HERNAN,VAN MESSEM HERNAN
per_0fd5ed57af9055e60bb0,per_b4da5424a11d0b665e05,100,MESSINA ORTIZ RECHE FEDERICO JOSE,MESSINA ORTIZ RECHE FEDERICO JOSE
per_76c4da20f8efb977d9b8,per_8cafac87d4e7a3f8e68d,100,MEYER JAVIER,MEYER JAVIER
per_84a7edd1865ba6bce937,per_ad5908b91c9a09c08468,100,MEZA ATILIO ALBERTO,MEZA ATILIO ALBERTO
per_9e5618151a23b0125881,per_7c0d12cefec45fedb96a,100,MEZA CANDELA,MEZA CANDELA
per_01baba8dbed3b95eb18b,per_3f5c2253762acfe1cfaf,100,MICAELA DUARTE,MICAELA DUARTE
per_64c06dd026cb91f38da6,per_e3aab7c5b0cc7ae25262,100,MICHAEL JAMES STOTT,MICHAEL STOTT
per_dfc8b063d50662cbb8ba,per_ee918d2b1cb193768d85,100,MICHEL ALEJANDRA,MICHEL ALEJANDRA
per_baa054a6e3acba11ee13,per_9e64a776b63a5686d4a8,100,MICHELONI MATIAS,MICHELONI MATIAS
per_e95ec848ae9b6e81adba,per_9e64a776b63a5686d4a8,100,MICHELONI MATIAS,MICHELONI MATIAS
per_deb52b86c0de63dde352,per_814c2028e4b61a25a579,100,MICO SANTIAGO,ZAPATA FANNY MICO SANTIAGO
per_814065288e59560cfe48,per_596754eb5508dedcc22c,100,MIDAGLIA MARIANO ARIEL,MIDAGLIA MARIANO ARIEL
per_f457066cb3173cf70216,per_caaf02e18300961ec0db,100,MIER JUAN IGNACIO,MIER JUAN IGNACIO
per_3c6e5d7a99b746bc7f8b,per_100bf77c6a8271acf6fe,100,MIGLIORE TOMAS MARIA,MIGLIORE TOMAS MARIA
per_119e52f48961233842de,per_e178416d37cc0d8ac6e0,100,MIGNONE MARCELO,MIGNONE MARCELO
per_422b936dbb306a4ad572,per_8d5814171a6793ddbee4,100,MIGONE SANTIAGO,MIGONE SANTIAGO
per_fe8df24d231bc0966ea9,per_ba9d7883e79d4c80b974,100,MIGUEL ANGEL,PICHETO MIGUEL ANGEL
per_fe8df24d231bc0966ea9,per_1de45d6978a49a81a9ac,100,MIGUEL ANGEL,PICHETTO MIGUEL ANGEL
per_fe8df24d231bc0966ea9,per_5b91aa73ad7f872effd4,100,MIGUEL ANGEL,PIRES MIGUEL ANGEL
per_fe8df24d231bc0966ea9,per_66849444406488c6338b,100,MIGUEL ANGEL,PIRES MIGUEL ANGEL KUSA LIBAN ANGEL
per_fe8df24d231bc0966ea9,per_1c31c33f001db1891b8a,100,MIGUEL ANGEL,SPONER MIGUEL ANGEL
per_fe8df24d231bc0966ea9,per_03a1addc1456d4143c46,100,MIGUEL ANGEL,SULEMAN MIGUEL ANGEL
per_fe8df24d231bc0966ea9,per_7b1aeda7d445c597a962,100,MIGUEL ANGEL,VALLEJOS MIGUEL ANGEL
per_fe8df24d231bc0966ea9,per_4dd9becd91f98a56136b,100,MIGUEL ANGEL,WERNER MIGUEL ANGEL
per_fe8df24d231bc0966ea9,per_5f6e210324d06e3d1595,100,MIGUEL ANGEL,WISSINGER MIGUEL ANGEL
per_e8ed4aada04c8830902d,per_f09401ea47a498e447fa,100,MIGUEL ANGEL VILLARROEL,MIGUEL ANGEL VILLARROEL
per_a91a37ed57d4fe922ad0,per_a0efa358241f44d2febb,100,MIGUEL HUGO,VACA NARVAJA MIGUEL HUGO
per_1bf950db651663383e51,per_eda0561476cbe438111f,100,MILANESE ANTONIO,MILANESE ANTONIO
per_37cd2bb731069f3d20b0,per_87886d003188dcda612e,100,MILANESI CARLOS RODOLFO,MILANESI CARLOS RODOLFO
per_031604015d2c2e13967b,per_ca93529aeeff4e5680b5,100,MILANO JAVIER,MILANO JAVIER
per_1139b5329955d30d5493,per_a7c4e42772b253484f84,100,MILEI JAVIER,MILEI JAVIER
per_8e2861e6dab4e0f41f0f,per_980a16aa63aaa327aa85,100,MILEI JAVIER GERARDO CATALAN KARINA,MILEI KARINA
per_8e2861e6dab4e0f41f0f,per_c89f0283991631c070a3,100,MILEI JAVIER GERARDO CATALAN KARINA,MILEI KARINA
per_349dcb83e314f1f2d59f,per_2b3c77700a648b63c7c4,100,MILEI JAVIER GERARDO TURNIANSKY IVAN,TURNIANSKY IVAN
per_980a16aa63aaa327aa85,per_c89f0283991631c070a3,100,MILEI KARINA,MILEI KARINA
per_980a16aa63aaa327aa85,per_4503ac2bef123673ce70,100,MILEI KARINA,RAFFO BEATRIZ MILEI KARINA
per_c89f0283991631c070a3,per_4503ac2bef123673ce70,100,MILEI KARINA,RAFFO BEATRIZ MILEI KARINA
per_f5f7db66ccca31a22994,per_a56b97dfb0bfe58da20e,100,MILEI KARINA MUNOZ LAURA PATRICIA,MUNOZ LAURA PATRICIA
per_f5f7db66ccca31a22994,per_48711b08acc27c4144d6,100,MILEI KARINA MUNOZ LAURA PATRICIA,MUNOZ LAURA PATRICIA
per_6e50a5845c4cca86112e,per_38847bf8eac5eebdb4a2,100,MINER WALTER,MINER WALTER
per_4328dc1505586687d8f7,per_26a73fc30a8324d21ec2,100,MINO NAHUEL,MINO NAHUEL
per_801bf216d92ae2b0efc9,per_9eff2e056899764a1d38,100,MINOLI METELLI MARIA,MINOLI METELLI MARIA
per_8e761e13a8ce4e142c5d,per_c5dde72b62bf3dbcc891,100,MINOTTI ARNALDO HORACIO,MINOTTI ARNALDO HORACIO
per_be4d2eff59fa16319d49,per_69379e61c33fb0540e94,100,MIR BALMACEDA PABLO,MIR PABLO
per_5844e6093a204da04561,per_d4ecbef07614fc3f0f3a,100,MIRAGLUIA JAVIER IGNACIO,MIRAGLUIA JAVIER IGNACIO
per_baf72b9a5547e9fd17e2,per_da3f5395eea29d51cba5,100,MIRANDA NAON JORGE FRANCISCO,NAON MIRANDA JORGE FRANCISCO
per_6cd21f311b4dc132ea4f,per_c33567986301779a9998,100,MIRI FEDERICO MARTIN,MIRI FEDERICO MARTIN
per_2dd9a940643d560505eb,per_f74a13d6d35d8255875e,100,MIRI IGNACIO ESTEBAN,MIRI IGNACIO ESTEBAN
per_dd514ecff81d49914f55,per_2a7e0ff34e6777f0516e,100,MIRIAM MARIOTTO,MIRIAM MARIOTTO
per_9f6e145194890455567d,per_655321c00cb96b5c1a56,100,MIRONOV NIKOLOI,MIRONOV NIKOLOI
per_25c0019b485087e1dd18,per_8a55f95a3e9b178bbf1b,100,MIROTTI MARIANO,MIROTTI MARIANO
per_42e2c2e8878e7c1f3ed4,per_18ef1760e72339cbdf15,100,MISRAHI FLORENCIA,MISRAHI FLORENCIA
per_f34c20b9ada8d2702dd8,per_4fa56100c8e1a3ded848,100,MITJANS JUAN,MITJANS JUAN
per_f34c20b9ada8d2702dd8,per_061e36da3828a403cc9f,100,MITJANS JUAN,MITJANS JUAN
per_4121245a5ebf3c1f4de4,per_6cf8a58d5df167dc3752,100,MITRE MIGUEL JORGE,MITRE MIGUEL JORGE
per_08694931c8c6b9b7d408,per_e3dbf22d9aa2b2f0379f,100,MIZRAHI FLORENCIA,MIZRAHI FLORENCIA
per_a79af1b74c43522852e9,per_f49b1850b9c363e6a951,100,MOGETTA FRANCO,MOGETTA FRANCO
per_a79af1b74c43522852e9,per_9b1fddc89ff2225571de,100,MOGETTA FRANCO,MOGETTA PREVELO FRANCO
per_f49b1850b9c363e6a951,per_9b1fddc89ff2225571de,100,MOGETTA FRANCO,MOGETTA PREVELO FRANCO
per_a79af1b74c43522852e9,per_61a8be96fbf045af7105,100,MOGETTA FRANCO,SCALESE JUAN PABLO MOGETTA FRANCO
per_f49b1850b9c363e6a951,per_61a8be96fbf045af7105,100,MOGETTA FRANCO,SCALESE JUAN PABLO MOGETTA FRANCO
per_c903af7ed65a9905b38d,per_86351d70a5ecfc21b9f3,100,MOGETTTA FRANCO,MOGETTTA FRANCO
per_4b66df6f76f6d8d43ebe,per_765e6cc4dca33daf6614,100,MOHAUPT MARIANO,MOHAUPT MARIANO
per_aed8dd6c11315c3f676d,per_210bfdc5ab6670b99483,100,MOJICA CLAUDIA,MOJICA CLAUDIA
per_537e6d9e1c7ad604c8ca,per_787492609ce51ca35c9e,100,MOLINA,MOLINA
per_40061e6648a07ca76c36,per_4b2b64468abb8512e3d9,100,MOLINA MARIANO,MOLINA ZAVALIA MARIANO
per_990fe1a7f0b226264e92,per_91ed25a1104e6cd1a768,100,MOLINUEVO ALEJANDRO,MOLINUEVO ALEJANDRO
per_6b83a4576eba6ba2716b,per_fbd48224cc82c4c07e28,100,MOLONEY CORMICK MONAHAN,MOLONEY CORMICK MONAHAN
per_0ce83fb6f1460cd87219,per_346d4ed02d00f6376591,100,MOLVER BENITO MARIO,MOLVER MARIO
per_ae12fe51d12bb5b7dd1a,per_4d6c0eb968f929143e03,100,MONARCA FERDERICO,MONARCA FERDERICO
per_2145583d47a59eca36cd,per_bae86c7c60f5308d11d0,100,MONASTERIO DIEGO,MONASTERIO DIEGO
per_d05dbc1576fa21de6cca,per_699d2c54a3c08f25b35d,100,MONDINO DIANA,MONDINO DIANA
per_887414a1d626577ec11e,per_ef71c19f3b2749df834c,100,MONNER SANS RAMIRO,MONNER SANS RAMIRO
per_a610ac7090f5373b80f6,per_de5e5d772458ad0daf9a,100,MONSECH PATRICIO,MONSECH PATRICIO
per_bb1e0e86edb12768a6f6,per_30ffc64f5aa480487b5c,100,MONTANI ELIANA,MONTANI ELIANA
per_c47b02fb64d94b30846e,per_1d443b92305be4be58a0,100,MONTENEGRO DIEGO,MONTENEGRO JUAN DIEGO
per_9bba0c73f068b2c790c1,per_53daea5a9a08de3ea637,100,MONTENEGRO GUILLERMO,MONTENEGRO GUILLERMO
per_66e8f75d95fdf3ca2ae9,per_6fe4060dc2b9c232e59f,100,MONTENEGRO SOFIA,MONTENEGRO SOFIA
per_7aeb4a313eb7b400ee6c,per_edcc0c4f5d52cfaf8d4c,100,MONTERO HERNAN,MONTERO HERNAN
per_55f5f5f673f77bb80d67,per_6354cb4f080a53d5c48a,100,MONTEROS JORGE,MONTEROS JORGE
per_25e91e72202a6ca9583b,per_47a33f10ff2f3e353e97,100,MONTES DE OCA ANGEL MARIANO,MONTES MARIANO
per_1a9dd16ea92de0c11525,per_e103b173bafd43a96194,100,MONTES VERONICA MARIA,MONTES VERONICA MARIA
per_49a28050e4e6fa88eabd,per_698c8c7d1dcf12b347dc,100,MONTESERIN PAULA,MONTESERIN PAULA
per_ade77313f4190f1a2219,per_abfb6887de7fd744e21e,100,MONTI FRANCISCO MANUEL,MONTI FRANCISCO MANUEL
per_e45be3af2f96fa7bef7e,per_1658a3eb859c1f844b04,100,MONTIVERO ROSA REGINA,MONTIVERO ROSA REGINA
per_1698a7d842d5c1f2e10a,per_f604916ba7dd14d666ea,100,MONTOTO MARIO,MONTOTO MARIO
per_e796d357805cb376382b,per_c766e081e83aca469368,100,MONZO INEZ,MONZO MARIA INEZ
per_682baa23e8fd8e2d44dc,per_d0f3f874c4af08f177c7,100,MORALES JULIETA,MORALES SILVA JULIETA
per_682baa23e8fd8e2d44dc,per_191d32b0666582fd6bb1,100,MORALES JULIETA,SILVA MORALES JULIETA
per_c9c29c43f64653484909,per_675fbe52dbccca725cbe,100,MORALES SERIO,MORALES SERIO
per_d0f3f874c4af08f177c7,per_191d32b0666582fd6bb1,100,MORALES SILVA JULIETA,SILVA MORALES JULIETA
per_b2c065b7f6b81c59c012,per_9fa512317451d16039f9,100,MORANDO DELGADO LUCAS HERNAN,MORANDO DELGADO LUCAS HERNAN
per_24a8c00da303780262e2,per_5cb35b792c1ac563e03e,100,MOREIRA ANDREA,MOREIRA ANDREA
per_65a98178cc0caa05d164,per_54136e6ef9782a55abd6,100,MOREIRA FABIAN ARIEL,ROUSSELOT JULIAN BIANCO MAGALI JOHANNA MOREIRA FABIAN ARIEL
per_65a98178cc0caa05d164,per_530e37845120c20ac3b4,100,MOREIRA FABIAN ARIEL,VERA CARLOS SEBASTIAN NEIFFERT SERGIO DARIO MOREIRA FABIAN ARIEL
per_11835ef28ea2128f967c,per_a8bbc91e8911b5a0b4c7,100,MORENO ARIADNA,MORENO ARIADNA
per_20d322b8a9e147b7cdc3,per_bd160179684efd981851,100,MORENO ESMORIS CRISTIAN,MORENO ESMORIS CRISTIAN
per_a645dbf394792e7c7830,per_bb7d773d45e9d10307ef,100,MORENO EZEQUIEL,MORENO MARTIN EZEQUIEL
per_0fe22a5667991ce5e15e,per_bb7d773d45e9d10307ef,100,MORENO EZEQUIEL,MORENO MARTIN EZEQUIEL
per_81b16e0533315359ac31,per_aa8cc7d797cfc6ebb2cf,100,MORENO FACUNDO MARTIN,MORENO MARTIN
per_f9d38119bee8d07b806a,per_364cdf0dd7965d6d2e00,100,MORENO FERNANDO,MORENO FERNANDO
per_7ac5926ab75b2511f2fa,per_2b940328e6066e34e7b2,100,MORENO FRANCISCO,MORENO FRANCISCO
per_2b940328e6066e34e7b2,per_4829a0c72a76866cea75,100,MORENO FRANCISCO,MORENO FRANCISCO
per_dd2cfe652c38a34bb811,per_737963626bf7c5b9a808,100,MORENO GERMAN,MORENO GERMAN
per_565c6c52309449198afd,per_e22518008382f701ed87,100,MORENO MATIAS,MORENO MATIAS
per_5bc0308c9567c4efe48d,per_af23a3daa2cf8e14a917,100,MORENO OVALLE JULIO,MORENO OVALLE JULIO
per_b23a1bbafb7b4d00264b,per_a02b5bb0aa3c270c6eb5,100,MORENO VARVARA,MORENO VARVARA
per_2b2416f15f33e50ce71c,per_5710abc73dec155a944d,100,MORI LUDOVICO,MORI LUDOVICO
per_99cc8af0582d3011583a,per_b049e81b12ce037ab6ea,100,MORINGA SERGIO,MORINGA SERGIO
per_8315fb3bbb5a7f96dbf5,per_4ef6ed8b82257e395a72,100,MORLA MATIAS,MORLA MATIAS
per_f6a51bea91397d34a931,per_25e1e79b3a1163afc387,100,MORO MARCELO ALEJANDRO,MORO MARCELO ALEJANDRO
per_1dbe281dbf19e0d905ee,per_694cfa77129fd9a04ac6,100,MORO ROBERTO,MORO ROBERTO
per_9a030176ea217ee571ce,per_0c9ce45184f753723488,100,MOROZ RAUL,MOROZ RAUL
per_a88eafe8df8db97bda28,per_6ff38a4a7fe2a2da5c15,100,MOSCARIELLO OSCAR,MOSCARIELLO OSCAR
per_a88eafe8df8db97bda28,per_9921d31d4ff9741c04e4,100,MOSCARIELLO OSCAR,SCOTTO MARTIN ESTEBAN MOSCARIELLO OSCAR
per_6ff38a4a7fe2a2da5c15,per_9921d31d4ff9741c04e4,100,MOSCARIELLO OSCAR,SCOTTO MARTIN ESTEBAN MOSCARIELLO OSCAR
per_ee5a4f978b06f575007d,per_b28ae453ac235ddb815c,100,MOSCARIELLO OSCAR RUBINI HECTOR,RUBINI HECTOR
per_47012bb6dfc9b317e07d,per_68f9d48801a4a3b90503,100,MOSCATELO LUCIANO,MOSCATELO LUCIANO
per_32adbe78fbb7024f22f8,per_21c71bc3e7ead96b0f2e,100,MOSCHIONI RUBEN ANTONIO,MOSCHIONI RUBEN ANTONIO
per_91d85589757e567a8a1e,per_d35c536c6828fb2b498e,100,MOSER GUILLERMO,MOSER GUILLERMO
per_acabbf6975bf91d5471a,per_abd54091f7b652ed841a,100,MOTA FAUSTO,MOTA FAUSTO
per_5dea929122d773bbf0e6,per_e7e2237f77afe5a61eac,100,MOULIN DAVID OSCAR,MOULIN DAVID OSCAR
per_f4d85bb8a1f05a331752,per_740238a75752f09fa12b,100,MOURE JORGE MARTIN,MOURE JORGE MARTIN
per_7a8c03d8c555574617f5,per_43f6d3b7166ac26788d4,100,MOYANO FRANCISCO,MOYANO FRANCISCO
per_d5d495b979710ed33a75,per_845b3b8214a9c91b36ac,100,MOYANO JULIO,MOYANO JULIO
per_b9e91fb6a1935bd6a0e9,per_0a1adf294fed85d2c038,100,MUCHENIK BRUNO,MUCHENIK BRUNO
per_ad7010eb245913285017,per_4aa7306b8d86d37f9093,100,MUGNAI GISELA VANINA,MUGNAI GISELA VANINA
per_1beefa1f79675f078078,per_4ddd22990346a85e8a58,100,MUJICA FRANCO,MUJICA FRANCO
per_8f9f99e2c5225d6b7f50,per_57253dff5682ef7c7198,100,MUNIZ DIEGO JAVIER,MUNIZ DIEGO JAVIER
per_d7a9244bacb22a419f0e,per_0be49ee27a13fe6fca10,100,MUNIZ GUILLERMO,MUNIZ GUILLERMO
per_8972e2fae8c9ec2952fd,per_375bebea0bcc872247d1,100,MUNOZ ARNALDO GABRIEL,MUNOZ GABRIEL
per_8972e2fae8c9ec2952fd,per_69ee7bda658ebfb6d246,100,MUNOZ ARNALDO GABRIEL,MUNOZ GABRIEL
per_375bebea0bcc872247d1,per_69ee7bda658ebfb6d246,100,MUNOZ GABRIEL,MUNOZ GABRIEL
per_e9bd248ffe18ed228f3c,per_b151dcb2c68de9417dde,100,MUNOZ GABRIELA LUCIANA MABEL,MUNOZ GABRIELA LUCIANA MABEL
per_1dc1d6e98d0aebb64cbc,per_b18edb4e4dfb7e84b8a2,100,MUNOZ JOSE,MUNOZ JUAN JOSE
per_1e54f0b447894a343ee8,per_cff0c7dc69733d805533,100,MUNOZ JUAN CARLOS,MUNOZ JUAN CARLOS
per_a56b97dfb0bfe58da20e,per_48711b08acc27c4144d6,100,MUNOZ LAURA PATRICIA,MUNOZ LAURA PATRICIA
per_6ced13328d89d15c6e16,per_7f9486d7e07b89acd552,100,MUNOZ LOPEZ MARIA GUADALUPE,MUNOZ LOPEZ MARIA GUADALUPE
per_522e9c7eaa536f797bf6,per_5e0e00283ca062024a89,100,MUNOZ MARIA,MUNOZ MARIA
per_522e9c7eaa536f797bf6,per_b0d92357013d5826679b,100,MUNOZ MARIA,MUNOZ ROSARIO MARIA
per_5e0e00283ca062024a89,per_b0d92357013d5826679b,100,MUNOZ MARIA,MUNOZ ROSARIO MARIA
per_83d9c67f0e6e564b9713,per_3c6dac3e640b149ab5df,100,MURIEL SANCHEZ LUIS FERNANDO,SANCHEZ FERNANDO
per_c230080cee3d882449d9,per_6250f1cc696dfd8d32b6,100,MURILLO JOSE NICOLAS,SBARRA RODRIGO MURILLO JOSE NICOLAS
per_50763ce6f9d115397824,per_18e9fd904eb5e624f1ca,100,MURILLO PABLO,MURILLO PABLO
per_6ad4af4b522b31b5dd5a,per_f16f815d8be481891300,100,MURO EZEQUIEL,MURO EZEQUIEL
per_985f7a7df020981490a6,per_f9a3564fe9556a7ca5a0,100,MURUAGA IGNACIO JOSE,MURUAGA IGNACIO JOSE
per_78a98074c1f96057d6b2,per_c1f0c4a81c9b410a3f71,100,MUSLERA LARCADE JULIO ROLANDI JOSE,ROLANDI JOSE
per_78a98074c1f96057d6b2,per_a54fd7b0539c7ba7cac7,100,MUSLERA LARCADE JULIO ROLANDI JOSE,ROLANDI JOSE
per_a805e68b17a25b48bbbf,per_1c76f33581d646f85c17,100,MUZIO MARIA EUGENIA,MUZIO MARIA EUGENIA
per_30792e397a92e58b637a,per_4687a45433b7157dca20,100,MUZZIO ALBERTO,MUZZIO ALBERTO
per_17825daf0e1133d9f88b,per_d0639623a41b79800641,100,MYKA CARMEN,MYKA CARMEN
per_9048a4c762af09741c5c,per_3cb4e946eb48fcdaaad6,100,NAGY GUSTAVO,NAGY GUSTAVO
per_905ff060f6cef4e43248,per_09ca2121961873b748aa,100,NALDI ROBERTO,NALDI ROBERTO
per_b1fdc1e71e43d9970ffc,per_83c14ec058b09a49ea61,100,NAON ROCIO,NAON ROCIO
per_5a1caabadf20c7785571,per_217cd1e19c71c0814d16,100,NARANJO MARIO FELIX,NARANJO MARIO FELIX
per_8bc249374d169e4f9e7a,per_5d740bf993d82e17fbe5,100,NARVAJA PABLO,NARVAJA PABLO
per_1f9a650a435aeaa09b90,per_352af36a18fa0ea4be6b,100,NASER CESAR,NASER CESAR
per_91f3c7a4037ab75fda75,per_d698182b1add81730d96,100,NASI FERNANDO DANIEL,NASI FERNANDO DANIEL
per_68d232af040eee370c6f,per_0fceefc4e5714baaa208,100,NATALE HERNAN,NATALE HERNAN
per_450179d1395cdfa70fe1,per_d28fa792e698095c5ee7,100,NATALIA EPSTEIN,NATALIA EPSTEIN
per_461aa8918212ddb7ac80,per_7e20b3151aa03964f504,100,NATALY SULCA,RIZZUTO SEBASTIAN EMILIO VILA JOSE LUIS NATALY SULCA
per_485f3cbbe622f5b523dd,per_95d317d9c7de57b98d1d,100,NAVARRE LETICIA BEATRIZ,NAVARRE LETICIA BEATRIZ
per_485f3cbbe622f5b523dd,per_26b0f7a3b6de99e60688,100,NAVARRE LETICIA BEATRIZ,VILLARINO EMILIO ALBERTO NAVARRE LETICIA BEATRIZ
per_95d317d9c7de57b98d1d,per_26b0f7a3b6de99e60688,100,NAVARRE LETICIA BEATRIZ,VILLARINO EMILIO ALBERTO NAVARRE LETICIA BEATRIZ
per_fc141aa4fda2f5334760,per_90d39cf80e8604c4501f,100,NAVARRO ERNESTO,NAVARRO ERNESTO
per_84f4b2bffe7b5982982b,per_644cefb8acf3c7aa03f0,100,NAVARRO FERNANDO,NAVARRO FERNANDO
per_644cefb8acf3c7aa03f0,per_6d32ce494fecad59f118,100,NAVARRO FERNANDO,NAVARRO MARTIN FERNANDO
per_2b2180efed49d7979d22,per_1d293aa3f770e993afd6,100,NAVARRO JUAN MANUEL,NAVARRO JUAN MANUEL
per_d549f58628ae113c4357,per_72c3016dbc2e7ee5e127,100,NAVARRO JUAN PABLO,NAVARRO PABLO
per_fa4c6351c6bc3feb233b,per_b05b0b769f765eea51d9,100,NAVARRO ROBERTO,NAVARRO ROBERTO
per_d2173c4b3921fea9819c,per_810bdd8370fa01ae9ddc,100,NAVARTA FACUNDO,NAVARTA FACUNDO
per_e005984ab1fe8bd9ff9e,per_61704fc51548244c5b65,100,NAVARTA FACUNDO SERENELLINI EDUARDO,SERENELLINI EDUARDO
per_e005984ab1fe8bd9ff9e,per_144d05305dbcc2538a1a,100,NAVARTA FACUNDO SERENELLINI EDUARDO,SERENELLINI EDUARDO
per_10035e2e84016a421f94,per_39cbf4665ea25c4c7ffd,100,NAVEYRA PATRICIO,NAVEYRA PATRICIO
per_10035e2e84016a421f94,per_8de119eb61789b1f5598,100,NAVEYRA PATRICIO,PACHECO MONICA MARICEL NAVEYRA PATRICIO
per_39cbf4665ea25c4c7ffd,per_8de119eb61789b1f5598,100,NAVEYRA PATRICIO,PACHECO MONICA MARICEL NAVEYRA PATRICIO
per_82a297baa1cc6bad93bb,per_bdeb740dd3fcb270c943,100,NEGRI RODOLFO,NEGRI RODOLFO
per_2639a70b184e2d9005b2,per_4daa1985a84ef6d79de3,100,NEGRO ALEJANDRO,NEGRO ALEJANDRO
per_bee2047f13d299577427,per_99d17dc1667ae8e5362a,100,NEIFFERT SERGIO DARIO,NEIFFERT SERGIO DARIO
per_e0e768d548a73485f714,per_ac7e4413705fac8151ff,100,NEIFFERT SERGIO DARIO PATURLANNE GUSTAVO,PATURLANNE GUSTAVO
per_4fd9270551ae0737a47c,per_acd00ee592219281c644,100,NESTOR FABIAN,ROJAS NESTOR FABIAN
per_1814d2b70e885c512a50,per_87366819856d056fb45b,100,NEUMANN JACQUELINE SOLEDAD,NEUMANN JACQUELINE SOLEDAD
per_d4130040a17f18bc4c8f,per_cc9b5fa231f351eeb55e,100,NICOLINI MARIA SUSANA,NICOLINI MARIA SUSANA
per_5ea8933ded4252e24cec,per_cac865080bc13cb06494,100,NICOLINI SEBASTIAN,NICOLINI SEBASTIAN
per_1fd133abca83e985e7ab,per_df8fece3e21b446ec3c3,100,NIELSEN ALAN,NIELSEN ALAN
per_8a8a310e0058d111fe4e,per_c8c5bfa978b48e50ae26,100,NIERI LISANDRO,NIERI LISANDRO
per_0a32ca171173b145d83f,per_c1b057ca73e0118cf84c,100,NIETO CHRISTIAN,NIETO CHRISTIAN
per_3efe5be024dde766e97d,per_cdb1dee744244b515118,100,NIGHOSSIAN GUSTAVO,NIGHOSSIAN GUSTAVO
per_cdf326b35e04827801c2,per_9e4a79d7f48b33d91427,100,NILDA ROSA ROJAS,PACHECO MONICA MARICEL NILDA ROSA ROJAS
per_f1543ad0fe6921e20a47,per_881d121bf238d8756879,100,NIMO ALEJANDRO,NIMO MARCELO ALEJANDRO
per_263743b8c0c9d77e827f,per_52bbe087f7734868faf4,100,NIPOTI DANIELA,NIPOTI DANIELA
per_f75429e998d89405efeb,per_74866e119942b798173a,100,NISTOR RODRIGO,NISTOR RODRIGO
per_013c0a9bd99d432658cc,per_b815eea624d030d205f0,100,NOFAL BEATRIZ DORA,NOFAL BEATRIZ DORA
per_ee7fab188a226b464a32,per_772b865c293acd1c375e,100,NORA GIMENEZ,NORA GIMENEZ
per_b0a6152da2ef0db6039b,per_86e235248c23370d2e27,100,NOSIGLIA RICARDO,NOSIGLIA RICARDO
per_709858e18b111b6d86cc,per_57d87c9aecb99b10e324,100,NOVELLO JUAN MANUEL,NOVELLO JUAN MANUEL
per_87b6f8caf2dea23f43fc,per_0f3c21c5c748ac59e663,100,NOVICK NICOLAS,NOVICK NICOLAS
per_b5d4c27feeb0b8774c43,per_a8d5fc0bc897f3664aa6,100,NOVIK JORGELINA,NOVIK JORGELINA
per_dc9283f13b56cd3f1c23,per_3ca857af3d054cb52808,100,NOWOTNY PABLO GUSTAVO,NOWOTNY PABLO GUSTAVO
per_1c1e6159fb6f2558f3cc,per_89974c9f24a07bdfb3ef,100,NUGENT CIARA,NUGENT CIARA
per_bbd1d5553a338c285e1f,per_4d3a993d3bc877d47fa3,100,NUNEZ ADRIAN,NUNEZ CARLOS ADRIAN
per_000bf51938a95da90a83,per_28589768ef526e50ef17,100,NUNEZ CARLOS,NUNEZ CARLOS
per_000bf51938a95da90a83,per_ddb39acca4eba90dba1f,100,NUNEZ CARLOS,NUNEZ JOSE CARLOS
per_28589768ef526e50ef17,per_db9c8aeb36ab59fd4c11,100,NUNEZ CARLOS,NUNEZ JOSE CARLOS
per_28589768ef526e50ef17,per_ddb39acca4eba90dba1f,100,NUNEZ CARLOS,NUNEZ JOSE CARLOS
per_9659ef64aa8b51003a1b,per_0793469e066c872b2557,100,NUNEZ CRISTIAN,NUNEZ CRISTIAN
per_ec717a483c86583ee6b8,per_a5954d80b5d43e0fec07,100,NUNEZ EMANUEL,NUNEZ EMANUEL
per_0baf5f9acf50636a4579,per_db77880e8f1c03d54a50,100,NUNEZ EMILCE,NUNEZ EMILCE
per_3db0ea6c471ae6a38a6a,per_572f3907d2930ee7741b,100,NUNEZ EMILIANO,NUNEZ EMILIANO
per_1f8e07db879e379d0a58,per_22ffcc43fa531189e057,100,NUNEZ FEDERICO,NUNEZ FEDERICO
per_db9c8aeb36ab59fd4c11,per_ddb39acca4eba90dba1f,100,NUNEZ JOSE CARLOS,NUNEZ JOSE CARLOS
per_09ae6542853f56f8b80b,per_03e346b33713cb07eec6,100,NUNEZ LAUTARO,NUNEZ LAUTARO
per_c2dfeb4944b68588ace6,per_6501851466ada770a195,100,NUNEZ LAUTARO MARTIN,NUNEZ LAUTARO MARTIN
per_e94fd9403f3b85f5b959,per_3621537a560f9c37f158,100,NUNEZ YANINA,PRADO JOSE GUAYMAS CARLOS NUNEZ YANINA
per_39a17f54852fcc8af677,per_522ad552daaf05adb174,100,OBEID CECILIA,OBEID CECILIA
per_9aecccf65538b9eac044,per_e4df32005b74fc934115,100,OCAMPO CARLOS,OCAMPO CARLOS
per_9d3c987aacd18b0dd4a9,per_d88fae94ec7f5c872a4c,100,OCAMPO EMANUEL MIGUEL,OCAMPO MIGUEL
per_9d3c987aacd18b0dd4a9,per_e87ade6b8bb400693a7d,100,OCAMPO EMANUEL MIGUEL,OCAMPO MIGUEL
per_d88fae94ec7f5c872a4c,per_e87ade6b8bb400693a7d,100,OCAMPO MIGUEL,OCAMPO MIGUEL
per_f6b8db080b3cd42adfc3,per_ecfd5eb227b0a85e7bec,100,OCAMPO NOELIA,OCAMPO NOELIA
per_a18893862c58581df63a,per_e4eec7afd706de7dddda,100,OCCHIUZZI JUAN CARLOS,OCCHIUZZI JUAN CARLOS
per_912acbb8946711141170,per_2e1067d7a49720752e47,100,OCHOA SONIA,OCHOA SONIA
per_c7d0d8690831b5a5c120,per_4837d6f63d248f2e75b2,100,ODONELL GASTON,ODONELL GASTON
per_906690c4613a34648d84,per_4bea9266368caaf2fae1,100,ODRIOZZOLA CARLOS,ODRIOZZOLA CARLOS
per_a789cb2f03cab5d0a002,per_7d64ffffc65d844e6d33,100,OJEDA CARLOS,OJEDA CARLOS
per_1125b8ce9e3f4903b4d1,per_459f840377e8aad23be5,100,OJEDA DANIEL,OJEDA DANIEL
per_427eef7af72b758a3b4d,per_93601b2f38205ec1a35e,100,OJEDA JOAQUIN,OJEDA JOAQUIN
per_31af95177c396526d60a,per_2a91ff0fe82c3eabd145,100,OJEDA LEONARDO,OJEDA LEONARDO
per_26dbb114270135a93d63,per_0a98a9e73b9d4d205d70,100,OLIMA ESPEL JUAN MANUEL,OLIMA ESPEL JUAN MANUEL
per_66c8259d7aa8e58e263d,per_1a815819507d6b6d9d57,100,OLIVA CRISTIAN,OLIVA SEBASTIAN CRISTIAN
per_5a737ec6c3a3f025dbcb,per_9c274e5594fae24489e4,100,OLIVAN MARIA JULIA,OLIVAN MARIA JULIA
per_87ad48202d60bd7e44d3,per_0c6f85821d2e06986387,100,OLIVERA LUCIANO EMANUEL,OLIVERA LUCIANO EMANUEL
per_749c84e14fdc0db62fde,per_63b249e8374748845215,100,OLIVERA SANTIAGO,OLIVERA SANTIAGO
per_daf8dc979db58874e63e,per_4a5bd4b7cb4cade6ffda,100,OLIVERI PINTO ROBERTO LUIS,OLIVERI PINTO ROBERTO LUIS
per_586009ab058a35920e98,per_a8625b73cae7978b9e4e,100,OLIVERO MATIAS EZEQUIEL,OLIVERO MATIAS EZEQUIEL
per_c3948deeb061bbd8b3f3,per_224d193eac56e8fd7c11,100,OLIVIA MARIA LOURES,OLIVIA MARIA LOURES
per_bb50d6385e189e63292d,per_ef070e4b339f52808152,100,OLIVIERI MARIA GRACIANA,OLIVIERI MARIA GRACIANA
per_f8199c7ae31ee9242d54,per_595c2c062a16451583f4,100,OLIVIERI PINTO ROBERTO LUIS,OLIVIERI PINTO ROBERTO LUIS
per_bbc02a717705c446c544,per_60d08715742bd08b8c89,100,OLMEDO ALFREDOORACIO,OLMEDO ALFREDOORACIO
per_06f06e8e6a594b36f976,per_c0a20fea4687284ece5d,100,OLMOS JUAN,OLMOS JUAN
per_67408b8ea994ef84f5c9,per_0d1e3fbb0d9562631f44,100,OLMOS MAGDALENA,OLMOS MAGDALENA
per_67408b8ea994ef84f5c9,per_7d569225b32ff04dc04a,100,OLMOS MAGDALENA,OLMOS MAGDALENA MARIA
per_0d1e3fbb0d9562631f44,per_7d569225b32ff04dc04a,100,OLMOS MAGDALENA,OLMOS MAGDALENA MARIA
per_871605aead7002fbc8a4,per_2f7c5453bc3bb49ccdd3,100,OLMOS RETAMAR MARIA JOSE,OLMOS RETAMAR MARIA JOSE
per_d646bcd8ce060f45af4b,per_038ef36ff37f501adecc,100,OLSEN JUAN PABLO,OLSEN JUAN PABLO
per_5c9f288e57f513d9008f,per_82d788a5157fe81fd6a0,100,OMINETTI JORGELINA,OMINETTI JORGELINA
per_feeb742efdcbbd9206c0,per_44517fecadb728019e45,100,OMODEO PAULA,OMODEO PAULA
per_ee6b1612b6a0ce17bdf8,per_d7b1960b9a48b1a97978,100,OMUR BUDAK,SULEYMAN OMUR BUDAK
per_5f836fdb8ae52d55f1f4,per_5bdea81e1d98eedca9d6,100,ONETO AMANCIO,ONETO AMANCIO
per_b862ed646cf1813aa01f,per_973f0c0fd21c8cc6ac86,100,ONETO NORBERTO ANIBAL,ONETO NORBERTO ANIBAL
per_9f1f7dbd4320f2e122f6,per_5557b3d32793c1d790c6,100,ONOFRIO SOFIA,ONOFRIO SOFIA
per_8581c3e21b30b536b0d4,per_ea2719c119e84c1ae5f6,100,ONTIVERO EZEQUIEL,ONTIVERO EZEQUIEL
per_488883513b201987588d,per_1be41c0abddcf279e741,100,OPEKA IRENE SILVIA,OPEKA SILVIA
per_488883513b201987588d,per_fed60a80957efe53a490,100,OPEKA IRENE SILVIA,OPEKA SILVIA IRENE00613857500 OPEKA IRENE SILVIA
per_488883513b201987588d,per_21161c4421d6c602ddf6,100,OPEKA IRENE SILVIA,OPEKA SILVIA IRENE00613857500 OPEKA IRENE SILVIA
per_3a5dcd766bc1b7f577d3,per_3ca0c251b6d5a58d8553,100,OPEKA LUCIA,OPEKA LUCIA
per_d89d7b3e318d4ccc2668,per_2ebfe50175aebe47ecb8,100,OPEKA LUCIA MUJICA FRANCO REYNAL ANGELES,REYNAL ANGELES
per_d89d7b3e318d4ccc2668,per_d6beaa33d43492f9a789,100,OPEKA LUCIA MUJICA FRANCO REYNAL ANGELES,REYNAL ANGELES
per_1be41c0abddcf279e741,per_fed60a80957efe53a490,100,OPEKA SILVIA,OPEKA SILVIA IRENE00613857500 OPEKA IRENE SILVIA
per_1be41c0abddcf279e741,per_21161c4421d6c602ddf6,100,OPEKA SILVIA,OPEKA SILVIA IRENE00613857500 OPEKA IRENE SILVIA
per_fed60a80957efe53a490,per_21161c4421d6c602ddf6,100,OPEKA SILVIA IRENE00613857500 OPEKA IRENE SILVIA,OPEKA SILVIA IRENE00613857500 OPEKA IRENE SILVIA
per_d76308f0dc8414d0239b,per_c499b9b0f6e065983901,100,OPEKA SILVIA SANDOVAL RUBEN,SANDOVAL RUBEN
per_d76308f0dc8414d0239b,per_71c21dd8cf47f33af018,100,OPEKA SILVIA SANDOVAL RUBEN,SANDOVAL RUBEN
per_1a6cf46e1a6668626d0c,per_7307641895139971757c,100,OPIDIO PERALTA,OPIDIO PERALTA
per_7f9e2af090fca3f3192e,per_9f15816adde585378d4d,100,ORCAJO ANA LAURA,ORCAJO ANA LAURA
per_7f9e2af090fca3f3192e,per_359eef97ad01f9d39331,100,ORCAJO ANA LAURA,SWANEPOEL JAMES ORCAJO ANA LAURA
per_9f15816adde585378d4d,per_359eef97ad01f9d39331,100,ORCAJO ANA LAURA,SWANEPOEL JAMES ORCAJO ANA LAURA
per_d1cb6d7c7b2c4ac8d766,per_6863af4b16d8c85e943c,100,OREILLY JORGE,OREILLY JORGE
per_7c3a44ccf540b6314008,per_7dec9489e2810c5830b1,100,ORELLA MAURO EZEQUIEL,ORELLA MAURO EZEQUIEL
per_7c3a44ccf540b6314008,per_4e9c560554fa56cce110,100,ORELLA MAURO EZEQUIEL,RAMIREZ NICOLAS ORELLA MAURO EZEQUIEL
per_7dec9489e2810c5830b1,per_4e9c560554fa56cce110,100,ORELLA MAURO EZEQUIEL,RAMIREZ NICOLAS ORELLA MAURO EZEQUIEL
per_c24ac866be6c7775b17c,per_769df9ca2c76887c6fc5,100,ORELLANA MIGUEL GASTON,ORELLANA MIGUEL GASTON
per_3d0dac0af6333652aadb,per_e0ed7dbfed18680cdbff,100,ORESTE EDUARDO,ORESTE EDUARDO
per_7f45629006f1ccf4e477,per_432458626c3a6a2e848a,100,ORESTE MARIANA GISELE,ORESTE MARIANA GISELE
per_dc7c879b886a95f4a57b,per_5a2f2aa34c9306a588db,100,ORIA SANTIAGO LUIS,ORIA SANTIAGO LUIS
per_b2ea871632e7ff21f1e5,per_46803148764c36bdf3c7,100,ORIOLO GABRIEL GONZALO,ORIOLO GABRIEL GONZALO
per_7ad7dd7cce3776b5ec47,per_d5e13f033e4e3c1aa7a5,100,ORLANDINI BIANCA,ORLANDINI BIANCA
per_7ca8a9676018fab05ee7,per_06e5eb1b04007badc30a,100,ORONA FACUNDO,ORONA FACUNDO
per_bbd2b9f67e9522f26005,per_a3d7e33c5e9137e28bf7,100,OROZCO EMILIA,OROZCO EMILIA
per_5b33c3f223c6932e76ad,per_1cd930ed768cb46b91f3,100,ORQUERA JUAN MANUEL,ORQUERA JUAN MANUEL
per_18c07a5643fc05b49d73,per_d98fe20db5d4fa166722,100,ORREGO MARCELO,ORREGO MARCELO
per_84617bb2f818e430ae28,per_d20a25b60f30a73197d7,100,ORSINI SABINA,ORSINI SABINA
per_f97663840c2d49a5a832,per_d9bdb0da66f10e21c26f,100,ORTIZ ADRIAN EDUARDO,ORTIZ EDUARDO
per_196ba4a28d6346d7477c,per_184e856e458ce035d9e0,100,ORTIZ CLAUDIA NOEMI,ORTIZ NOEMI
per_d9bdb0da66f10e21c26f,per_5dd83119c6bf53f6cfb3,100,ORTIZ EDUARDO,ORTIZ JAVIER EDUARDO
per_5ba2011e42ed1b092f87,per_2a2b5461bd64faca0a02,100,ORTIZ HORACIO,ORTIZ HORACIO
per_267fe061b55dfdd7d202,per_d2f7e17580079781d0b5,100,ORTIZ LUCIANO MARCOS GERMAN,ORTIZ LUCIANO MARCOS GERMAN
per_1821e215848372e0a310,per_9f65cbe712194da74b69,100,ORTIZ MARTIN,ORTIZ MARTIN
per_4aa3af69a43ae300e33a,per_bb56331b322e4c13c202,100,ORTIZ VICTORIA MARIA DEL PILAR,ORTIZ VICTORIA MARIA DEL PILAR
per_6ec3bfbf177ec41c8209,per_eddfa4dfb9aeaaad6c81,100,ORTUNO GUILLERMO,ORTUNO GUILLERMO
per_5c8f56559c3c5c4016e7,per_de51eca542eabd7daca4,100,OSES FACUNDO MARTIN,OSES FACUNDO MARTIN
per_b2f29887c197a533bf08,per_929b232499234bc0ff9a,100,OSORIO ROMERO CLAUDIO,ROMERO CLAUDIO
per_cc0c172942aee7cf04c2,per_9a9c2401b1315332bbe0,100,OSTERRIETH GERARDO,OSTERRIETH GERARDO
per_2ca54aa7c9e4a2586188,per_3ff0a5d97d0b581eed77,100,OSTUNI FERNANDO,OSTUNI FERNANDO
per_10c739ba32d1169bb5a4,per_3ff0a5d97d0b581eed77,100,OSTUNI FERNANDO,OSTUNI FERNANDO
per_20b14104bf32b8b6c164,per_08393e6dfa1c54d1126b,100,OTERO FABIAN ALEJANDRO,OTERO FABIAN ALEJANDRO
per_eb336cebd052c28012c8,per_f2c002a2f81f3b339dbf,100,OUSSET JUAN LUIS,OUSSET JUAN LUIS
per_8ad94b258215f0a045ca,per_b4ede4e13a78b5d5d356,100,OVIEDO LILIANA DEL CARMEN,OVIEDO LILIANA DEL CARMEN
per_607c0e9910f00ede0257,per_c7ce3f5865b657c231b2,100,OYARZO MANSILLA,OYARZO MANSILLA
per_4feccfc4b767ce21d896,per_7e307477176633a2c295,100,OZORES JUAN,OZORES JUAN
per_307a64b7377f84af43e0,per_518c09ea2818f647901e,100,P CHN ZHANG JUN,ZHANG JUN
per_307a64b7377f84af43e0,per_b1f1e25f2adb2436aa30,100,P CHN ZHANG JUN,ZHANG JUN
per_00ccf8adf0339e4b6904,per_5def0829afb908753101,100,PABLO COFAN,PABLO COFAN
per_9598f55070a50862740b,per_097d136800b0c921a221,100,PABLO FACUNDO CORNU,PABLO FACUNDO CORNU
per_5bf1765c6515f6ddaa7a,per_85fd63939b6f082fb48f,100,PACHECO MONICA MARICEL,PACHECO MONICA MARICEL
per_f3130787f8ec94f6efcd,per_d55b9116d9817cf72f6f,100,PACHECO NELSON,PACHECO NELSON
per_f3130787f8ec94f6efcd,per_cd4286b8e8d5795863a5,100,PACHECO NELSON,PACHECO PINEDO NELSON
per_d55b9116d9817cf72f6f,per_cd4286b8e8d5795863a5,100,PACHECO NELSON,PACHECO PINEDO NELSON
per_f3130787f8ec94f6efcd,per_a708bae791d5a12885d0,100,PACHECO NELSON,SCHANG MARTINA LUCERO LUIS PACHECO NELSON
per_d55b9116d9817cf72f6f,per_a708bae791d5a12885d0,100,PACHECO NELSON,SCHANG MARTINA LUCERO LUIS PACHECO NELSON
per_f1416f34231e4084f22c,per_86fac09b38be7309db33,100,PACHECO NELSON ALEXANDER,PACHECO PINEDO NELSON ALEXANDER
per_c9466bf9c1f393580507,per_9a257e0c795ef7a54396,100,PACHECO SANTIAGO,PACHECO SANTIAGO
per_8e12f356a91049070913,per_33da75e055548a5ba6a8,100,PAGANINI NICOLAS RAUL,PAGANINI NICOLAS RAUL
per_d1d47e9affab238c0a3b,per_868c4dbf038ea96ce285,100,PAGANINI NICOLAS RAUL WERTHEIN GERARDO,WERTHEIN GERARDO
per_d1d47e9affab238c0a3b,per_b652f01580a50d6fc6c1,100,PAGANINI NICOLAS RAUL WERTHEIN GERARDO,WERTHEIN GERARDO
per_d596fca13d222dc61c4a,per_7af2a7f2fead14df530b,100,PAGANO MARIA,PAGANO MARIA
per_60f2f46c2d0933b50c00,per_0a03556b76dea8cd8b1e,100,PAGELLA HERNAN BURDMAN JULIO DARIO VALLEJOS MEANA MARIA SOELDAD,VALLEJOS MEANA MARIA SOELDAD
per_5a7ffde0f3a40c2721d2,per_4225361aae12fc857b4e,100,PAIS SILVIA,PAIS SILVIA
per_5267896648870505a16d,per_cbfc8474802296741618,100,PAKGOJZ NICOLAS,PAKGOJZ NICOLAS
per_d5b7591519b003e7f637,per_b92c32160a3258e0e3c6,100,PAKGOJZ NICOLAS QUINTANA FERREIRA HILDA DEL CARMEN,QUINTANA FERREIRA HILDA DEL CARMEN
per_0f8c29919c25bc650e6f,per_d7dec48ac3e8c83999c5,100,PALACIOS MARIANO,PALACIOS MARIANO
per_44901ef6ee80f277f3c4,per_d7dec48ac3e8c83999c5,100,PALACIOS MARIANO,PALACIOS MARIANO
per_0acf6127ece8028da3cd,per_7c6241e15a540b4b8cee,100,PALACIOS PAEZ GABRIELA FABIANA,PALACIOS PAEZ GABRIELA FABIANA
per_94b314bd1701f7de0b0a,per_d3ab95046f667cb04643,100,PALADINI EDUARDO JULIPO,PALADINI EDUARDO JULIPO
per_b1a4cc9462519128e457,per_de04d57e3e4d24e3254d,100,PALAZZI GUSTAVO,PALAZZI GUSTAVO
per_a215ef13ca94c94a77b6,per_e8137c2ac0f3ba645473,100,PALENQUE RAMIRO SCIOLI DANIEL,SCIOLI DANIEL
per_dfb3ed929f8d67c7a96e,per_a158f6345106ce51de2e,100,PALERMO ROMINA,PALERMO ROMINA
per_1d8b29c8ea7992840fd2,per_192c71189e8d2b5d9541,100,PALERMO SABRINA ELIZABETH,PALERMO SABRINA ELIZABETH
per_5e31d12ed80ae314eb7c,per_b934815793f3feeeb682,100,PALMIERI FABRIZIO,PALMIERI FABRIZIO
per_2c15f9dd0981e5ea81e8,per_a46b10e90c96b42c81ba,100,PALMISCIANO ANDREA,PALMISCIANO ANDREA
per_cf4e1568d7623ea0a1d2,per_8c358ea64dac2cacd94a,100,PALOMINA SOLEDAD,PALOMINA SOLEDAD
per_17fec1aa711682c6f9f7,per_a746dd5763cc9453f578,100,PANIAGUA MATIAS,PANIAGUA MATIAS
per_53d393cfc315f7577bdf,per_9085dcb64c1aed6d5a1c,100,PANIZZA LUIS GUILLERMO YAMAHUCHI HIROSHI,YAMAHUCHI HIROSHI
per_20dfffa6ca67bd1190d6,per_11811f90720d04f4eeff,100,PANOZZO MARCELO,PANOZZO MARCELO
per_75d670a85ab37d852507,per_80b9988c30566ba4294e,100,PANUCCI LUCAS,PANUCCI LUCAS
per_5acc99df97277187916b,per_f04e3f879c383195ebdd,100,PAOLTRONI FRANCISCO,PAOLTRONI FRANCISCO
per_42078f4836fedc465340,per_f04e3f879c383195ebdd,100,PAOLTRONI FRANCISCO,PAOLTRONI FRANCISCO
per_d8f1980353674a6ddccf,per_329d102575442dd96fae,100,PAPES VALENTINA,PAPES VALENTINA
per_3e107ebebd08f1a8ba2b,per_212b95870d7e8e70eeeb,100,PAPOUSEC ANDRES,PAPOUSEC ANDRES
per_a8c698b599d78be3f4d0,per_6f0778597e2fd4064024,100,PARDINI MARTA,PARDINI MARTA
per_d2f950e48384902a4044,per_5c8180dde1743bdb4d5f,100,PAREDES JOSE,PAREDES JOSE
per_9670c6261f36b9ad3ac0,per_d7df0256faa522f1ff04,100,PAREJA MARIA,PAREJA MARIA
per_237531c8e793ae188ddc,per_54cb27cec9943a29d4be,100,PAREJA MARIA EUGENIA,PAREJA MARIA EUGENIA
per_e7843a18b371b1a16367,per_1c86a494b4f2b0586a9f,100,PAREJA SEBASTIAN,PAREJA SEBASTIAN
per_1542c12684b5027ef21b,per_52f4183605cfba40c8f0,100,PARENTI LUIS ARMANDO,PARENTI LUIS ARMANDO
per_5aec865107bf9c779bae,per_2198dc6e1ef81b91d286,100,PARIGI SEBASTIAN ADORNI MANUEL SISER PATRICIA,SISER PATRICIA
per_5aec865107bf9c779bae,per_5427853b4f85e997ca93,100,PARIGI SEBASTIAN ADORNI MANUEL SISER PATRICIA,SISER PATRICIA
per_5aec865107bf9c779bae,per_4cacca80106092f52b1f,100,PARIGI SEBASTIAN ADORNI MANUEL SISER PATRICIA,SISER PATRICIA
per_2c51b2a195be2009aa71,per_ab373bcf8faa0222547c,100,PARISINI DANIEL,PARISINI DANIEL
per_296760f77e2bdf9b4f1f,per_c92d0fd547ec41de3732,100,PARK RODRIGO,PARK RODRIGO
per_c92d0fd547ec41de3732,per_3ea23e725cb30da61b15,100,PARK RODRIGO,PARK RODRIGO
per_0928d272587c131034f9,per_5097d2cb6262964b042d,100,PARODI MARIELA,PARODI MARIELA
per_9be04c9745b8a1cb862e,per_b9a91d948800f6d900b4,100,PARODI ROBERTO,PARODI ROBERTO
per_11c46a390ddae0037c3f,per_fe4e89a80a02a24d57ad,100,PARRA SOL,PARRA SOL
per_4870c92b8ebceabf2f96,per_1868949332513e4f7791,100,PARRONE WALTER RUBEN,PARRONE WALTER RUBEN
per_1d70737ffafdb68dacbb,per_80a094908d3a31e4d067,100,PARTULANNE GUSTAVO,PARTULANNE GUSTAVO
per_07851c50f889c028efc3,per_9299db8b78e19a4b2842,100,PASAGLIA ISMAEL,PASAGLIA ISMAEL
per_0ac10e0f9f1af34a4e62,per_696c259319b28faf1953,100,PASCARELLI HUGO ALEJANDRO,PASCARELLI HUGO ALEJANDRO
per_59d5c51ab8ba318167a3,per_33efbc16b7247698b79b,100,PASCUAL GONZALO,PASCUAL MERLO GONZALO
per_e9685f8f0675e80d8a6a,per_14c07ceb635b51e9a803,100,PASCUALI ANTONELLA,PASCUALI ANTONELLA
per_7f061ee779924b147945,per_7968f3f5fa4b32247fd1,100,PASIOS MARIA YAMILA,PASIOS MARIA YAMILA
per_ff9107c26b7f449af66b,per_4af153c8044e2bac5e5b,100,PASSAGLIA MANUEL,PASSAGLIA MANUEL
per_04495e76e79455f47646,per_c792b212d31f6eb41eea,100,PASTORE DANIEL,PASTORE DANIEL
per_3169fea9fc39047c4050,per_b379a3f3d121700ad8eb,100,PATERNO LUIS,PATERNO LUIS
per_be0eca03ade396b56bce,per_d5e915f5073b194aa344,100,PATRCIK VIGILESPIE,PATRCIK VIGILESPIE
per_882fe52df550a37ed74c,per_39000167d8e370b2433f,100,PATRICIA CARCOVA,PATRICIA CARCOVA
per_f49fbcf8fb1bb4479cad,per_bf91a85b6b37b757e327,100,PATRICIA OROZCO,PATRICIA OROZCO
per_f0a23f03bf4b9e3cc5de,per_0a106a545ddbcfafff26,100,PATRICIA VAZQUEZ,PATRICIA VAZQUEZ
per_e3609ef798cec35e3bd6,per_83cded4ea3fad561bde5,100,PATRIO MAZZEO,PATRIO MAZZEO
per_13a9c7e9cb8cb36d29f0,per_923cb715fc4a8a96c29f,100,PATSY JOAN,PATSY TORRENT JOAN
per_64bef05d7b3cf4ad4a36,per_55de8084fcb5a2ed6f81,100,PATTI LUIS,PATTI LUIS
per_55de8084fcb5a2ed6f81,per_f783fba0ed6645968495,100,PATTI LUIS,PATTI LUIS
per_a2e8c7b4e925585d837d,per_603600db77f0e6bc3d77,100,PAULA ALEJANDRA GAROFALO,PAULA ALEJANDRA GAROFALO
per_df5ae1b7454dd84f6127,per_2c8e5da2a78f9003ffa2,100,PAULI JORGE SANTIAGO,PAULI SANTIAGO
per_df5ae1b7454dd84f6127,per_cfae1983eb5f187bd211,100,PAULI JORGE SANTIAGO,PAULI SANTIAGO
per_2c8e5da2a78f9003ffa2,per_cfae1983eb5f187bd211,100,PAULI SANTIAGO,PAULI SANTIAGO
per_6ef5df465191c6717263,per_77de321c6a67a2d9a01b,100,PAUTASSI MARCELO,PAUTASSI MARCELO
per_da2559dca7af640e78bf,per_ec09e2eddc380e84e638,100,PAVAN JUAN PABLO,PAVAN JUAN PABLO
per_f4797784aaa38edc3ea6,per_aaa53b6b7a1913fb0888,100,PAZ CARLOS,PAZ CARLOS
per_79a64fa2e869357d88ad,per_b79c75580bb3157559d5,100,PAZ CARLOS SEBASTIAN MARTIN,SEBASTIAN MARTIN
per_b3950ec5f18c42324e28,per_a01cfac94e3ef5e51022,100,PAZ GONZALO,PAZ GONZALOPAZ GONZALO
per_0905fcce54ef4314fb44,per_1d195e235720257bb65e,100,PAZ MARCELA,PAZ MARCELA
per_dabfbd5c0397b48cf379,per_9b68d0eef5c3ae2f2b99,100,PAZ PAPA AUGUSTO,PAZ PAPA AUGUSTO
per_11ed6fa6144137f1f405,per_debdfa3acf1419f5c06f,100,PAZO JUAN,PAZO JUAN
per_4e202955f83a8aaf7858,per_2537c1a17d1f9403ce2c,100,PAZOS PABLO SEBASTIAN,PAZOS PABLO SEBASTIAN
per_e0fd450a157a1a951eb8,per_dd2d88b5d0fb930205b9,100,PECHERSKY NICOLAS,PECHERSKY NICOLAS
per_9fe0596e14ed2b3484b1,per_ec79f36db4038b421525,100,PEDACE RICARDO,PEDACE RICARDO
per_9580f4878e88174ff5c0,per_cee0943886e955299f9a,100,PEDERNERA NADIA SOLEDAD,PEDERNERA NADIA SOLEDAD
per_2892539088ffd9e15c0c,per_b665a3b3a60cd28810de,100,PEDREIRA FERNANDA TERESA,PEDREIRA FERNANDA TERESA
per_edc5f4683cb3ca74726a,per_960dbfdd97a2df6e81b4,100,PEDRINI FACUNDO,PEDRINI FACUNDO
per_87610aaf89ddf295a885,per_04d668dd96285fb21d2b,100,PEDRONI MATEO,PEDRONI MATEO
per_87610aaf89ddf295a885,per_28a0cf087b03c7dba806,100,PEDRONI MATEO,SBARRA RODRIGO PEDRONI MATEO
per_04d668dd96285fb21d2b,per_28a0cf087b03c7dba806,100,PEDRONI MATEO,SBARRA RODRIGO PEDRONI MATEO
per_b924968067c9dc2adb6e,per_99faba3c75c11db76693,100,PEIS GASTON,ROLANDI JOSE PEIS GASTON
per_b924968067c9dc2adb6e,per_a6b75d71ad5c885750c8,100,PEIS GASTON,SALORD JUAN MANUEL PEIS GASTON
per_b924968067c9dc2adb6e,per_802d0929d49966c41aa5,100,PEIS GASTON,SOLARI MARIA CONSTANZA GERMAN NICOLAS PEIS GASTON
per_ba3d975df5d67253294d,per_b376ac0a1cb8733f05a5,100,PELAYO HECTOR,PELAYO HECTOR
per_d9e436cc7f608a96f27a,per_610f3ce13833ffda7907,100,PELLEGRINI AGUSTIN ANDRES,PELLEGRINI AGUSTIN ANDRES
per_d9e436cc7f608a96f27a,per_f592890754229ac982f9,100,PELLEGRINI AGUSTIN ANDRES,SIRI FLORENCIA MARTINEZ HERMIDA MARIANO JOSE PELLEGRINI AGUSTIN ANDRES
per_610f3ce13833ffda7907,per_f592890754229ac982f9,100,PELLEGRINI AGUSTIN ANDRES,SIRI FLORENCIA MARTINEZ HERMIDA MARIANO JOSE PELLEGRINI AGUSTIN ANDRES
per_81c66eb2420dbac5386f,per_57d5cdb941a9eecf72c0,100,PELOSO RUBEN,PELOSO RUBEN
per_39cab707f41251e6ea9f,per_65e3f6a22b900d01eb16,100,PELUC JOSE,PELUC JOSE
per_39cab707f41251e6ea9f,per_f5b6c963517facfd7fe7,100,PELUC JOSE,RIZZUTO SEBASTIAN EMILIO PELUC JOSE
per_65e3f6a22b900d01eb16,per_f5b6c963517facfd7fe7,100,PELUC JOSE,RIZZUTO SEBASTIAN EMILIO PELUC JOSE
per_361e32c71176eba8cfee,per_4ebcee7472e9fbe15cbb,100,PENA ALFONSO,PENA ALFONSO
per_581019a00914d3932600,per_243864f2d9a696de3389,100,PENA MUNOZ DARIO,PENA MUNOZ DARIO
per_26b2efa40c5e18736d06,per_635d26a1d72ad46a8862,100,PENER TOMAS SEBASTIAN,PENER TOMAS SEBASTIAN
per_1bf0d55d1a0b55f72be4,per_b1105727a2569ae58e10,100,PEPE ARMANDO,PEPE ARMANDO
per_9ca59b89ffe9a0b1b2f6,per_153578e29f1d08b1d48e,100,PEPE GABRIELA,PEPE GABRIELA
per_9f30754224052d31edff,per_67aab34e7b917d7a4ebf,100,PEPE PAULA NATALIA,PEPE PAULA NATALIA
per_c6006d1b5bfac72dc77e,per_73e3fe54fd308d1a1dae,100,PERALTA DAIANA,PERALTA DAIANA
per_1ab01021226add5b0939,per_f28ea4f3e383604269a0,100,PERALTA GUSTAVO IVAN,PERALTA GUSTAVO IVAN
per_c1ab3803c5c8d064d4f5,per_38b01b39056343973aa2,100,PERALTA MARIANA,PERALTA MARIANA
per_11cabf479867e07b6834,per_073c329de1849f206a04,100,PERALTA ROCIO ESTEFANIA,SPONER MIGUEL ANGEL PERALTA ROCIO ESTEFANIA
per_97af53638d7ca18e2a5f,per_2a32b0fdaaa8748bcc2b,100,PERALTA ROSARIO,PERALTA ROSARIO
per_412304a96aad40dcc0d1,per_bed4402fe8b0a8f8b35a,100,PERALTA SOLEDAD,PERALTA SOLEDAD
per_c94e8086ca786fdc2846,per_884907478c8a1662f662,100,PERANDONES ALEJANDRO,PERANDONES ALEJANDRO
per_703838df57ba10814af1,per_9625de2b20db44799aa5,100,PERCHIK MARIO ISMAEL,PERCHIK MARIO ISMAEL
per_24be93ce0352961d136f,per_8168e56e35d92770589f,100,PEREIRA DIEGO,PEREIRA DIEGO
per_3802ed9b191232c60623,per_022c9bece95e65c908dc,100,PEREIRA JULIETA,PEREIRA JULIETA
per_a8404b8063bf77ea965c,per_61c4908bce1e27b40db4,100,PEREIRA PABLO ALEJANDRO,PEREIRA PABLO ALEJANDRO
per_b435bf0408b2811a8de3,per_f3b9eb8a99e3829fb133,100,PERELLI MARIA CANDELARIA,PERELLI MARIA CANDELARIA
per_2474bd262cdf99cf0bcf,per_b9e68b1503342e347e66,100,PERES ELENA,PERES ELENA
per_03f0beb5deeb326e81e9,per_2d7b57a4362a589f2125,100,PEREYRA ANA MARIA,PEREYRA CASADO MICHELLE JAIME ANA MARIA
per_03f0beb5deeb326e81e9,per_0c8af8d5294d57e20969,100,PEREYRA ANA MARIA,PEREYRA CEBREIRO ANA MARIA
per_1b8d2739d59ddb0c6299,per_e35b2d979e774280e7b8,100,PEREYRA CASADO MICHELLE,PEREYRA CASADO MICHELLE
per_1b8d2739d59ddb0c6299,per_394ac2c6889d67c734c1,100,PEREYRA CASADO MICHELLE,PEREYRA MICHELLE
per_e35b2d979e774280e7b8,per_394ac2c6889d67c734c1,100,PEREYRA CASADO MICHELLE,PEREYRA MICHELLE
per_580123eea94b4fc59260,per_0d467f16cad944e3ead9,100,PEREYRA DE OLAZABAL JORGE REYNALDO,PEREYRA JORGE REYNALDO
per_4f6bb3b5bf9a5d961b2f,per_c5d3aa4256eb2d080a6f,100,PEREYRA DIEGO MANUEL,PEREYRA DIEGO MANUEL
per_8b365a584216e9b832f2,per_4a6991c731ff2889bcbc,100,PEREYRA FABIAN MAXIMILIANO,PEREYRA MAXIMILIANO
per_8b365a584216e9b832f2,per_d8f02c1c75d69a3acf4c,100,PEREYRA FABIAN MAXIMILIANO,PEREYRA MAXIMILIANO
per_805a2204f4018be79302,per_4a6991c731ff2889bcbc,100,PEREYRA FRANCISCO MAXIMILIANO,PEREYRA MAXIMILIANO
per_805a2204f4018be79302,per_d8f02c1c75d69a3acf4c,100,PEREYRA FRANCISCO MAXIMILIANO,PEREYRA MAXIMILIANO
per_fcfa1c5818a990c36525,per_0c9ec0860f69c26ae398,100,PEREYRA LORENA,PEREYRA LORENA
per_4a6991c731ff2889bcbc,per_d8f02c1c75d69a3acf4c,100,PEREYRA MAXIMILIANO,PEREYRA MAXIMILIANO
per_59ec7ea99fb3ce340d95,per_908551fffd78ecf4ec50,100,PEREYRA NADIA,PEREYRA NADIA
per_22766cf5c5d6e8d0456f,per_3d94bfe4438d7645ddbc,100,PEREYRA NICOLAS GENUA DARIO VERMIGLI LORENZO,VERMIGLI LORENZO
per_19ff02dd6bd16787eceb,per_5547861cd0014c2436c3,100,PEREYRA SERGIO EMILIO,PEREYRA SERGIO EMILIO
per_471d3974943615e7b78e,per_e7149d58ca3e7fff9f76,100,PEREZ ADRIANA,PEREZ ADRIANA
per_471d3974943615e7b78e,per_464c58af74908731bd35,100,PEREZ ADRIANA,PEREZ PERDOMO RAIMAR ADRIANA
per_e7149d58ca3e7fff9f76,per_464c58af74908731bd35,100,PEREZ ADRIANA,PEREZ PERDOMO RAIMAR ADRIANA
per_7653121776d48dfdc089,per_f5d19ca7a229c1675eb9,100,PEREZ AGUIN NATALIA,PEREZ AGUIN NATALIA
per_4f27ecf01e8737c23a2e,per_68dc8f066014dca61f4f,100,PEREZ CHICONI SANTIAHO,PEREZ CHICONI SANTIAHO
per_cc14542b4965734e3ac4,per_ae12e0810cd08fd7a65f,100,PEREZ CRISTINA,PEREZ ORDONEZ VERONICA CRISTINA
per_994272d84887138651dd,per_52c541d4c342f40a767f,100,PEREZ DANIEL JACINTO,PEREZ DANIEL JACINTO
per_ed54ae513be4feca6583,per_daa27e4691c0754a4f54,100,PEREZ DANIELA,PEREZ MADRUGA DANIELA
per_a7df4f7909b287e04652,per_70e8d8fd1df3332c51a7,100,PEREZ DAVID ALEJANDRO,PEREZ DAVID ALEJANDRO
per_eb2cf22f7acedc5b714f,per_f1a0403a0e7a0bea53df,100,PEREZ DE EULATE MANUEL,PEREZ DE EULATE MANUEL
per_eb2cf22f7acedc5b714f,per_4835d29ba863029c3c9e,100,PEREZ DE EULATE MANUEL,PEREZ MANUEL
per_f1a0403a0e7a0bea53df,per_4835d29ba863029c3c9e,100,PEREZ DE EULATE MANUEL,PEREZ MANUEL
per_ff5d81dedac0750f6d2e,per_447fa1280d6d55c2cc6e,100,PEREZ DE SOLAY MARTIN,PEREZ DE SOLAY MARTIN
per_ff5d81dedac0750f6d2e,per_33b0ff565a404e80b51d,100,PEREZ DE SOLAY MARTIN,PEREZ MARTIN
per_447fa1280d6d55c2cc6e,per_33b0ff565a404e80b51d,100,PEREZ DE SOLAY MARTIN,PEREZ MARTIN
per_99ba24461b1ec49367c7,per_06dae4b8bd0c587c0872,100,PEREZ EDGAR RENE,PEREZ EDGAR RENE
per_380b809f724cb7d13f6e,per_fdc46f449cb5de1b5197,100,PEREZ FLAVIA MARIA,PEREZ MARIA
per_484464fc104b3618d7c9,per_c31e8165aeb52692bb75,100,PEREZ FONTIVERO FERNANDO,PEREZ FONTIVERO FERNANDO
per_79766b1e7657b5518584,per_5eb0d28d6a4c55bc7b85,100,PEREZ FRANCISCO ABDON,PEREZ FRANCISCO ABDON
per_37fffe10f72bfc728582,per_fdc46f449cb5de1b5197,100,PEREZ FRIGNOCA INES MARIA,PEREZ MARIA
per_27740e0e10c1f0804a55,per_275e2186b62fc683bd43,100,PEREZ GABRIELA PATRICIA,PEREZ PATRICIA
per_770393bf10b1f426139d,per_0724eb3ed8e6102ecb48,100,PEREZ GRAZIANO RODRIGO,PEREZ RODRIGO
per_caa75440c44884786771,per_d12b4bcee13555066cb3,100,PEREZ HECTOR,PEREZ HECTOR
per_a97f4ac98b5c9bbc8b41,per_d55f3385e5a32d6a5f46,100,PEREZ HEREDIA SILVINA,PEREZ HEREDIA SILVINA
per_a97f4ac98b5c9bbc8b41,per_45acbf21a879cfdf1df9,100,PEREZ HEREDIA SILVINA,PEREZ SILVINA
per_d55f3385e5a32d6a5f46,per_45acbf21a879cfdf1df9,100,PEREZ HEREDIA SILVINA,PEREZ SILVINA
per_34acaeb81e9291ca5026,per_9949369a909bba06c9a5,100,PEREZ JOSE,PEREZ JOSE
per_34acaeb81e9291ca5026,per_c31c47e0ad2134476187,100,PEREZ JOSE,PEREZ MARIA JOSE
per_9949369a909bba06c9a5,per_c31c47e0ad2134476187,100,PEREZ JOSE,PEREZ MARIA JOSE
per_9949369a909bba06c9a5,per_21f5e54dfc3fde1b87da,100,PEREZ JOSE,PEREZ MARIA JOSE
per_34acaeb81e9291ca5026,per_871fad9ff6b2028d6c77,100,PEREZ JOSE,PEREZ PONISIO FELIPE JOSE
per_9949369a909bba06c9a5,per_871fad9ff6b2028d6c77,100,PEREZ JOSE,PEREZ PONISIO FELIPE JOSE
per_9949369a909bba06c9a5,per_3b466c3c0b7acbddce67,100,PEREZ JOSE,PEREZ VANMORLEGAN MARIA JOSE
per_0a1a31d9fd9c61bc5066,per_6ab3e3b33178a436e911,100,PEREZ JOSE ROMAN,PEREZ JOSE ROMAN
per_0a1a31d9fd9c61bc5066,per_75721564888877153b7a,100,PEREZ JOSE ROMAN,TOLABA MIRIAM ROXANA PEREZ JOSE ROMAN
per_6ab3e3b33178a436e911,per_75721564888877153b7a,100,PEREZ JOSE ROMAN,TOLABA MIRIAM ROXANA PEREZ JOSE ROMAN
per_ac8bfbc121291d5006df,per_6f9bed2e853332a20028,100,PEREZ JUAN PABLO,PEREZ PABLO
per_192f0e1dbaab128c2632,per_79b9578c8bc995e1f2d1,100,PEREZ JULIO CESAR,PEREZ JULIO CESAR
per_c7359d6d2e78fc30052d,per_7485f9495581a591c63e,100,PEREZ LEANDRO MARCELO,PEREZ MARCELO
per_9adb73c9164258ab2b0a,per_aee8c254c7382cbae2e5,100,PEREZ LEON BARRETO MAXIMO,PEREZ LEON BARRETO MAXIMO
per_9adb73c9164258ab2b0a,per_55b732bce50104423d7f,100,PEREZ LEON BARRETO MAXIMO,PEREZ LEON MAXIMO
per_aee8c254c7382cbae2e5,per_55b732bce50104423d7f,100,PEREZ LEON BARRETO MAXIMO,PEREZ LEON MAXIMO
per_8fe240365a492b519280,per_9c558aa7402e1b3f3b0c,100,PEREZ LEONARDO,PEREZ WALTER LEONARDO
per_40ac1a21774dcadd208c,per_35e37a1a6fcaead5a8a1,100,PEREZ LUCIANO TOMAS SERVENTI MARIA ALEJANDRA,SERVENTI ALEJANDRA
per_40ac1a21774dcadd208c,per_46f5607302db3fdf1c2b,100,PEREZ LUCIANO TOMAS SERVENTI MARIA ALEJANDRA,SERVENTI MARIA ALEJANDRA
per_40ac1a21774dcadd208c,per_48700c9158ef78e5e3fe,100,PEREZ LUCIANO TOMAS SERVENTI MARIA ALEJANDRA,SERVENTI MARIA ALEJANDRA
per_40ac1a21774dcadd208c,per_49adc6fc6e84543f092e,100,PEREZ LUCIANO TOMAS SERVENTI MARIA ALEJANDRA,SERVENTI MARIA ALEJANDRA
per_a71f4fc924a33d86d8ca,per_e6e870cf0c30b485ffae,100,PEREZ MANRIQUE CAMILO EDUARDO,PEREZ MANRIQUE CAMILO EDUARDO
per_4835d29ba863029c3c9e,per_fc5c494746272858ec55,100,PEREZ MANUEL,PEREZ NAUFEL JUAN MANUEL
per_fdc46f449cb5de1b5197,per_c898432eb4cbff7d8f30,100,PEREZ MARIA,PEREZ MAZZALI BIBIANA MARIA
per_fdc46f449cb5de1b5197,per_7505dc7e8841a174f641,100,PEREZ MARIA,PEREZ ROMERO MARIA
per_fdc46f449cb5de1b5197,per_2afc508cc787967234d0,100,PEREZ MARIA,PISARELLO PEREZ MARIA
per_c31c47e0ad2134476187,per_21f5e54dfc3fde1b87da,100,PEREZ MARIA JOSE,PEREZ MARIA JOSE
per_c31c47e0ad2134476187,per_3b466c3c0b7acbddce67,100,PEREZ MARIA JOSE,PEREZ VANMORLEGAN MARIA JOSE
per_f988539e0709f857188b,per_3451fca090249cf1dbf8,100,PEREZ MARIANO BEJAMIN,PEREZ MARIANO BEJAMIN
per_54dc0a57f4bdc3918916,per_22640aefaeabe997a637,100,PERINI DAINANA,PERINI DAINANA
per_3a0141359806681c3f08,per_0f85efab3a9858ef97ce,100,PERSAMPIERI LAURA,PERSAMPIERI LAURA
per_e05556dbe254ee7d6d07,per_32cf1060d7bff52d8a24,100,PERSANO ALEJANDRO,PERSANO ALEJANDRO
per_e05556dbe254ee7d6d07,per_e620d0d129c5ae6f92a5,100,PERSANO ALEJANDRO,PERSANO ALEJANDRO
per_76272076be91bb026d99,per_9a6d55ada6ea06d69375,100,PERSCHEK FRANCISCO,PERSCHEK FRANCISCO
per_0efc11271494842e13fa,per_759bb0683df0c8093ffc,100,PESTANA GONZALO,PESTANA GONZALO
per_adf90cafbeb346ca00d6,per_3d557a77310156c7414c,100,PETER JOZSEF KVECK,PETER KVECK
per_d7bedc7300a490adca0e,per_89e46f42dd5a6b3afc6a,100,PETRA JUAN,PETRA JUAN
per_c0c5d96cf2690f4f5b12,per_3d5771716666f0ca52fb,100,PETRECCA PABLO,PETRECCA PABLO
per_5c5b18d5ce90877f409d,per_8c5a3dc752a5499149c6,100,PETRI LUIS,PETRI LUIS
per_74b2661e24a1f63964d3,per_0a03556b76dea8cd8b1e,100,PETRI LUIS VALLEJOS MEANA MARIA SOELDAD,VALLEJOS MEANA MARIA SOELDAD
per_6c43de060337e19541e8,per_f9c3d31d85d78422e420,100,PETRIZZO CLAUDIO,PETRIZZO CLAUDIO
per_3013ed388c493c90e666,per_847aed808eb61730c51b,100,PETTOVELLO SANDRA,PETTOVELLO SANDRA
per_ad127773c3fbfab575f6,per_3d35edb49b78e4943c5e,100,PETTOVELLO SANDRA MARTINEZ PEDRO,SANDRA PETTOVELLO
per_19d9c6355b0f800971f5,per_41aba902e1544687b6d5,100,PICAT LUIS,PICAT LUIS
per_30e12fa02d97834bc9ec,per_ad64cf62945f829322db,100,PICCININI LIBERTAD LUZ,PICCININI LIBERTAD LUZ
per_c7fc2f828bae790bdf28,per_1ea9355f0c5c4b4f2fc6,100,PICCIONE CARLA XIMENA,PICCIONE CARLA XIMENA
per_d2f6eac37d86cb2936c5,per_7a9c4adb0779e711c940,100,PICCO EDUARDO,PICCO GUILLERMO EDUARDO
per_35c0f1c373d207b7a326,per_1de45d6978a49a81a9ac,100,PICHETTO MIGUEL ANGEL,PICHETTO MIGUEL ANGEL
per_0adb584dd947959c9d83,per_88e5867af6b1713ca779,100,PICHOT AGUSTIN,PICHOT AGUSTIN
per_f24fc85745a85574f904,per_b6213ea03cc7ac5efee6,100,PICON JUAN JOSE,PICON JUAN JOSE
per_58788343bdd58517d5dd,per_eba545fe88bb33e37fcb,100,PIERRE JUAN CARLOS,PIERRE JUAN CARLOS
per_782d81ee75832b5b3f4e,per_65df1056f7c166c8768c,100,PIERRI HUGO,PIERRI HUGO
per_15206771dda2c9f214dd,per_f072bb8db121053bede6,100,PIERRINI LUIS OCTAVIO,PIERRINI LUIS OCTAVIO
per_b6fbe6fc8af2f05b59ea,per_34fd2eb51dd86e99669d,100,PILON GOMEZ LUIS EDGARDO,PILON GOMEZ LUIS EDGARDO
per_eaa8d203e6f4ca13d00a,per_07863cb1e071459f7bc1,100,PINCETI MARCELO DANIEL,PINCETI MARCELO DANIEL
per_19a8212171c178400079,per_cc23e1e2830e8c7d7fe5,100,PINEDO ENRIQUE,PINEDO ENRIQUE
per_1cf9558e50152ced217e,per_b2abc5ba4d32d86a300a,100,PINO NICOLAS,PINO NICOLAS
per_104fa701a4db901e030e,per_da97731c290aa375c200,100,PINTABONA ADRIANA INES,PINTABONA ADRIANA INES
per_cc4007b8e3507f0c40a2,per_e5d243490a4c892bb0fd,100,PINTOS ALEJANDRO LUIS,PINTOS ALEJANDRO LUIS
per_38e9b9555cc9d530bdc2,per_363a55da83f75f589313,100,PIPPIA JUAN MANUEL,PIPPIA JUAN MANUEL
per_5b91aa73ad7f872effd4,per_66849444406488c6338b,100,PIRES MIGUEL ANGEL,PIRES MIGUEL ANGEL KUSA LIBAN ANGEL
per_1c521d58d100051434c3,per_b6967bb9296b26e7fa08,100,PIROLO CLAUDIO,PIROLO CLAUDIO
per_1c521d58d100051434c3,per_693403a04041b1a902ca,100,PIROLO CLAUDIO,PIROLO CLAUDIO
per_6ed2eb58804bee740ce8,per_ed5ca6be38dcbf777868,100,PIROVANO CARLOS,PIROVANO CARLOS
per_8c156415725e2dc59427,per_d31a4cf250efd6ebe68a,100,PIROVANO FRANCISCO,PIROVANO FRANCISCO
per_56b97f5c81c70e45d9e3,per_5b29368392ea61dd6130,100,PISTAN RODRIGO JUAN EZEQUIEL,PISTAN RODRIGO JUAN EZEQUIEL
per_45ae0c2d9e8f9fbe499a,per_c9e6295ca9ee164c75ba,100,PIZARRO SANTIAGO,PIZARRO SANTIAGO
per_4371c62083135539bb01,per_61ea99333fe62c9f7c6b,100,PLATE GUILLERMO PEDRO,PLATE GUILLERMO PEDRO
per_334ef42d1abdad7c00cb,per_ee9fd9aac74a097ef037,100,PLECITY GONZALO MARTIN,PLECITY GONZALO MARTIN
per_0361b30ad663f6ba9dd2,per_479ac1267764d112280a,100,PLENCOVICH MARIANO IGNACIO,PLENCOVICH MARIANO IGNACIO
per_822fdf84239e51c9b8b5,per_31fb875fa6298ea8e0c3,100,PLENCOVICH MARIANO IGNACIO SOLLA ROLDAN DEBORAH GIMENA,SOLLA ROLDAN DEBORAH GIMENA
per_b9249d35f46020cff8c2,per_2c8c55f38667e1305f2c,100,PLENCOVICH MARIANO IGNACIO VILLALBA JESSICA,VILLALBA JESSICA
per_33c20de1f6f4029f8a10,per_1e0818646ceee279f332,100,PLUNKETT EVA,PLUNKETT MARIA EVA
per_6ab16c90c374eb8c0587,per_ce8e3b555c0958ec4a7a,100,POGGI CLAUDIO,POGGI CLAUDIO
per_d5d11a52b6d423924d34,per_ce8e3b555c0958ec4a7a,100,POGGI CLAUDIO,POGGI CLAUDIO
per_0d381f101bf68d98963d,per_ec5c6d3e016da050ece1,100,POIZZI HERNAN,POIZZI HERNAN
per_652997df5ea9a329f7de,per_d5eb0d4975c7673c8187,100,POLI CLAUDIO,POLI CLAUDIO
per_47d924d1cb15deea16e1,per_b6adba8d02b6d1a4cc1e,100,POLITI ADRIANA,POLITI ADRIANA
per_f7456ca0e9863e6bd076,per_a13b8408f728a34f40d1,100,POMBO MARIA FLORENCIA,POMBO MARIA FLORENCIA
per_647c99335eb18fe0419d,per_9cb432139fb2d34f6acd,100,PONCE ALEJANDRO ANTONIO,PONCE ALEJANDRO ANTONIO
per_6cfb5db40ab9deb3d83a,per_a515bfc7ad307eff19a1,100,PONCE GUILLERMO,VALLEJOS PONCE JOSE GUILLERMO
per_b04d1e5def71df00eab6,per_cc79229d8683a566ce20,100,PONCE MARIA CELESTE,PONCE MARIA CELESTE
per_a7910dd101150dce6499,per_d843170998c8d6ca875e,100,PONCE MARTIN,SLAVUTZKY PONCE ALAN MARTIN
per_565f03a1f1397e32f80b,per_dd907e9a1b2b75f28c93,100,PONTE FRANCO,PONTE FRANCO
per_4bf9da6012fcfaf230f5,per_1df8c772905233f06f65,100,PORDELANE SANTIAGO,PORDELANE SANTIAGO
per_3895d1ffc0ba0fcca3a6,per_922b7acea233c2680d34,100,PORDOMINGO VANINA,PORDOMINGO VANINA
per_70f355ec936472aac353,per_b47c861319b0fd8df6e9,100,PORRINO MARIA,PORRINO MARIA
per_d8be26a97ae21baaf351,per_8717443a94ae66a33c06,100,PORTA CARLA YANINA,PORTA CARLA YANINA
per_8b430fc9236235ce832d,per_be20c76ba737fd2f0b7b,100,POSADA MARIA,POSADA MARIA
per_0f75593d027e3d315c3f,per_ecf26687caf4fb15f2b5,100,POSADA MARIA LAURA,POSADA MARIA LAURA
per_8ec6a8dcfb6e1834fce4,per_3fbaad51fdd9be577716,100,POSSE NICOLAS,POSSE NICOLAS
per_87603fd5a5c4ba5672de,per_7350688a83bc8ec4d8b4,100,POVINA FERNANDO,POVINA FERNANDO
per_87603fd5a5c4ba5672de,per_5e2273cb48e80d741086,100,POVINA FERNANDO,POVINA LUIS FERNANDO
per_7350688a83bc8ec4d8b4,per_5e2273cb48e80d741086,100,POVINA FERNANDO,POVINA LUIS FERNANDO
per_7d238c1092efc233cc54,per_c3f7b52eee49aac19e30,100,PRADES ANDREA CRISTINA,PRADES ANDREA CRISTINA
per_a5237fc8f96040240a8c,per_cf614f15d801babf5d71,100,PRADO ALICIA,PRADO DEBORA ALICIA
per_c0fda216e82b2eb9e992,per_f8dac008d73e2891ab09,100,PRADO FACUNDO AGUSTIN,PRADO FACUNDO AGUSTIN
per_bd26425c9dc22956cbdd,per_d1b26d5a9914b6deb349,100,PRADO JOSE,PRADO JOSE
per_c3f49e95989cd70504ac,per_dc7f769e2395b7028c9e,100,PREGOT DIEGO,PREGOT DIEGO
per_d70f9fae2454fff577be,per_c801078139bc5dba189b,100,PRENAFETA SOFIA,SENICE PABLO PRENAFETA SOFIA
per_5b954f5153701e1d646a,per_a19af92c864fa76162ce,100,PRESMAN CLAUDIO DAMIAN,PRESMAN CLAUDIO DAMIAN
per_e93462cded2432c70b06,per_c1b848a329e7f5373f12,100,PREVIDE MARIA CECILIA,PREVIDE MARIA CECILIA
per_47cdd892410b243f304d,per_38c3db254647fba5de3a,100,PRIANI FABIANA AMELIA,PRIANI FABIANA AMELIA
per_c4690e3598ab061110ae,per_a899e309ba7942a3e740,100,PRIETO GABRIEL NORBERTO,PRIETO GABRIEL NORBERTO
per_9e1f57cf737375ae7429,per_371ef1e15fe1bd890b72,100,PRIETO MARIA VICTORIA,PRIETO VICTORIA
per_78714582191289049a04,per_904b21e81b916363be66,100,PRIMO MARIANO,PRIMO MARIANO
per_8ee5df1c6112f1502c24,per_90ae6053d1f6f52d2f9a,100,PRIORE MOYNO PABLO,PRIORE PABLO
per_8ee5df1c6112f1502c24,per_d0e8b530ed3c9db030f3,100,PRIORE MOYNO PABLO,PRIORE PABLO
per_90ae6053d1f6f52d2f9a,per_d0e8b530ed3c9db030f3,100,PRIORE PABLO,PRIORE PABLO
per_40860d712dda04aa38fb,per_df49ac0fb93c870159a4,100,PRISA VERONICA SANTILLAN,PRISA VERONICA SANTILLAN
per_1ca964481a1231007a2d,per_21cad2dbc0f3b045cbbc,100,PROPATO MARIA DEL CARMEN,PROPATO MARIA DEL CARMEN
per_d937edfa649e26ae283f,per_b10dcf41d03d6066f3c4,100,PROSPERI DEBORAH,PROSPERI DEBORAH
per_bca7bae43f150cc311b0,per_8814017a4eabc6b6507d,100,PRYADKO MAXYM,PRYADKO MAXYM
per_62617b88cf73df7d4761,per_56e8ac9b90e46de597b9,100,PSZEMIAROWER ARIEL LEANDRO,PSZEMIAROWER ARIEL LEANDRO
per_62617b88cf73df7d4761,per_b28b2f2ef147d1eb6b68,100,PSZEMIAROWER ARIEL LEANDRO,PSZEMIAROWER LEANDRO
per_56e8ac9b90e46de597b9,per_b28b2f2ef147d1eb6b68,100,PSZEMIAROWER ARIEL LEANDRO,PSZEMIAROWER LEANDRO
per_db1bb886dc08d711aaec,per_4873513eed696d1f2690,100,PUCA RODRIGO EZEQUIEL,PUCA RODRIGO EZEQUIEL
per_dd889add893bd35818de,per_b9e5e1b068545fc5cda9,100,PUCCI CAROLINA,PUCCI CAROLINA
per_919718e59a2e2aa23618,per_d225dff272b240454459,100,PUERTA PEDRO RAMON,PUERTA PEDRO RAMON
per_66e35147c91a9b13ae91,per_bd55f36ca85d78c65e4f,100,PUGH HERNAN,PUGH NESTOR HERNAN
per_85489dde048601f16d5a,per_f91fc12cef5bd1c4b322,100,PUGLIESE MARCELO,PUGLIESE MARCELO
per_705b0c10f92aba6ce136,per_67c145e471cd057fb6ba,100,PULENTA DARIO,PULENTA DARIO
per_a27c16a8356647373520,per_69ac15eff556a9a5f650,100,QUICMEY ALEJANDRO,QUICMEY ALEJANDRO
per_f87a7e2ee67b2d79587c,per_d3343cd5c815c0021a10,100,QUINTANA NATALIA SOLEDAD,QUINTANA NATALIA SOLEDAD
per_a708b48d924690ada755,per_e7a23bc08a9b86dd5766,100,QUINTAR MANUEL,QUINTAR MANUEL
per_cf3063bb0e4c4c7088d9,per_cdfb8fa79b2527c25812,100,QUINTEROS MARIANO,QUINTEROS MARIANO
per_39f3ef0c81fde598b9a8,per_67785a3513c51f91212b,100,QUIRNO MAGRANE PABLO,QUIRNO MAGRANE PABLO
per_39f3ef0c81fde598b9a8,per_8b4382cdaa0478ff5607,100,QUIRNO MAGRANE PABLO,QUIRNO PABLO
per_67785a3513c51f91212b,per_8b4382cdaa0478ff5607,100,QUIRNO MAGRANE PABLO,QUIRNO PABLO
per_ef9b62826d726a01eca9,per_e80794a16b719cbf9fe3,100,QUIROGA FACUNDO,QUIROGA FACUNDO
per_f4ef1be015e5ad1a56a7,per_65c5bcd6636ad76d5cf4,100,QUIROGA FIDEL,QUIROGA FIDEL
per_c808c6a6dee1b2a2aa0f,per_517dc519470a32829e15,100,QUIROGA LAUREANO,QUIROGA LAUREANO
per_996ce997bc323b3220fa,per_c9bdc032872b45d96203,100,QUIROGA ROXANA,QUIROGA ROXANA
per_afcf55525b15e32b486e,per_201a449140e2e9b7be4e,100,QUIROGA SOLEDAD,QUIROGA SOLEDAD
per_ef93b48254fd65fa0fa8,per_b62b432852b7ce1d06de,100,RABAZZANO TROPEA JULIANA,RABAZZANO TROPEA JULIANA
per_e9c6040ce6d3da01bdcb,per_0c2cd48f1bcc3aff0523,100,RABINOVICH ELEONORA,RABINOVICH ELEONORA
per_9c94dc4675449d283c1a,per_9dede5615e5cc16f090e,100,RADICE ADRIAN,RADICE ADRIAN
per_6895c34ffa1d4dad9fb7,per_991126ed6b06c067fd84,100,RADONJIC ALEJANDRO,RADONJIC ALEJANDRO
per_0e2756318bb86b4ca024,per_2e40140355838cf8886f,100,RADONJIC JUAN,RADONJIC JUAN
per_cd75b83573eab8f9cd73,per_81da3e601ec955fd43dd,100,RAFFAELLI MARINA,RAFFAELLI MARINA
per_01b264833e0cc4ab9ed5,per_a196877f9c5133f5bdd0,100,RAFFELLINI PATRICIA,RAFFELLINI PATRICIA
per_804298d113f929b75e81,per_9cdba526323718add312,100,RAGGIATI CAROLINA,RAGGIATI CAROLINA
per_804298d113f929b75e81,per_8d1334a2cf0081f867af,100,RAGGIATI CAROLINA,STURZENEGER FEDERICO RAGGIATI CAROLINA
per_9cdba526323718add312,per_8d1334a2cf0081f867af,100,RAGGIATI CAROLINA,STURZENEGER FEDERICO RAGGIATI CAROLINA
per_a59fbb8bc95581807123,per_a7d38ef8aa3804be9810,100,RAINERO IGNACIO MARTIN,RAINERO IGNACIO MARTIN
per_e45a8d5ee366ba2b5486,per_690f13cc231c2284d8a2,100,RAMALLO CLAUDIA CORINA,RAMALLO CLAUDIA CORINA
per_41ad11e6c88d1da128f6,per_72f65c82581b72f5914b,100,RAMIREZ ESTEBAN,RAMIREZ ROBERTO ESTEBAN
per_0aaf1e9371d885b42074,per_03d66db2ce67af4c482c,100,RAMIREZ FACUNDO,RAMIREZ FACUNDO
per_35fa45f60a1e121bcc5d,per_51149754274277b3e1ed,100,RAMIREZ FERNADO NESTRO,RAMIREZ FERNADO NESTRO
per_537ab5d2cc25c95fa480,per_8f1db682a77f014d82b5,100,RAMIREZ FERNANDEZ MARIA JIMENA,RAMIREZ FERNANDEZ MARIA JIMENA
per_5ae9de7fe815c7ca51a1,per_ec48ba0944f3a708ddcc,100,RAMIREZ GABRIEL,RAMIREZ GABRIEL
per_a036176db409f5f429a9,per_ff989f059699501cd754,100,RAMIREZ MARCELA,RAMIREZ MARCELA
per_e3ee02b491037408094f,per_d74318ac5864bb415888,100,RAMIREZ MARIA,RAMIREZ MIRNA MARIA
per_43bc25423b013997b03b,per_48b4a44be93000524fb0,100,RAMIREZ MARIA DEL PILAR,RAMIREZ MARIA DEL PILAR
per_43bc25423b013997b03b,per_c6ee274c158bd10fe287,100,RAMIREZ MARIA DEL PILAR,RAMIREZ PILAR
per_48b4a44be93000524fb0,per_c6ee274c158bd10fe287,100,RAMIREZ MARIA DEL PILAR,RAMIREZ PILAR
per_60ac1b7c5543ad1d3eaf,per_97856457d5289fe6ccab,100,RAMIREZ MARTIN,RAMIREZ TACGORIAN MARTIN
per_f2e5aa957357e62e82aa,per_a52625676acbf7df3e04,100,RAMIREZ MARTIN GUSTAVO,RAMIREZ MARTIN GUSTAVO
per_f2e3f90c39d14386cf93,per_3adcce18ddcc6b38549c,100,RAMIREZ NICOLAS,RAMIREZ NICOLAS
per_219000dc654ce70fad86,per_826df82296d48b2b10df,100,RAMIREZ WALTER ALEJANDRO,RAMIREZ WALTER ALEJANDRO
per_c9f78291a5a7ac0da73c,per_6d06670a884995535443,100,RAMONS MARIA,RAMONS MARIA
per_a09a3d42c505ef7f23f0,per_7634e3717c62dc65446a,100,RAMOS FEDERICORAMOS,RAMOS FEDERICORAMOS
per_adb6e09756dba5997db3,per_bde38ec876af6e11e47c,100,RAMOS JULIETA ANABEL,RAMOS JULIETA ANABEL
per_ac92796c0fe8cfbd606b,per_13f256ad45ca82ccedea,100,RAMOS RUBEN,RAMOS RUBEN
per_30f38260c7d51c7b97a0,per_2767e06853f5b0f1483b,100,RAMOS SEBASTIAN CARLOS,RAMOS SEBASTIAN CARLOS
per_8e8f62cb3fe7b1a2410f,per_f919c5b09732c4abe3fa,100,RANDAZO HUGO,RANDAZO HUGO
per_83f6beebf939d2766dc6,per_8a8bd4a22b38bbe48ea2,100,RANDLE TOMAS,RANDLE TOMAS
per_cac4e5a9d551f9da3275,per_bcc98c4183357f85c679,100,RAPALINI LUCIA,RAPALINI LUCIA
per_81f182b089cb98226153,per_774e3089622f6ea22991,100,RAPALLINI MARTIN,RAPALLINI MARTIN
per_6bf199acf375b0207e5f,per_8ff8d1de5657814b476a,100,RASETTI FRANCISCO,RASETTI FRANCISCO
per_d24eea9b30f480634f23,per_403ad864830125af1373,100,RASO LEANDRO HORACIO,RUBINI HECTOR TOLABA CLARA VICENTA RASO LEANDRO HORACIO
per_89d41eea2cd362d75b63,per_15531adc3cdf0b3639eb,100,RASTALSKY MARIA,RASTALSKY MARIA
per_e9d1f71b7487bdb5e66f,per_29d78d3e56cc44265482,100,RAUL AGUIRRE SARAVIA,RAUL AGUIRRE SARAVIA
per_53b8fadb1b012c28c98d,per_20dfbb21489e7d1344fb,100,RAVAZZANI CARLOS,RAVAZZANI CARLOS
per_090fd37f7c15ac04d778,per_da0d43d783bed5dfa31e,100,REAL JUAN CARLOS,REAL JUAN CARLOS
per_f76c7f0e14cac8133ccb,per_957e9a539e2ce31db424,100,REAL MARIA GABRIELA,REAL MARIA GABRIELA
per_d12c970b602f00ba2f0c,per_f006252351979299e45c,100,RECALDE DIEGO,RECALDE DIEGO
per_e0bc1a63ba110745c73a,per_d2803540f89aad9e865c,100,RECALDE FERNANDO,RECALDE FERNANDO
per_cddb35b52c9b14934b77,per_3604ac5f3569c135b968,100,RECART NICOLAS,RECART NICOLAS
per_144b1ce2ea3f5e59c4ea,per_9a39b7a142537456d027,100,REGGI MARIA ROSANA,REGGI MARIA ROSANA
per_7f8e1c889ba8da837941,per_8ea52161fc24baa9901c,100,REGIS CLAUDIO MARCELO,REGIS CLAUDIO MARCELO
per_e96929bef09687bdf806,per_6ebf95249de8c00d7c83,100,REIDEL DEMIAN,REIDEL DEMIAN
per_e96929bef09687bdf806,per_daab32c0f8f3f8043f61,100,REIDEL DEMIAN,ZIBLAT GABRIEL REIDEL DEMIAN
per_6ebf95249de8c00d7c83,per_daab32c0f8f3f8043f61,100,REIDEL DEMIAN,ZIBLAT GABRIEL REIDEL DEMIAN
per_51a974af92c6a678280f,per_69bbc4da61153094d4f7,100,REIDEL DEMIAN RIZZUTO SEBASTIAN EMILIO,RIZZUTO SEBASTIAN EMILIO
per_51a974af92c6a678280f,per_bf43d6ce0e21a5415e8d,100,REIDEL DEMIAN RIZZUTO SEBASTIAN EMILIO,RIZZUTO SEBASTIAN EMILIO
per_6bcb0ca2eb2a70550deb,per_33bbfc0764bc33acb512,100,REINOSO RICARDO RUBEN,REINOSO RICARDO RUBEN
per_dcc4606455ebabd74158,per_0b87eef6cb0159f24d4f,100,REINOSO RICARDO RUBEN ROBERTO TUERO,ROBERTO TUERO
per_fa418cb0c6471894d966,per_c4ce6c08bbfc6dfd069a,100,RELA MARINA,RELA MARINA
per_159c9ecdf325c5ad921c,per_c2154796287f22cff92e,100,RENDO JORGE CARLOS,RENDO JORGE CARLOS
per_ff3a3d59b4a8939cda1e,per_0a0556a58e13d1e74278,100,RESTAGNO DANTE,RESTAGNO DI CARLO DANTE
per_be73cec8c5d91858c31a,per_9d1a313d5458636346ad,100,REVENTOS MESEGUER BERTA MIREIA,REVENTOS MESEGUER BERTA MIREIA
per_fe7f0788363e25c63680,per_216bc4fc76350f4e0239,100,REYES ROXANA,REYES ROXANA
per_0e811f3eb8768c7244d1,per_7bef1ba72ca208e45ed0,100,REYMUNDO GUILLERMO ANDRES,REYMUNDO GUILLERMO ANDRES
per_2ebfe50175aebe47ecb8,per_d6beaa33d43492f9a789,100,REYNAL ANGELES,REYNAL ANGELES
per_23510b07ac5c2fab1ea3,per_b0cb2be880b3af94fd7d,100,REYNOSO ROCIO VALENTINA,REYNOSO VALENTINA
per_79d8017986e83a93bc8a,per_6b683c24bd329226bf1a,100,RIAL IGNACIO MARTIN,RIAL IGNACIO MARTIN
per_e8fe885733fe928ca1ce,per_e3e03d0fcdc116ee40ed,100,RIBAUDO LUCAS FERNANDO,RIBAUDO LUCAS FERNANDO
per_e3ccd91c7d8f0ee787f2,per_77a2acdfee88f3b3c04d,100,RICARDO LASALA,RICARDO LASALA
per_807492bfc09acf633221,per_479de39b73224071b38d,100,RICCOBENE ANTONIO,RICCOBENE ANTONIO
per_b0f9d3ad9da75053f445,per_09ff0a312d0e4ce2ec0c,100,RICCOMAGNO CRISTIAN JAVIER,RICCOMAGNO CRISTIAN JAVIER
per_6fa730af75d6006b0a87,per_446be469f9d7256fa8c7,100,RIDAO DANIEL ALEJANDRO,RIDAO DANIEL ALEJANDRO
per_e00bb64c40d97b5b8599,per_e215808c698317a6b9d7,100,RIGGI HORACIO OMAR,RIGGI HORACIO OMAR
per_b2f84a0c8a161ee67469,per_42a8438328f72a1dbfd0,100,RIGHI RODRIGUEZ GABRIEL MATIAS,RODRIGUEZ MATIAS
per_63cda838e46924b41744,per_01a4319731d0143ceb71,100,RIGUETTI AGUSTINA,RIGUETTI AGUSTINA
per_025cf81748cf2260fa22,per_097713c0c5dade31dc63,100,RIOBO GONZALO,RIOBO GONZALO
per_171f0ccfbaf5d764a48b,per_fc9a2e1dfd54a9ab5326,100,RIOS ABIGAIL,RIOS DANILA ABIGAIL
per_089be7f7e1901155d92a,per_d1ea778365e23a3edb0c,100,RIOS CRISTIAN DANIEL,RIOS DANIEL
per_089be7f7e1901155d92a,per_9ec1539a1d42cd3b903a,100,RIOS CRISTIAN DANIEL,RIOS DANIEL
per_ee348a73950640eedc1c,per_8724db8fd78739debc85,100,RIOS CYNTHIA PAOLA,RIOS CYNTHIA PAOLA
per_ee348a73950640eedc1c,per_2ba2f0f83b1907f0f4b4,100,RIOS CYNTHIA PAOLA,RIOS PAOLA
per_8724db8fd78739debc85,per_2ba2f0f83b1907f0f4b4,100,RIOS CYNTHIA PAOLA,RIOS PAOLA
per_d1ea778365e23a3edb0c,per_9ec1539a1d42cd3b903a,100,RIOS DANIEL,RIOS DANIEL
per_d1ea778365e23a3edb0c,per_6ac0ea8d8bfb8cedf20a,100,RIOS DANIEL,RIOS NSTOR DANIEL
per_9ec1539a1d42cd3b903a,per_6ac0ea8d8bfb8cedf20a,100,RIOS DANIEL,RIOS NSTOR DANIEL
per_c687e82598ba126129bb,per_bcdd1fe68560e3f8458e,100,RIOS ELIZABETH,RIOS ELIZABETH
per_2ba2f0f83b1907f0f4b4,per_c657363e080e513539f2,100,RIOS PAOLA,SIRI MARIA FLORENCIA RIOS PAOLA
per_cb3b884a9f4a858a2093,per_83bdcf1e872e100754e8,100,RIOS PAOLA SIRI MARIA FLORENCIA,SIRI FLORENCIA
per_cb3b884a9f4a858a2093,per_4a7a26ee0f84471f12df,100,RIOS PAOLA SIRI MARIA FLORENCIA,SIRI MARIA FLORENCIA
per_cb3b884a9f4a858a2093,per_10e6d554eb00e6ba546c,100,RIOS PAOLA SIRI MARIA FLORENCIA,SIRI MARIA FLORENCIA
per_5cf39402ffcfdd062ec0,per_ae83a05444d817340789,100,RIOS PAOLA SUSANA CAVALLINI,SUSANA CAVALLINI
per_50d1c2dcbe717f0d1f54,per_b66fb6bbc36a704e38f7,100,RISSO ADRIAN CHRISTIAN,RISSO ADRIAN CHRISTIAN
per_cfaf6ab069a654ef0923,per_ae19e658948c6043f406,100,RISSO PATRON ENRIQUE,RISSO PATRON ENRIQUE
per_d12c585e23bd8abf68df,per_2b6f6ab2cec6b1b4aa9c,100,RITONDO CRISTIAN,RITONDO CRISTIAN
per_2a9b01d25226fb84527e,per_dce7e2a02d209a82f6d3,100,RIVAS RODRIGUEZ JOSE,RIVAS RODRIGUEZ JOSE
per_9f85d8c25760ea63ceee,per_5c73aba0f9ac0dca4299,100,RIVEIRO SOLEDAD,RIVEIRO SOLEDAD
per_92c23f46dee607dcfba5,per_703569c96a1e4df81ffe,100,RIVERA IGNACIO,RIVERA IGNACIO
per_92c23f46dee607dcfba5,per_efdd53bafea39a0f4ff1,100,RIVERA IGNACIO,RIVERA JUAN IGNACIO
per_703569c96a1e4df81ffe,per_efdd53bafea39a0f4ff1,100,RIVERA IGNACIO,RIVERA JUAN IGNACIO
per_64cc7335aa5e1bc8d895,per_e042d69d5d53bf4f5cc1,100,RIVERO ADRIAN,RIVERO ADRIAN
per_10dade6af74eab2269c5,per_ffdbb2422f83b82d482f,100,RIVERO DANIEL,RIVERO DANIEL
per_10dade6af74eab2269c5,per_ca2451fe7524e8b61f7f,100,RIVERO DANIEL,RIVERO NESTOR DANIEL
per_ffdbb2422f83b82d482f,per_ca2451fe7524e8b61f7f,100,RIVERO DANIEL,RIVERO NESTOR DANIEL
per_0499081b2db92684c311,per_bff29b2ba5318d686a6a,100,RIVERO RAMON SANTIAGO,RIVERO SANTIAGO
per_950cf75906fc33404dc4,per_aee291b8affd53175097,100,RIVERO SERGIO ARIEL,RIVERO SERGIO ARIEL
per_5ccc81a501464fe5b65f,per_98d94e06592207a5d730,100,RIVERON UGO ALEJANDRO,RIVERON UGO ALEJANDRO
per_eb5ed8fc216e3d1e1a77,per_93983e9b7f19fa8236e7,100,RIVOLTA MERCEDES,RIVOLTA MERCEDES
per_56d2edc0a2f57e9b377a,per_fd09f7bb66fb852f9591,100,RIZZUTI GERARDO,RIZZUTI GERARDO
per_69bbc4da61153094d4f7,per_bf43d6ce0e21a5415e8d,100,RIZZUTO SEBASTIAN EMILIO,RIZZUTO SEBASTIAN EMILIO
per_69bbc4da61153094d4f7,per_daf9df60428022fc843e,100,RIZZUTO SEBASTIAN EMILIO,SALAS MARTIN RIZZUTO SEBASTIAN EMILIO
per_bf43d6ce0e21a5415e8d,per_daf9df60428022fc843e,100,RIZZUTO SEBASTIAN EMILIO,SALAS MARTIN RIZZUTO SEBASTIAN EMILIO
per_f8ffbbf72bb9bd60af9e,per_8db7e06995f7d6cdfe3a,100,ROA RICARDO HORACIO,ROA RICARDO HORACIO
per_585cee8c401cb92effba,per_bb4ff420976ca2289563,100,ROBERTO ALEJANDRO CELIE,ROBERTO CELIE
per_17b17a6cb197c861e770,per_4130fb84ec7a4bf6ff1d,100,ROBERTO CAYETANO,ROBERTO CAYETANO
per_0b87eef6cb0159f24d4f,per_36167d687a572e803a20,100,ROBERTO TUERO,SANCHEZ FERNADO ROBERTO TUERO
per_a9cf278fbdacadb01c7d,per_75783eed9dacb046d0ba,100,ROBLEDO ROBERTO,ROBLEDO ROBERTO
per_b325f48e1b6361a7b2c5,per_141604a13f83b1387df9,100,ROCA ALEJANDRO DANIEL,ROCA ALEJANDRO DANIEL
per_7790eaadd95b467daf91,per_38fb0a930f3e921b5bcc,100,ROCA GONZALO GABRIEL,ROCA GONZALO GABRIEL
per_5bae892ff7bea8c7cf07,per_66d8a38b623e67440e82,100,ROCA GUILLERMO,ROCA GUILLERMO
per_5bae892ff7bea8c7cf07,per_eab6cbe1af4a4774064b,100,ROCA GUILLERMO,ROCA GUILLERMO
per_5d38e77d6c67bcdfc1db,per_6adc90fb49d80019c331,100,ROCA GUILLERMO FEDERICO,ROCA GUILLERMO FEDERICO
per_7fcc934fc7f0679e5dd4,per_0d4b359525f59a00c141,100,ROCCA FERNANDO,ROCCA LIMA FERNANDO
per_25455f13f2da59614fdd,per_a5876f3afa9f62a33f7d,100,ROCCA MARIA,ROCCA MARIA MARTA
per_048379639b8fbfd730d6,per_3e564fbc2a672a320ce1,100,ROCCA PAOLO,ROCCA PAOLO
per_d503ffa94a68d160b6e2,per_68bccb627f6fbfbeb47c,100,RODIL JUAN,RODIL JUAN
per_0ce93757680e5cfff4df,per_4d0c474f4cdd07f2e365,100,RODRIGUEZ ADAMI GUILLERMO,RODRIGUEZ ADAMI GUILLERMO
per_4668fe5c6e4719ff0e50,per_71e4d98157375d5bac95,100,RODRIGUEZ ADROVER CARLOS,RODRIGUEZ CARLOS
per_4668fe5c6e4719ff0e50,per_e6427e6224195c0b787e,100,RODRIGUEZ ADROVER CARLOS,RODRIGUEZ CARLOS
per_4668fe5c6e4719ff0e50,per_5caa63eec2370cef42b2,100,RODRIGUEZ ADROVER CARLOS,RODRIGUEZ CARLOS
per_4d193e202ce0bd569dc2,per_fe660aa9818c70d887f9,100,RODRIGUEZ AGUSTIN,RODRIGUEZ AGUSTIN
per_4d193e202ce0bd569dc2,per_abd1820f07fa80b4c37e,100,RODRIGUEZ AGUSTIN,RODRIGUEZ ARIAS DANTE AGUSTIN
per_fe660aa9818c70d887f9,per_abd1820f07fa80b4c37e,100,RODRIGUEZ AGUSTIN,RODRIGUEZ ARIAS DANTE AGUSTIN
per_4d193e202ce0bd569dc2,per_c4c88c332356c739543a,100,RODRIGUEZ AGUSTIN,RODRIGUEZ GRELLET AGUSTIN
per_fe660aa9818c70d887f9,per_c4c88c332356c739543a,100,RODRIGUEZ AGUSTIN,RODRIGUEZ GRELLET AGUSTIN
per_4d193e202ce0bd569dc2,per_debb147e6dbfa930ddb0,100,RODRIGUEZ AGUSTIN,ROMERO RODRIGUEZ AGUSTIN
per_fe660aa9818c70d887f9,per_debb147e6dbfa930ddb0,100,RODRIGUEZ AGUSTIN,ROMERO RODRIGUEZ AGUSTIN
per_4d193e202ce0bd569dc2,per_36bdeae934c671602c6e,100,RODRIGUEZ AGUSTIN,TEJEDA RODRIGUEZ AGUSTIN
per_4d193e202ce0bd569dc2,per_8946e7048ae8e8a952a0,100,RODRIGUEZ AGUSTIN,TEJEDA RODRIGUEZ AGUSTIN
per_fe660aa9818c70d887f9,per_8946e7048ae8e8a952a0,100,RODRIGUEZ AGUSTIN,TEJEDA RODRIGUEZ AGUSTIN
per_e2e92b8a3a531b1b773d,per_aaca0c5be275c8d9635b,100,RODRIGUEZ ALEJANDRA,RODRIGUEZ ALEJANDRA
per_65583b7626d40be6c203,per_545893dbe6d7ae7d9a21,100,RODRIGUEZ ALFREDO,RODRIGUEZ JOSE ALFREDO
per_d4e59cd96a67fd2ff5ce,per_d36858fe820897e6d9fb,100,RODRIGUEZ ALFREDO JOSE,RODRIGUEZ ALFREDO JOSE
per_7ac78a5cdc309c235639,per_3717ca53c5a5f38288c5,100,RODRIGUEZ ANA LAURA,RODRIGUEZ LAURA
per_a0a0f71b48f00943f496,per_ddb9b555cdfb5164d822,100,RODRIGUEZ ANDRES,RODRIGUEZ HUGO ANDRES
per_a0a0f71b48f00943f496,per_480315d1ba3ab6c28a1c,100,RODRIGUEZ ANDRES,RODRIGUEZ JUAN ANDRES
per_b9e0421fe6770a467791,per_131fb0a6951952b60845,100,RODRIGUEZ BATTINI MARIA SOL,RODRIGUEZ BATTINI MARIA SOL
per_d55fdf7d5766ee2d60a7,per_6c8008b84e3e22d631fc,100,RODRIGUEZ BETINA,RODRIGUEZ BETINA
per_76bf0e407e86bc3846c5,per_013041e1d7060a8643fd,100,RODRIGUEZ BRENES CARLOS ROBERTO,RODRIGUEZ ROBERTO
per_872edf7edbf2b0231995,per_4b5bf36b597b13c7d5b1,100,RODRIGUEZ BRIZUELA NICOLAS,RODRIGUEZ NICOLAS
per_71e4d98157375d5bac95,per_5caa63eec2370cef42b2,100,RODRIGUEZ CARLOS,RODRIGUEZ CARLOS
per_e6427e6224195c0b787e,per_5caa63eec2370cef42b2,100,RODRIGUEZ CARLOS,RODRIGUEZ CARLOS
per_71e4d98157375d5bac95,per_42fc3e323da59f52350d,100,RODRIGUEZ CARLOS,RODRIGUEZ JUAN CARLOS
per_e6427e6224195c0b787e,per_42fc3e323da59f52350d,100,RODRIGUEZ CARLOS,RODRIGUEZ JUAN CARLOS
per_5caa63eec2370cef42b2,per_42fc3e323da59f52350d,100,RODRIGUEZ CARLOS,RODRIGUEZ JUAN CARLOS
per_82d9ede416a4b635a958,per_95cacc4474b6f27ca2c5,100,RODRIGUEZ CESAR,RODRIGUEZ CESAR
per_95cacc4474b6f27ca2c5,per_a8f96df68a7f1b8f0d14,100,RODRIGUEZ CESAR,RODRIGUEZ CESAR
per_82d9ede416a4b635a958,per_db4ee618c66fa6f7cd5d,100,RODRIGUEZ CESAR,RODRIGUEZ JULIO CESAR
per_95cacc4474b6f27ca2c5,per_db4ee618c66fa6f7cd5d,100,RODRIGUEZ CESAR,RODRIGUEZ JULIO CESAR
per_a8f96df68a7f1b8f0d14,per_db4ee618c66fa6f7cd5d,100,RODRIGUEZ CESAR,RODRIGUEZ JULIO CESAR
per_431de50682cdaa50e1b4,per_81bd34e61622d3dd9c2d,100,RODRIGUEZ CHIRILO EDUARDO,RODRIGUEZ CHIRILO EDUARDO
per_96186170454fe139655e,per_935b41c6b4d3384da9ec,100,RODRIGUEZ CLAUDIO,RODRIGUEZ EMILIANO CLAUDIO
per_a9760a41affa66a99e58,per_9179abae053de2634954,100,RODRIGUEZ CLAUDIO EMILIANO,RODRIGUEZ CLAUDIO EMILIANO
per_ae76086ef600336b0b3d,per_3d7c2c78fd22e2849294,100,RODRIGUEZ CLAUDIO MOSCARIELLO OSCAR CEBALLOS JUAN FRANCISCO,RODRIGUEZ FRANCISCO
per_bcef9f8f4c16e0fbb06b,per_f929a3424cd3fca72970,100,RODRIGUEZ DANIEL,RODRIGUEZ DARRAS CARLOS DANIEL
per_bcef9f8f4c16e0fbb06b,per_42b5eadf04627d3bd64f,100,RODRIGUEZ DANIEL,RODRIGUEZ HECTOR DANIEL
per_bcef9f8f4c16e0fbb06b,per_6d649b02c3604cbacc65,100,RODRIGUEZ DANIEL,RODRIGUEZ RODRIGUEZ DANIEL
per_f929a3424cd3fca72970,per_6d649b02c3604cbacc65,100,RODRIGUEZ DARRAS CARLOS DANIEL,RODRIGUEZ RODRIGUEZ DANIEL
per_bf8d77051799a91e40a1,per_3761725bef9d7bfde615,100,RODRIGUEZ DEWAELE MICAELA LOURDES,RODRIGUEZ DEWAELE MICAELA LOURDES
per_dc6d221aae021ee3f310,per_487607d7060065ccf3a3,100,RODRIGUEZ DIEGO,RODRIGUEZ DIEGO
per_c59ced766a9e3f59c837,per_77567935853b90ed773e,100,RODRIGUEZ DIEGO MARTIN,RODRIGUEZ MARTIN
per_500fdc88b830d4f33d8f,per_be8efd4dd3404e20be3c,100,RODRIGUEZ EDGAR,RODRIGUEZ RUDICH EDGAR
per_500fdc88b830d4f33d8f,per_61e3e755e6344b6b047d,100,RODRIGUEZ EDGAR,RODRIGUEZ RUDICH EDGAR
per_216b90b8412673801832,per_f7889677ba9abe7d2635,100,RODRIGUEZ EDUARO ROMUALDO,RODRIGUEZ EDUARO ROMUALDO
per_91a22b7044d660381231,per_56d7086d0debfbcdbe0f,100,RODRIGUEZ ESPADA GONZALO,RODRIGUEZ GONZALO
per_91a22b7044d660381231,per_8239a98e1e1e12d4186c,100,RODRIGUEZ ESPADA GONZALO,RODRIGUEZ GONZALO
per_c3da4a2fdf3f92d7a282,per_c81fb4f4da07b838061b,100,RODRIGUEZ EZEQUIEL,RODRIGUEZ GONZALO EZEQUIEL
per_c3da4a2fdf3f92d7a282,per_57a5c4e362fa05a9be14,100,RODRIGUEZ EZEQUIEL,RODRIGUEZ OMAR EZEQUIEL
per_6e4b58752c1bc94b0bb2,per_5e3641cf626655c2e968,100,RODRIGUEZ FACUNDO,SAVID RODRIGUEZ FACUNDO
per_565414339a6ee3c11cb5,per_e9cc74f1635201aee74a,100,RODRIGUEZ FLORENCIA VERONICA,RODRIGUEZ VERONICA
per_abefafae93c5bf05dd2f,per_b73aa0e4a636182a033d,100,RODRIGUEZ FREIRE JOAQUIN,RODRIGUEZ JOAQUIN
per_e2d13ebab48b02ad6662,per_013041e1d7060a8643fd,100,RODRIGUEZ GANICOCHE JESUS ROBERTO,RODRIGUEZ ROBERTO
per_e2d13ebab48b02ad6662,per_27ba64d6db894cf58e7c,100,RODRIGUEZ GANICOCHE JESUS ROBERTO,RODRIGUEZ ROBERTO
per_50db7dd44af8b4348e0d,per_ecb1639c916c48fe5d1c,100,RODRIGUEZ GARCIA IGNACIO,RODRIGUEZ IGNACIO
per_50db7dd44af8b4348e0d,per_5997d181276f8f80027d,100,RODRIGUEZ GARCIA IGNACIO,RODRIGUEZ IGNACIO
per_7908cda08f6bff3dcf4d,per_ecb1639c916c48fe5d1c,100,RODRIGUEZ GERINO IGNACIO,RODRIGUEZ IGNACIO
per_7908cda08f6bff3dcf4d,per_5997d181276f8f80027d,100,RODRIGUEZ GERINO IGNACIO,RODRIGUEZ IGNACIO
per_fb90e09656715c6634d7,per_a6e104ade42d968a9485,100,RODRIGUEZ GIESSO MARTIN,RODRIGUEZ GIESSO MARTIN
per_fb90e09656715c6634d7,per_77567935853b90ed773e,100,RODRIGUEZ GIESSO MARTIN,RODRIGUEZ MARTIN
per_a6e104ade42d968a9485,per_77567935853b90ed773e,100,RODRIGUEZ GIESSO MARTIN,RODRIGUEZ MARTIN
per_56d7086d0debfbcdbe0f,per_8239a98e1e1e12d4186c,100,RODRIGUEZ GONZALO,RODRIGUEZ GONZALO
per_56d7086d0debfbcdbe0f,per_11d4c72c32ef33930f6d,100,RODRIGUEZ GONZALO,RODRIGUEZ NICOLAS GONZALO
per_3fb8a915a888618f3e2f,per_1eed89387b835e7587c2,100,RODRIGUEZ GONZALO NICOLAS,RODRIGUEZ NICOLAS
per_3fb8a915a888618f3e2f,per_4b5bf36b597b13c7d5b1,100,RODRIGUEZ GONZALO NICOLAS,RODRIGUEZ NICOLAS
per_3fb8a915a888618f3e2f,per_2eaa96c852ba34b1119e,100,RODRIGUEZ GONZALO NICOLAS,RODRIGUEZ NICOLAS
per_3fb8a915a888618f3e2f,per_53979a1e73f141ddb966,100,RODRIGUEZ GONZALO NICOLAS,RODRIGUEZ NICOLAS
per_42b5eadf04627d3bd64f,per_6d649b02c3604cbacc65,100,RODRIGUEZ HECTOR DANIEL,RODRIGUEZ RODRIGUEZ DANIEL
per_a3ab1ecc85f2b3ead28a,per_fade0d9fb69ffc9b2e74,100,RODRIGUEZ HUGO,RODRIGUEZ HUGO
per_1bacc70d0fc256284204,per_fade0d9fb69ffc9b2e74,100,RODRIGUEZ HUGO,RODRIGUEZ HUGO
per_fade0d9fb69ffc9b2e74,per_ab0fbfd1cb620ee27034,100,RODRIGUEZ HUGO,RODRIGUEZ HUGO
per_fade0d9fb69ffc9b2e74,per_058f741da91af4454cc1,100,RODRIGUEZ HUGO,RODRIGUEZ HUGO
per_a3ab1ecc85f2b3ead28a,per_cc093d58809941e1b55d,100,RODRIGUEZ HUGO,RODRIGUEZ SANUDO HUGO
per_1bacc70d0fc256284204,per_cc093d58809941e1b55d,100,RODRIGUEZ HUGO,RODRIGUEZ SANUDO HUGO
per_fade0d9fb69ffc9b2e74,per_cc093d58809941e1b55d,100,RODRIGUEZ HUGO,RODRIGUEZ SANUDO HUGO
per_ab0fbfd1cb620ee27034,per_cc093d58809941e1b55d,100,RODRIGUEZ HUGO,RODRIGUEZ SANUDO HUGO
per_058f741da91af4454cc1,per_cc093d58809941e1b55d,100,RODRIGUEZ HUGO,RODRIGUEZ SANUDO HUGO
per_ecb1639c916c48fe5d1c,per_5997d181276f8f80027d,100,RODRIGUEZ IGNACIO,RODRIGUEZ IGNACIO
per_5997d181276f8f80027d,per_2fb9d00617d7096e6765,100,RODRIGUEZ IGNACIO,RODRIGUEZ PABLO IGNACIO
per_e7dbb4faffa31435e5ea,per_6b7871669da718cdc540,100,RODRIGUEZ IGNACIO JORGE,RODRIGUEZ JORGE
per_b73aa0e4a636182a033d,per_1fdb8cd2540e71edf062,100,RODRIGUEZ JOAQUIN,RODRIGUEZ LEDESMA JOAQUIN
per_d7d05b0cb8b8a6fc26cb,per_29508b0cc6756c8516bd,100,RODRIGUEZ JUAN PABLO,RODRIGUEZ PABLO
per_4967b9343f2276c62232,per_57f86dd922d5f87f664e,100,RODRIGUEZ JULIA,RODRIGUEZ JULIA
per_3717ca53c5a5f38288c5,per_06ba32946f2c129dd448,100,RODRIGUEZ LAURA,RODRIGUEZ MACHADO LAURA
per_3717ca53c5a5f38288c5,per_9e53cc9a8891868bf6e0,100,RODRIGUEZ LAURA,RODRIGUEZ MACHADO LAURA
per_3717ca53c5a5f38288c5,per_c241ee83ca4a4c83d1e3,100,RODRIGUEZ LAURA,RODRIGUEZ PAREDES LAURA
per_ea6927cdae17d951bf24,per_c9ea04e95bd19af46390,100,RODRIGUEZ LEANDRO ZALAZAR JUAN MANUEL SISER PATRICIA,RODRIGUEZ PATRICIA
per_ea6927cdae17d951bf24,per_51d2399af841d51f1839,100,RODRIGUEZ LEANDRO ZALAZAR JUAN MANUEL SISER PATRICIA,RODRIGUEZ PATRICIA
per_ea6927cdae17d951bf24,per_2198dc6e1ef81b91d286,100,RODRIGUEZ LEANDRO ZALAZAR JUAN MANUEL SISER PATRICIA,SISER PATRICIA
per_ea6927cdae17d951bf24,per_5427853b4f85e997ca93,100,RODRIGUEZ LEANDRO ZALAZAR JUAN MANUEL SISER PATRICIA,SISER PATRICIA
per_ea6927cdae17d951bf24,per_4cacca80106092f52b1f,100,RODRIGUEZ LEANDRO ZALAZAR JUAN MANUEL SISER PATRICIA,SISER PATRICIA
per_1599200c79c51358cd12,per_606ed6b610f3ee617d60,100,RODRIGUEZ LLAURO NATALIA,RODRIGUEZ LLAURO NATALIA
per_7cad3267cdc4b1892c74,per_dae699daaf87bf2b5feb,100,RODRIGUEZ LUCIA,RODRIGUEZ QUINTANA MARIA LUCIA
per_fb4e9f0aeaa60bfcaefb,per_6785a7595d69cdc471fe,100,RODRIGUEZ LUIS,RODRIGUEZ MORALES LUIS
per_cdb8c4f561e84ba7c042,per_c19acbf70ca381231e51,100,RODRIGUEZ MACARENA,RODRIGUEZ MACARENA
per_c19acbf70ca381231e51,per_7e96d88fd07c09e6d32d,100,RODRIGUEZ MACARENA,RODRIGUEZ QUINTANA MARIA MACARENA
per_82219eb7be288ec29630,per_98c0435b2ac575649ea6,100,RODRIGUEZ MACARENA JIMENA,RODRIGUEZ MACARENA JIMENA
per_06ba32946f2c129dd448,per_9e53cc9a8891868bf6e0,100,RODRIGUEZ MACHADO LAURA,RODRIGUEZ MACHADO LAURA
per_019d927531f839341745,per_5c39932d6d95b6abac96,100,RODRIGUEZ MARIANA,RODRIGUEZ MELGAREJO MARIANA
per_6cffa01e7aaf7918b110,per_d620bacaf1f6caac353a,100,RODRIGUEZ MARTA,RODRIGUEZ VIVIANA MARTA
per_77567935853b90ed773e,per_b03666bbe66f5cb72b17,100,RODRIGUEZ MARTIN,RODRIGUEZ SANTIAGO MARTIN
per_77567935853b90ed773e,per_7805676aad628c40549a,100,RODRIGUEZ MARTIN,RODRIGUEZ YEBRA MARTIN
per_42a8438328f72a1dbfd0,per_87a6e8c854c849964879,100,RODRIGUEZ MATIAS,RODRIGUEZ MENDOZA MATIAS
per_aa83b73f03246d087a8e,per_b04a4975a1f7e4b0f730,100,RODRIGUEZ MIGUEL,RODRIGUEZ PABLO MIGUEL
per_1eed89387b835e7587c2,per_4b5bf36b597b13c7d5b1,100,RODRIGUEZ NICOLAS,RODRIGUEZ NICOLAS
per_4b5bf36b597b13c7d5b1,per_2eaa96c852ba34b1119e,100,RODRIGUEZ NICOLAS,RODRIGUEZ NICOLAS
per_4b5bf36b597b13c7d5b1,per_53979a1e73f141ddb966,100,RODRIGUEZ NICOLAS,RODRIGUEZ NICOLAS
per_285060e886d11bc3e9a8,per_cd8a0441e0b8768c0644,100,RODRIGUEZ ORTIZ LAURA SABINA,RODRIGUEZ ORTIZ LAURA SABINA
per_29508b0cc6756c8516bd,per_57c6a6aae0b4ef4c88f3,100,RODRIGUEZ PABLO,TOLABA MIRIAM ROXANA RODRIGUEZ PABLO
per_c9ea04e95bd19af46390,per_51d2399af841d51f1839,100,RODRIGUEZ PATRICIA,RODRIGUEZ PATRICIA
per_013041e1d7060a8643fd,per_27ba64d6db894cf58e7c,100,RODRIGUEZ ROBERTO,RODRIGUEZ ROBERTO
per_be8efd4dd3404e20be3c,per_61e3e755e6344b6b047d,100,RODRIGUEZ RUDICH EDGAR,RODRIGUEZ RUDICH EDGAR
per_c1de3ed52647b1436884,per_3bb215d8d1e2575cc56e,100,RODRIGUEZ SANTIAGO,RODRIGUEZ SANTIAGO
per_57675b0b6394126a9e03,per_6c1c327c8d5447273647,100,RODRIGUEZ SARMIENTO BRITTE MELANY,RODRIGUEZ SARMIENTO BRITTE MELANY
per_11776eda4eeae506799b,per_e9cc74f1635201aee74a,100,RODRIGUEZ VERONICA,RODRIGUEZ VERONICA
per_21b4ac09ac6f39bcab56,per_c2376a2dd3b43ad703be,100,ROFMAN RAFAEL,ROFMAN RAFAEL
per_7b7267d5d1be6eb3e526,per_fa9707ce05f96fd86d51,100,ROJAS MANUEL,ROJAS RICARDO MANUEL
per_7b7267d5d1be6eb3e526,per_d08dea6c295cff460fa2,100,ROJAS MANUEL,ROJAS VICTOR MANUEL
per_430cec15ee39f272ec53,per_f9bb25682c2e084f450e,100,ROJAS SHUNKO,ROJAS SHUNKO
per_430cec15ee39f272ec53,per_4b2b799488811fd3f687,100,ROJAS SHUNKO,ROJAS SHUNKO
per_5dba9b48c838e748fe06,per_805b0ee92c03fa4a1459,100,ROJAS SOFIA,ROJAS SOFIA
per_daa69ca30de615bbe68a,per_cb6b5b8f6eb2302bd9ab,100,ROJO AGUSTIN,ROJO AGUSTIN
per_c1f0c4a81c9b410a3f71,per_a54fd7b0539c7ba7cac7,100,ROLANDI JOSE,ROLANDI JOSE
per_c1f0c4a81c9b410a3f71,per_8acfb5ba48bd77fd8a06,100,ROLANDI JOSE,SICILIA FEDERICO ROLANDI JOSE
per_a54fd7b0539c7ba7cac7,per_8acfb5ba48bd77fd8a06,100,ROLANDI JOSE,SICILIA FEDERICO ROLANDI JOSE
per_a129ce80964507e314f4,per_8472c95bffcb093adb3d,100,ROLANDI JOSE ROMERO DANIEL YAPURA SEBASTIAN,ROMERO SEBASTIAN
per_a129ce80964507e314f4,per_312dace4063d571b34f2,100,ROLANDI JOSE ROMERO DANIEL YAPURA SEBASTIAN,YAPURA SEBASTIAN
per_a129ce80964507e314f4,per_0aebd527318d58cfc8d4,100,ROLANDI JOSE ROMERO DANIEL YAPURA SEBASTIAN,YAPURA SEBASTIAN
per_3a7465dac0db0f1e884e,per_c8b2863ef54b6fb0ae5a,100,ROLANDI JOSE SALAMONE DANIEL,SALAMONE DANIEL
per_3a7465dac0db0f1e884e,per_330e206a34a7312dd023,100,ROLANDI JOSE SALAMONE DANIEL,SALAMONE DANIEL
per_67df622ca60d33d597da,per_35e37a1a6fcaead5a8a1,100,ROLANDI JOSE SERVENTI MARIA ALEJANDRA,SERVENTI ALEJANDRA
per_67df622ca60d33d597da,per_46f5607302db3fdf1c2b,100,ROLANDI JOSE SERVENTI MARIA ALEJANDRA,SERVENTI MARIA ALEJANDRA
per_67df622ca60d33d597da,per_48700c9158ef78e5e3fe,100,ROLANDI JOSE SERVENTI MARIA ALEJANDRA,SERVENTI MARIA ALEJANDRA
per_67df622ca60d33d597da,per_49adc6fc6e84543f092e,100,ROLANDI JOSE SERVENTI MARIA ALEJANDRA,SERVENTI MARIA ALEJANDRA
per_46f692bf291f585f969d,per_83bdcf1e872e100754e8,100,ROLANDI JOSE SIRI MARIA FLORENCIA,SIRI FLORENCIA
per_46f692bf291f585f969d,per_4a7a26ee0f84471f12df,100,ROLANDI JOSE SIRI MARIA FLORENCIA,SIRI MARIA FLORENCIA
per_46f692bf291f585f969d,per_10e6d554eb00e6ba546c,100,ROLANDI JOSE SIRI MARIA FLORENCIA,SIRI MARIA FLORENCIA
per_e3133bac676ef5c1dd1f,per_d01b3db59875b0867fff,100,ROLDAN PATRICIA ZULEMA,ROLDAN PATRICIA ZULEMA
per_5fa2b105817b61bf6736,per_c1b1de5625a29102f1ba,100,ROLERI JULIANA,ROLERI JULIANA
per_fba1dac3aabd79ee6288,per_ebf2eaec2684ed819479,100,ROLLE ALEJANDRO,ROLLE LUIS ALEJANDRO
per_64d8e894247f7d00ac97,per_505a043ac972652cc951,100,ROMANATO BIBIANA,ROMANATO BIBIANA
per_5bad01fa3653f5402aaa,per_12ddd785347019b84b60,100,ROMANDETTI EMANUEL TOMAS,ROMANDETTI EMANUEL TOMAS
per_72f3f50443c4fbcb6c36,per_899ef44e15a6e55c480f,100,ROMANI VARGAS JESUS,ROMANI VARGAS JOHNNY JESUS
per_31c22a6c5737a008031d,per_24385f088ca166a8c656,100,ROMERO ALVARENGA JORGE DANIEL,ROMERO DANIEL
per_77b0eceef2475247f58a,per_a8e502fd9920e75f4594,100,ROMERO ANDRES JORGE,ROMERO ANDRES JORGE
per_77b0eceef2475247f58a,per_4eb48682a06bcf4aef17,100,ROMERO ANDRES JORGE,ROMERO JORGE
per_a8e502fd9920e75f4594,per_4eb48682a06bcf4aef17,100,ROMERO ANDRES JORGE,ROMERO JORGE
per_a8e502fd9920e75f4594,per_7020fdf539a337a1021f,100,ROMERO ANDRES JORGE,ROMERO JORGE
per_08adcb7c8ff561f57fdc,per_21b563a749b9fd42fa6f,100,ROMERO BERNARDO DARIO,ROMERO DARIO
per_cd0a3cfd1d606ed7251b,per_22ad2fc5263313421452,100,ROMERO BRENDA,ROMERO BRENDA
per_7d1d1dfeb09f30b92147,per_dacc3db53fc9853b4952,100,ROMERO BRISCO JOSE,ROMERO JOSE
per_cfc25745f4b8d05dab2e,per_8472c95bffcb093adb3d,100,ROMERO CARLOS SEBASTIAN,ROMERO SEBASTIAN
per_24385f088ca166a8c656,per_12ce1fd15e52cf3c55a1,100,ROMERO DANIEL,ROMERO DIEGO DANIEL
per_5a1ffb0b7783b1cf2f3b,per_8d3a4b2dbfe0be616b10,100,ROMERO DENIS,ROMERO DENIS
per_4fa7070ea29c7a449fa9,per_24186f01b6cf53e0c39c,100,ROMERO DENIS FERNANDO,ROMERO FERNANDO
per_b8afea0ace4539a26103,per_fe3771373eab9db2f161,100,ROMERO FEDERICO,ROMERO FEDERICO
per_24186f01b6cf53e0c39c,per_b870f1919115f958802e,100,ROMERO FERNANDO,ROMERO VERDUM IVAN FERNANDO
per_6f18e7cbb50669f2d707,per_80887f8bbeb4e54092d9,100,ROMERO GONZALO NICOLAS,ROMERO NICOLAS
per_d49d5b29f7b0562423b1,per_970e527f1aec3430ba40,100,ROMERO GUSTAVO,ROMERO MARCELO GUSTAVO
per_871fee837797cc0bc4d4,per_1153ac01f3d88feef942,100,ROMERO GUSTAVO FABIAN,ROMERO GUSTAVO FABIAN
per_4eb48682a06bcf4aef17,per_7020fdf539a337a1021f,100,ROMERO JORGE,ROMERO JORGE
per_dacc3db53fc9853b4952,per_29b20c08cdbefc7ee687,100,ROMERO JOSE,ROMERO ROJAS ANDRES JOSE
per_a40584a3eb9cd70a1d6b,per_65472575483314460354,100,ROMERO MARCELO,ROMERO MARCELO
per_2db801413f9460c00ad3,per_110d0a76f83b3d70c86c,100,ROMERO RICARDO,ROMERO RICARDO
per_41080bf62fbb389981ea,per_22c503d44709ef54a347,100,ROMERO RODRIGO,ROMERO RODRIGO
per_f486bc49a0c3f131cfac,per_10fb1d6165ba09d2295c,100,ROMERO SOLIS,ROMERO SOLIS
per_2a020c5f6bc3cd48e2fd,per_36279f4ff8f30a4f24f4,100,ROMO AGUSTIN,ROMO ORTEGA CARLOS AGUSTIN
per_2a020c5f6bc3cd48e2fd,per_71bae11f951f11fa210c,100,ROMO AGUSTIN,SWANEPOEL JAMES ROMO AGUSTIN
per_b45e23ebdc69c5eddd7d,per_3d9a1fce63d19013b2c3,100,ROMO CARLOS ALBERTO,ROMO CARLOS ALBERTO
per_3ce05f8c061bbb26191f,per_cf101afa24e788da87c3,100,ROSALES LEANDRO,ROSALES LEANDRO
per_9488898ef121fb420d1a,per_0af32258380d42fe60ac,100,ROSALES MATIAS,ROSALES MATIAS
per_28242db85490b015206e,per_bada4d7012535ca75030,100,ROSALES MATIENZO RODRIGO,ROSALES MATIENZO RODRIGO
per_d356f918eecd3cf0e29d,per_bdc4bd2acb6da33ce2a4,100,ROSANA SUAREZ,ROSANA SUAREZ
per_2c8b7cd9ca8f1917ca98,per_e4d2e5529c996d4ce44f,100,ROSAS GUIDO,ROSAS GUIDO
per_f229c85b4afb8f5acb41,per_af882052f563f4833bbb,100,ROSELLO LORENZO,ROSELLO LORENZO
per_b325c1683519d39da7d8,per_f7943acd2c55192d2886,100,ROSEMBERG JAIME,ROSEMBERG JAIME
per_b2c835a9e686c21fb2b3,per_c521ad94ff61b4fe6bb4,100,ROSENBLIT ANDREA,ROSENBLIT ANDREA
per_6381781b62615f821c40,per_f188243ef0efdab61197,100,ROSSI ADALBERTO,ROSSI ADALBERTO
per_16486277bb97b4187f35,per_85816a2436139870a6fe,100,ROSSI AGUSTIN,ROSSI AGUSTIN
per_ea545d828f08db8193c2,per_2abde86672a91cdeebf9,100,ROSSI MARIA ELENA,ROSSI MARIA ELENA
per_200f9a2756dd7948d5cb,per_f7b2ae03abdcce2a175a,100,ROTELA MARIA EUGENIA,ROTELA MARIA EUGENIA
per_9ea864df698d0c54e6e4,per_522e5ac41517e5341f2d,100,ROTILI JOAQUIN,ROTILI JOAQUIN
per_287bbd851c1fe2ba6286,per_a8870990e105d1419297,100,ROTONDO MARISA,ROTONDO MARISA
per_e969238b2bc49568ef03,per_8a38091270a068cf8aa9,100,ROVAROLA NICOLAS LIONEL,ROVAROLA NICOLAS LIONEL
per_ef8e240fe15c144a3b14,per_1525321621e0247f1bc1,100,ROVITTO JUAN CARLOS,ROVITTO JUAN CARLOS
per_ef8e240fe15c144a3b14,per_c1ab91859df1dfe03125,100,ROVITTO JUAN CARLOS,WERTHEIN GERARDO ROVITTO JUAN CARLOS
per_1525321621e0247f1bc1,per_c1ab91859df1dfe03125,100,ROVITTO JUAN CARLOS,WERTHEIN GERARDO ROVITTO JUAN CARLOS
per_b0791f8ddc17acc5ad96,per_3c4967903c31b08f19cb,100,ROYON FLAVIA,ROYON FLAVIA
per_cadb6049ba8a41fe1f27,per_956b9e798cbe2abeee85,100,ROZAS GARAY MARCELO,ROZAS GARAY MARCELO
per_22b9967e71adbd772dbc,per_e738ed0849bca3c70487,100,ROZENFARB MAXIMILIANO EZEQUIEL,ROZENFARB MAXIMILIANO EZEQUIEL
per_22b9967e71adbd772dbc,per_ff8c3126daff95c146de,100,ROZENFARB MAXIMILIANO EZEQUIEL,ROZENFARB MAXIMILIANO EZEQUIEL
per_38df6d5fe980b256b9e7,per_55f04bda17e7089b2793,100,ROZITCHNER ALEJANDRO,ROZITCHNER ALEJANDRO
per_a0c6f4d3dce63130e81a,per_e30c8a236424f340c520,100,RUCCI JEREMIAS,RUCCI JEREMIAS
per_8655e1f085283eb36dd7,per_46593f6963b4e74276a2,100,RUCKAUF CARLOS,RUCKAUF CARLOS LUNA MAXIMILIANO CARLOS
per_9d8cd11d76c38f01dc0e,per_d01f773fb943792d525b,100,RUFFINO JUAN CRUZ,RUFFINO JUAN CRUZ
per_851066678038b1810073,per_c32d04a73cb0c1239cda,100,RUFINO EMANUEL,RUFINO EMANUEL
per_dc6de3869894dc301c43,per_e635f5b6f551c3587166,100,RUIZ DIAZ,RUIZ DIAZ
per_dc6de3869894dc301c43,per_29f9c076e1ca88ba3ab3,100,RUIZ DIAZ,RUIZ DIAZ DIEGO
per_e635f5b6f551c3587166,per_29f9c076e1ca88ba3ab3,100,RUIZ DIAZ,RUIZ DIAZ DIEGO
per_b11465b0f10d9ecfc777,per_a27799c1ef641a5a74a0,100,RUIZ DIAZ ELIAS,RUIZ ELIAS
per_ac4456cd6fc74e0fa481,per_bab49330a6600c89bdbb,100,RUIZ DIAZ PABLO,RUIZ DIAZ PABLO
per_15fa1a3363eb4dc5992b,per_cc6db1c0fa7c77350d83,100,RUIZ DIAZ RODRIGO,RUIZ RODRIGO
per_32c3b9728b15fd7e69ee,per_2446a1aaafa0edcda1b0,100,RUIZ EZEQUIEL,RUIZ EZEQUIEL
per_32c3b9728b15fd7e69ee,per_61e1182d93e87cf31869,100,RUIZ EZEQUIEL,TAVELLA CARLOS FRANCISCO RUIZ EZEQUIEL
per_2446a1aaafa0edcda1b0,per_61e1182d93e87cf31869,100,RUIZ EZEQUIEL,TAVELLA CARLOS FRANCISCO RUIZ EZEQUIEL
per_217677f1314cb93816e5,per_c627de0f6075bee7e670,100,RUIZ FEDERICO,RUIZ FEDERICO
per_217677f1314cb93816e5,per_8b84ebc623709000672a,100,RUIZ FEDERICO,RUIZ GUINANZU FEDERICO
per_7d2feb3171c365e24bc4,per_4c8259d96289b6697bb2,100,RUIZ MARCELO,RUIZ MARCELO
per_3641607d8db6f3e734b9,per_2aa9774187648984e78f,100,RUIZ NESTOR,RUIZ NESTOR
per_095fa4293ae87927ae24,per_32a4ec6a8b52a3828811,100,RUOCCO MUNYO GABRIEL,RUOCCO MUNYO GABRIEL
per_6397389acd7b4d4c9b83,per_1d47994e7c07753f0193,100,RUSSO EMILIANO FRANCISCO,RUSSO EMILIANO FRANCISCO
per_ff30772d4e4c8f5f025f,per_9ae87539ccef6332323b,100,RUSSO MARIO,RUSSO MARIO
per_877d376fd28fdefd94d3,per_d8970ba762b6201f642c,100,RUST JON TOLABA CLARA VICENTA,TOLABA CLARA VICENTA
per_40dcb9cc538b6be221bb,per_3c20cc5ee7a629108e9a,100,RUVIRA LUIS,RUVIRA LUIS
per_0e6a81ba4500b5a16e6d,per_d645a35de45d4f3d89ba,100,RYNKIEWICZ MARIA LAURA,RYNKIEWICZ MARIA LAURA
per_1baa6c4aa8d2b8d2c72f,per_40a861ddbb005d1f17fb,100,SA XUELAN JIANG,XUELAN JIANG
per_1d71f98048f187d5d5ad,per_f62ff5ad55ec020e8e36,100,SABATE MATIAS,SABATE MATIAS
per_e83c984c3b12adc7ea69,per_8477fa6be830665d1232,100,SABBATINI ATILIO NICOLAS,SABBATINI ATILIO NICOLAS
per_1b235181c6dcd2fd53c1,per_141e81fab62aa75ec7a7,100,SABORETTI DARIO SANTOS PABLO LUIS,SANTOS PABLO LUIS
per_1b235181c6dcd2fd53c1,per_93d39db89cb996ed86d9,100,SABORETTI DARIO SANTOS PABLO LUIS,SANTOS PABLO LUIS
per_dd5b102bab8caea624d3,per_4b64f2dcef57d9301cb0,100,SADIR CARLOS,SADIR CARLOS
per_9cb80aedaa367823777c,per_d3b2cff5275cef9e7c65,100,SAEED ABDULLA ALQEMZI,SAEED ABDULLA ALQEMZI
per_9cb80aedaa367823777c,per_b8a787307e56341b0e80,100,SAEED ABDULLA ALQEMZI,SAEED ABDULLA SAIF JOULA ALQEMZI
per_d3b2cff5275cef9e7c65,per_b8a787307e56341b0e80,100,SAEED ABDULLA ALQEMZI,SAEED ABDULLA SAIF JOULA ALQEMZI
per_1a105e2f4ce2c766464b,per_47c462584104af2e2cf3,100,SAENZ DE TEJADA GABRIEL ALEJANDRO,TEJADA ALEJANDRO
per_0a59f28e3c3f0d23a3b3,per_1ff7177306c56cb1cac6,100,SAFRAN ADOLFO,SAFRAN ADOLFO
per_b3618ad901eeb56f9772,per_ae146aece94fb341fe35,100,SAGARDOY LUIS,SAGARDOY LUIS
per_33b7b8d09458363713f1,per_03efaadcc5cf2bbbeb6d,100,SAGRERA CRISTIAN,SAGRERA CRISTIAN
per_fd983563e4d1839e29e3,per_fbe10029667902264a6e,100,SAHORES LEOPOLDO,SAHORES LEOPOLDO
per_4f35698def11a53c80cb,per_33f369deaa379713bff7,100,SAIFERT LEONARDO,SAIFERT LEONARDO
per_22c107723371e46e5e85,per_f57961b7372d89310f9a,100,SALAMA MATIAS,SALAMA MATIAS
per_c8b2863ef54b6fb0ae5a,per_330e206a34a7312dd023,100,SALAMONE DANIEL,SALAMONE DANIEL
per_98f6cbda59ea774330dc,per_3f431a97e8f039ab4073,100,SALAZAR GRISELDA,SALAZAR GRISELDA
per_ab5e7a60edb09acce0b6,per_0b0f5a781073b8714fa5,100,SALAZAR JORGE,SALAZAR JORGE
per_8883738c31dc7bfde69d,per_b79c75580bb3157559d5,100,SALAZAR JORGE SEBASTIAN FIGUERAS LUCAS MARTIN,SEBASTIAN MARTIN
per_7f12e3e868291e97ae7b,per_cceda034737a08f470d2,100,SALERNO IGNACIO,SALERNO IGNACIO
per_6dc3b6c275d0a74e5920,per_e33fb0e32d29dc8df3b5,100,SALERNO YAMIL ELOY,SALERNO YAMIL ELOY
per_0bd514eb42924da83474,per_52efe26defc457c00644,100,SALINAS ENZO,SALINAS ENZO
per_0de3a575084e451a8a3f,per_f57becd424119f48e8b1,100,SALINAS PLIEGO RICARDO,SALINAS RICARDO
per_93b3443718bb58310935,per_cd456dc6baceae458836,100,SALOR AGUSTINA,SALOR AGUSTINA
per_eca8fa28e4e46bea5deb,per_59658c066d1dd22f7b08,100,SALORD JUAN MANUEL,SALORD VAQUERO JUAN MANUEL
per_470b9b9f1c98e2a7a70a,per_ff9cb36403177086d299,100,SALVATIERRA ANALIA,SALVATIERRA JIMENEZ MIRTA ANALIA
per_e9654f3b9aad5643cbfd,per_df7d2fb51457b9069445,100,SAN MARTIN MARIA MARTHA,SAN MARTIN MARIA MARTHA
per_59f1bfaa1f4198ed331a,per_2c4e898d6f3d5c48c2ce,100,SAN MILLAN JULIO,SAN MILLAN JULIO
per_02f33e3bad7b6fd14dcd,per_d848644b42229f7d4531,100,SAN PEDRO CLAUDIO,SAN PEDRO CLAUDIO
per_7f47ca8b5497f1b16919,per_3c6dac3e640b149ab5df,100,SANCHEZ ACUNA FERNANDO,SANCHEZ FERNANDO
per_da21eaf2e5b77cec3fdd,per_67862f1b5fd033d71853,100,SANCHEZ AGUSTIN,SANCHEZ RAUL AGUSTIN
per_d44b99be38983ebb1ae0,per_adafa4d5c3e645d8c0e9,100,SANCHEZ CABALLERO HECTOR,SANCHEZ CABALLERO HECTOR
per_34bee4c61a85f591d491,per_191a310d67e5710010e9,100,SANCHEZ CARLOS,SANCHEZ CARLOS
per_966cf2e74a26ff41b2cd,per_191a310d67e5710010e9,100,SANCHEZ CARLOS,SANCHEZ CARLOS
per_191a310d67e5710010e9,per_13404355ce8990426dfd,100,SANCHEZ CARLOS,SANCHEZ CARLOS
per_34bee4c61a85f591d491,per_3f3e0e4f5b7978cebd10,100,SANCHEZ CARLOS,SANCHEZ JUAN CARLOS
per_966cf2e74a26ff41b2cd,per_3f3e0e4f5b7978cebd10,100,SANCHEZ CARLOS,SANCHEZ JUAN CARLOS
per_191a310d67e5710010e9,per_3f3e0e4f5b7978cebd10,100,SANCHEZ CARLOS,SANCHEZ JUAN CARLOS
per_13404355ce8990426dfd,per_3f3e0e4f5b7978cebd10,100,SANCHEZ CARLOS,SANCHEZ JUAN CARLOS
per_34bee4c61a85f591d491,per_5a7445356318b1e863cf,100,SANCHEZ CARLOS,SANCHEZ NEGRETE CARLOS
per_966cf2e74a26ff41b2cd,per_5a7445356318b1e863cf,100,SANCHEZ CARLOS,SANCHEZ NEGRETE CARLOS
per_191a310d67e5710010e9,per_5a7445356318b1e863cf,100,SANCHEZ CARLOS,SANCHEZ NEGRETE CARLOS
per_13404355ce8990426dfd,per_5a7445356318b1e863cf,100,SANCHEZ CARLOS,SANCHEZ NEGRETE CARLOS
per_d5d7705e1a91640ef65f,per_f682e6a371b22d8014a9,100,SANCHEZ CATENA GABRIEL,SANCHEZ GABRIEL
per_1a018b584179af247cbd,per_0e83ad0eaff868f5b0bd,100,SANCHEZ CECILIA,SANCHEZ CECILIA
per_367d33efaaaa28213793,per_edbbc01d3b0ca8d77ed0,100,SANCHEZ CHARRO JOAQUIN,SANCHEZ JOAQUIN
per_fadbe83878e5a96e35f0,per_c842405a0e54c13c0dcc,100,SANCHEZ DANIEL OSVALDO,SANCHEZ DANIEL OSVALDO
per_8eba896908432190748a,per_595920555ad530b645d4,100,SANCHEZ DE LERIN GARCIA OVIES RAMIRO,SANCHEZ DE LERIN RAMIRO
per_3fef2bd93ba454be842e,per_1adc75a0c1e97ce8c1f7,100,SANCHEZ EDUARDO,SANCHEZ MARQUES JULIO EDUARDO
per_79ceecd7a52777da70b3,per_614b4087aaf31d957697,100,SANCHEZ EVANGELINA,SANCHEZ EVANGELINA
per_c3dd3bd4a422a448a031,per_89f7f366a5f74bd522e1,100,SANCHEZ FACUNDO LEONEL,SANCHEZ FACUNDO LEONEL
per_4a1b80340e14627c1649,per_00399f85e72a86a414fb,100,SANCHEZ FERNANDO OMAR,SANCHEZ FERNANDO OMAR
per_f3007bddd96bf79ba4ac,per_71c3bf5c15db98782220,100,SANCHEZ FLECHA ROBERTINO,SANCHEZ FLECHA ROBERTINO
per_c18adc016d659a2291ba,per_d91f0693d43c8a849df8,100,SANCHEZ FRANCISCO,SANCHEZ FRANCISCO
per_c18adc016d659a2291ba,per_61fcee33f46eef9d297c,100,SANCHEZ FRANCISCO,SANCHEZ GAMINO FRANCISCO
per_d91f0693d43c8a849df8,per_61fcee33f46eef9d297c,100,SANCHEZ FRANCISCO,SANCHEZ GAMINO FRANCISCO
per_5849e5dfd6d5f6ef8271,per_9104a59561808e1c3057,100,SANCHEZ GUILLERMO,SANCHEZ TORRES ABEL GUILLERMO
per_9c6f681ecf5cda44da18,per_768cd5f07f817dade05b,100,SANCHEZ IRINA,SANCHEZ IRINA
per_361627af84d6e31762d9,per_0bc4a3d4c9c8c520c669,100,SANCHEZ JORGE,SANCHEZ JORGE
per_0bc4a3d4c9c8c520c669,per_f54c19f4fa95dbcb100e,100,SANCHEZ JORGE,SANCHEZ PARRA JORGE
per_3f4b1228050ff512d7ca,per_6e0edb688d61899f82a3,100,SANCHEZ MARCELINA,SANCHEZ MARCELINA
per_068c05d324bdc59581f2,per_1dec0ab1b490239bc5ff,100,SANCHEZ MONICA,SANCHEZ MONICA
per_1dec0ab1b490239bc5ff,per_5e27ded5d50004dbffdf,100,SANCHEZ MONICA,SANCHEZ MONICA
per_e9da3ac2efccf611c0b5,per_17201e9a588615ac3e80,100,SANCHEZ NILDA,SANCHEZ NILDA
per_f86fe6156eb222e57a78,per_3f41ea2262e298775e59,100,SANCHEZ RICO AMADOR,SANCHEZ RICO AMADOR
per_ee3da01bfc2f22da95c4,per_2b1810ca81a6ecddb55c,100,SANCHEZ ROBERTO,SANCHEZ ROBERTO
per_2b1810ca81a6ecddb55c,per_467f4fed19bf692e389a,100,SANCHEZ ROBERTO,SANCHEZ ROBERTO
per_68e87e73d2bc9d25bc40,per_75eb4054f1a3a15a8145,100,SANCHEZ SEBASTIAN NAHUEL,SANCHEZ SEBASTIAN NAHUEL
per_3581d6cd690d5d6c6523,per_a5a5ccc88919e8d72b24,100,SANCHEZ SORONDO JOSE,SANCHEZ SORONDO JOSE
per_7b5507a4cf19a1239388,per_9db55a5190cb2c1a3bb5,100,SANCHEZ SORONDO SANTIAGO,SANCHEZ SORONDO SANTIAGO
per_2d0f6dfcc61ead45eb5c,per_7812e44d87ce0c55bfd2,100,SANCHEZ VALERIA,SANCHEZ VALERIA
per_81ebe9d6177a3b6a865d,per_3664fea37e3af0577968,100,SANCHEZ VERONICA,SANCHEZ VERONICA
per_63f3e23b422b2058e433,per_0287775cd811c691b7da,100,SANDILLI PEDRO,SANDILLI PEDRO
per_fdd2a0f5dfe3f1e4fa36,per_be251f7f0b02d3f1508b,100,SANDOVAL JAVIER,SANDOVAL RUBEN JAVIER
per_5503a50233a0c3abd6fd,per_055f038f714256cd5053,100,SANDOVAL MARTIN ARNALDO,SANDOVAL MARTIN ARNALDO
per_c499b9b0f6e065983901,per_71c21dd8cf47f33af018,100,SANDOVAL RUBEN,SANDOVAL RUBEN
per_e1d772f11cb46a9c5c90,per_55432802b2a13c28cb83,100,SANDRI MARCELO,SANDRI MARCELO
per_fb56fba461d4d19485e6,per_f49d5f1092fa7040a560,100,SANFILIPPO DAMIAN,SANFILIPPO DAMIAN
per_fb56fba461d4d19485e6,per_cd4e1ee68a78d7783beb,100,SANFILIPPO DAMIAN,SANFILIPPO DAMIAN ASTOBIZA DAIANA
per_f49d5f1092fa7040a560,per_cd4e1ee68a78d7783beb,100,SANFILIPPO DAMIAN,SANFILIPPO DAMIAN ASTOBIZA DAIANA
per_1153edb0415fdfb31928,per_d0f7dfe42d706e3a9784,100,SANGUINETTI DOPASO AGUSTINA,SANGUINETTI DOPASO AGUSTINA
per_567add5985183595d43f,per_40077cc55067c71c90bb,100,SANMARTI PABLO JAVIER,SANMARTI PABLO JAVIER
per_5b6cd0eecef068c9cd95,per_6252360a3ba6d3b2453c,100,SANTACROCE GERMAN,SANTACROCE GERMAN
per_f3afb37206696a6d0363,per_19dcb54cafd13589ccb9,100,SANTAMARIA MARIA BERNADETTE,SANTAMARIA MARIA BERNADETTE
per_9f2de86da8984e7bb07c,per_7c70c3e2e4ca714934ba,100,SANTAMARIA VICTOR,SANTAMARIA VICTOR
per_25e386701e821050f0cc,per_b6d79be2238a2d5f0698,100,SANTELLAN MARIA SOLEDAD,SANTELLAN MARIA SOLEDAD
per_8e0da437b7326c57f955,per_3d229ae72fd9de068545,100,SANTIAGO VALERIA,SANTIAGO VALERIA
per_0aa76847658fb1bbaa1a,per_c3c9e3e8ad9e044055ca,100,SANTILLAN JUAREZ BRAHI JULIANA,SANTILLAN JUAREZ BRAHI JULIANA
per_0aa76847658fb1bbaa1a,per_c08a556687644aad2de6,100,SANTILLAN JUAREZ BRAHI JULIANA,SANTILLAN JULIANA
per_0aa76847658fb1bbaa1a,per_f34dcf6202c21b8aa23a,100,SANTILLAN JUAREZ BRAHI JULIANA,SANTILLAN JULIANA
per_c3c9e3e8ad9e044055ca,per_f34dcf6202c21b8aa23a,100,SANTILLAN JUAREZ BRAHI JULIANA,SANTILLAN JULIANA
per_c08a556687644aad2de6,per_f34dcf6202c21b8aa23a,100,SANTILLAN JULIANA,SANTILLAN JULIANA
per_1238a232c7614b7b4515,per_35bbb6213a0645b4e21f,100,SANTILLAN LEONARDO MARTIN,SANTILLAN LEONARDO MARTIN
per_925104ec417969ae960d,per_00717adeb7a325e8e3c8,100,SANTILLI DIEGO,SANTILLI DIEGO
per_096b422e519f95a1b4cc,per_3d8b1a9a5f03865eac09,100,SANTILLI NICOLAS,SANTILLI NICOLAS
per_727a8b26adc81e9cad70,per_1632058b8999eb364e56,100,SANTILLI SEBASTIAN,SANTILLI SEBASTIAN
per_3471d1762a0eb2e83e4d,per_61704fc51548244c5b65,100,SANTIUSE LEONARDO SERENELLINI EDUARDO,SERENELLINI EDUARDO
per_3471d1762a0eb2e83e4d,per_144d05305dbcc2538a1a,100,SANTIUSE LEONARDO SERENELLINI EDUARDO,SERENELLINI EDUARDO
per_3daf176236fac1718408,per_21e2c30a6464bdebbcd8,100,SANTIUSTE LEONARDO,SANTIUSTE LEONARDO
per_12f1be82e3cda0bf4f67,per_179ba12562664bd27287,100,SANTIVANEZ VIEYRA MARCOS MARIA,SANTIVANEZ VIEYRA MARCOS MARIA
per_bada975f71b623e9bad6,per_04ad942f37610b4ef773,100,SANTORO DANIEL PEDRO,SANTORO DANIEL PEDRO
per_4e550681a8a9949baf7b,per_78061e1df7c6f01cff73,100,SANTORO ESTEBAN,SANTORO ESTEBAN
per_0eda124524eb72725c19,per_e09f0202de7a528af8b1,100,SANTORO JUAN MANUEL,SANTORO JUAN MANUEL
per_c66750be2de894ac2a20,per_cf4f3334a3898e638c06,100,SANTOS HOLGUIN LAURA,SANTOS LAURA
per_a2ebe368a42d73489ccf,per_5f328e3e19024b634dee,100,SANTOS MASSA JUAN,SANTOS MASSA JUAN
per_a2ebe368a42d73489ccf,per_7a1a8d0ffd48b373f4ee,100,SANTOS MASSA JUAN,VERMIGLI LORENZO SANTOS MASSA JUAN
per_5f328e3e19024b634dee,per_7a1a8d0ffd48b373f4ee,100,SANTOS MASSA JUAN,VERMIGLI LORENZO SANTOS MASSA JUAN
per_141e81fab62aa75ec7a7,per_93d39db89cb996ed86d9,100,SANTOS PABLO LUIS,SANTOS PABLO LUIS
per_a8222195860d4cbd6b05,per_87ce76028b8c57e6b093,100,SANTUISTE LEONARDO,SANTUISTE LEONARDO
per_40b21a760915f33cba6e,per_cec8179c00102a5190d8,100,SANTURIO RODRIGUEZ SANTIAGO JAVIER,SANTURIO RODRIGUEZ SANTIAGO JAVIER
per_138e299ef8bc76ef5717,per_1fb4a82188c5193906a5,100,SARACHO FRANCSICO,SARACHO FRANCSICO
per_7ab25e3887d151051975,per_e3d849718c4fa342ec46,100,SARALE PABLO,SARALE PABLO
per_39136d8e0716b4118e96,per_65aab10af91e703fb17d,100,SAREM MUHAMMAD,SAREM MUHAMMAD
per_a4939ea0b47a5cda49b9,per_a9aae6553c675e23be2d,100,SARMIENTO EMANUEL,SARMIENTO EMANUEL
per_38f23fc3da1987561dbe,per_0be308f411ed48979319,100,SARQUIS LEONARDO,SARQUIS LEONARDO
per_1da9fd11e1388ec48496,per_c51254aaef8428a1fc4d,100,SARUBBI ALEJANDRO,SARUBBI BENITEZ ALEJANDRO ALBERTO
per_44d5924bafc8bd5cb645,per_6fc3a80ffb621022050e,100,SAUCEDO DANIEL,SAUCEDO DANIEL
per_d57fef5bf8a6d6135c49,per_3405b5bf919784419d55,100,SAVINO JAZMIN MARIEL,SAVINO JAZMIN MARIEL
per_66d60837a6a047380733,per_7dd95d2342dc223335a6,100,SAVORITI DARIO,SAVORITI DARIO
per_c520a2488f01cb6651e9,per_a764d732bd24d1cf1811,100,SAYES PIMIENTA KAREN CASANDRA,SAYES PIMIENTA KAREN CASANDRA
per_40a2b2e865055e857b96,per_e5c0851c8f99d84697a5,100,SCAGLIA GISELA,SCAGLIA GISELA
per_34787f2343c0df5c96af,per_ba58894ec8261dcb120f,100,SCALESE JUAN PABLO,SCALESE JUAN PABLO
per_83b1fea96a79f332bc63,per_7a38e1fd922f2bb1e6f8,100,SCALITER NATALIA,SCALITER NATALIA
per_436c38db237ab1528b8b,per_98f2b0f3ed8485d82252,100,SCALLY TOMAS,SCALLY TOMAS
per_772957c51cfe01f11071,per_ba32258c90914bbd5379,100,SCASSO LUIS MARIA,SCASSO LUIS MARIA
per_382f6e4be9123d4fe748,per_9f48460c02ab98b8a915,100,SCEVOLA EDUARDO DAMIAN,SCEVOLA EDUARDO DAMIAN
per_66a717cd8a50afffe529,per_80e44dea42d95463e406,100,SCHAMBER JUAN,SCHAMBER JUAN
per_10d13a4d914875a7ff71,per_96807a78891991fb6eb1,100,SCHARGRODSKY IVAN,SCHARGRODSKY IVAN
per_68b85c426e86a9bec935,per_42404ffaa37cbb584096,100,SCHIAFFINO PABLO LEANDRO,SCHIAFFINO PABLO LEANDRO
per_2d64d7ec3c07323c326f,per_0c28a34d6911b0c9826e,100,SCHIAVI ALEJANDRO,SCHIAVI ALEJANDRO
per_f2cfe08e007122ec17ef,per_d5d69b7be1772329d20f,100,SCHIERNERENBECK PAMELA,SCHIERNERENBECK PAMELA
per_739736e07881d15bd575,per_4ab97cf833d93a1fa24c,100,SCHIFANI MANUEL,SCHIFANI MANUEL
per_51686aa3a75b071c0ed0,per_24a2638a6504ad43b05d,100,SCHMIDT MICAELA,SCHMIDT MICAELA
per_7383085d9b93d550a50b,per_6ac4307f01697bbc93f7,100,SCHMUKLER MIGUEL,SCHMUKLER MIGUEL
per_5c987a27acfb47d1a6ce,per_f11376e5b84211e03ad4,100,SCHNEIDER BRENDA ROSA,SCHNEIDER BRENDA ROSA
per_04a1c01fc8472a58dfff,per_b9d82b2f79fa2301420c,100,SCHNEIDER VICTORIA LILA,SCHNEIDER VICTORIA LILA
per_ccfeb239dd025a6696a7,per_b59b0c7ab740df11306d,100,SCHOLAND LUIS FERNANDO,SCHOLAND LUIS FERNANDO
per_99ba78ccb8b1bbe27282,per_1c67b12f89125fdd5f27,100,SCHPAK MICAELA,SCHPAK MICAELA
per_9854cca9f164659d62bf,per_bcd88ed606d520140fcf,100,SCHUFF SEBASTIAN MARTIN,SCHUFF SEBASTIAN MARTIN
per_9854cca9f164659d62bf,per_b79c75580bb3157559d5,100,SCHUFF SEBASTIAN MARTIN,SEBASTIAN MARTIN
per_bcd88ed606d520140fcf,per_b79c75580bb3157559d5,100,SCHUFF SEBASTIAN MARTIN,SEBASTIAN MARTIN
per_f3d30f0cbf0e3a88b69a,per_64f5c453adf72cc37fe5,100,SCHUSTER OLMEDO ALEX NAHUEL,SCHUSTER OLMEDO ALEX NAHUEL
per_81307bace1b308f43d6d,per_ecc0d2ff03e443ca346c,100,SCHUSTER STEFANIE,SCHUSTER STEFANIE
per_9dcc790d24dcd7dcccd0,per_d583abb9ff7afe4739f6,100,SCHWARTZMAN MARTIN,SCHWARTZMAN MARTIN
per_e180c0fde90f54ec07f0,per_94f4be227c8b469bb5d0,100,SCIOLI LORENA,SCIOLI MARIA LORENA
per_e180c0fde90f54ec07f0,per_e4e34fe0db5f20ee35a7,100,SCIOLI LORENA,SCIOLI MARIA LORENA
per_94f4be227c8b469bb5d0,per_e4e34fe0db5f20ee35a7,100,SCIOLI MARIA LORENA,SCIOLI MARIA LORENA
per_9e238ec1c7e6eb5fc1d1,per_c7320ae3023186cc43d0,100,SCIOLI NICOLAS,SCIOLI NICOLAS
per_e5b4773e994f8eac85a0,per_20de8081cad9f594e803,100,SCLAUSSERO NESTOR,SCLAUSSERO NESTOR
per_b79c75580bb3157559d5,per_41cf4c9491f33318173b,100,SEBASTIAN MARTIN,SEBASTIAN MARTIN BENEDETTO MARCELO
per_1772be5b67fd2d212c06,per_ae83a05444d817340789,100,SEBASTIAN MARTIN SUSANA CAVALLINI,SUSANA CAVALLINI
per_b1970a17581b3db0ef91,per_d66f7d8b23e7bb64af94,100,SEGAL SUSAN,SEGAL SUSAN
per_a3c29799d01a876ceee0,per_d66f7d8b23e7bb64af94,100,SEGAL SUSAN,SEGAL SUSAN
per_275662c7555a441e2de7,per_5b63ad571ae5e209906a,100,SEGOVIA FEDERICO,SEGOVIA FEDERICO
per_e080c47ecc107d215f80,per_d895610068e3d91b805a,100,SEGOVIA WALTER,SEGOVIA WALTER
per_130d4b5090c947207ecd,per_7b2fc14ace9715412bfe,100,SEGRETO LORELEY,SEGRETO LORELEY
per_3d0b1f812d1dc8ea6778,per_395b546d79db94ad6551,100,SELLA DE PAULA ROXANA,SELLA DE PAULA ROXANA
per_14862c7d218861f16936,per_5d4c285bca2d0ce212e7,100,SEMERENA VERONICA,SEMERENA VERONICA
per_f18cdb98ddb12346d677,per_f1ca37d8f755c81cf75c,100,SEN ANJALINA,SEN ANJALINA
per_28899bf13711265f1f0a,per_a192ad22240f624df636,100,SENA ANDRES,SENA ANDRES
per_73a646873c424bbf2d04,per_83c8aa3a7327635501be,100,SENESTRO MARINA,SENESTRO MARINA
per_e8c619e5bf5e58c9f337,per_83c8aa3a7327635501be,100,SENESTRO MARINA,SENESTRO MARINA
per_b4a2bf8615a4170dab30,per_c8852ccb1d28528b3458,100,SEOANE SEBASTIAN,SEOANE SEBASTIAN
per_ac029b790abc2adb0d04,per_97805a8d7705a77e20ba,100,SERENELLINI AGUSTIN EUGENIO,SERENELLINI AGUSTIN EUGENIO
per_61704fc51548244c5b65,per_144d05305dbcc2538a1a,100,SERENELLINI EDUARDO,SERENELLINI EDUARDO
per_5f4fd595535a5fa4f200,per_b6d8dbc7e45bdaf8f410,100,SERRA NOELIA LORENA,SERRA NOELIA LORENA
per_914a98a0f43d98d6d454,per_aab858124b288748d7ed,100,SERRA VICENTE,SERRA VICENTE
per_1f81d0a7ebf71e467715,per_8c715d59b3bf28ef2b9b,100,SERRANO AGUSTINA,SERRANO GOMEZ MARIA AGUSTINA
per_579c203d08e0a37d01a0,per_3c87b3055910adef01b7,100,SERRANO BERTHET DIEGO HERNAN,SERRANO BERTHET DIEGO HERNAN
per_579c203d08e0a37d01a0,per_b3aba2d9ecf0e0d6397d,100,SERRANO BERTHET DIEGO HERNAN,TEAR DANIEL OSCAR HUMENUK GLADYS SERRANO BERTHET DIEGO HERNAN
per_3c87b3055910adef01b7,per_b3aba2d9ecf0e0d6397d,100,SERRANO BERTHET DIEGO HERNAN,TEAR DANIEL OSCAR HUMENUK GLADYS SERRANO BERTHET DIEGO HERNAN
per_d9469da82a62276ea999,per_0e876c2887035fdfdba5,100,SERRANO LARISA,SERRANO LARISA
per_efc840358948dd53db2f,per_3a9ee0ce3d69e6279e50,100,SERRANO LAURA,SERRANO MARIA LAURA
per_580615e99ed19090d42e,per_580e234b3420833c56a9,100,SERRANO MARCOS,SERRANO MARCOS
per_23094405bbf401f779ac,per_7a26185f3b1bdb9c5bab,100,SERRANO MARCOS SEBASTIAN,SERRANO SEBASTIAN
per_35e37a1a6fcaead5a8a1,per_46f5607302db3fdf1c2b,100,SERVENTI ALEJANDRA,SERVENTI MARIA ALEJANDRA
per_35e37a1a6fcaead5a8a1,per_48700c9158ef78e5e3fe,100,SERVENTI ALEJANDRA,SERVENTI MARIA ALEJANDRA
per_35e37a1a6fcaead5a8a1,per_49adc6fc6e84543f092e,100,SERVENTI ALEJANDRA,SERVENTI MARIA ALEJANDRA
per_46f5607302db3fdf1c2b,per_49adc6fc6e84543f092e,100,SERVENTI MARIA ALEJANDRA,SERVENTI MARIA ALEJANDRA
per_48700c9158ef78e5e3fe,per_49adc6fc6e84543f092e,100,SERVENTI MARIA ALEJANDRA,SERVENTI MARIA ALEJANDRA
per_1df62fc6078b06cb88ed,per_d9f5577af106ab20e8f4,100,SESSA ALDO,SESSA ALDO
per_f640bae6b1b0c966aa9b,per_99e939e7cd383e43e28e,100,SESTI PATRICIO,SESTI PATRICIO
per_80a81ad4bdcff056d84b,per_51ddbcd9d8ca17f2d2d7,100,SETTE ALBERTO,SETTE ALBERTO
per_ed8bcb4125ffc7f9c11a,per_f2efbae0aa1912cb70c3,100,SFORZINI NICOLAS,SFORZINI NICOLAS
per_a57df391a19dd65370fe,per_9fedb1add0dd79ba10c1,100,SGARBI BIANCOTTI CARLOS FABIAN,SGARBI BIANCOTTI CARLOS FABIAN
per_dc17efa6b787fa67a025,per_9241634cee5830ad3164,100,SHAW DE ESTRADA MARCOS,SHAW DE ESTRADA MARCOS
per_eaec5810532b19453e74,per_aad5a05daf9604c90eb2,100,SHIMADA KENJI,SHIMADA KENJI
per_1b27be42c4bab47f7a30,per_719a454520fcdbbbe129,100,SIABA SERRATE PEDRO,SIABA SERRATE PEDRO
per_b6e6665b10e775037aef,per_007686ce712931d361f5,100,SIBILLA FERNANDO,SIBILLA FERNANDO
per_9ee7e2b8883dc0d6f08b,per_0d20b73b243edf30f6a3,100,SICCARDI SANTIAGO,SICCARDI SANTIAGO
per_451d19f40d64c22c28ac,per_dfef1ccae32dc9fd444e,100,SICIALIA FEDERICO,SICIALIA FEDERICO
per_3dae173186a0c5dba925,per_275beac9cd0cd081f3dd,100,SICILIA FEDERICO TALAVERA BRIAN,TALAVERA BRIAN
per_3dae173186a0c5dba925,per_d4e25b9a91e7cf0db824,100,SICILIA FEDERICO TALAVERA BRIAN,TALAVERA BRIAN
per_c8b69334b1756515db63,per_d312d0e5d53119c2a9b7,100,SIEGENTHALER JUAN ARTURO,SIEGENTHALER JUAN ARTURO
per_9e0da39d189290238988,per_5ac36493b2ae59977750,100,SIERRA CRISTINA,SIERRA MARIA CRISTINA
per_9e0da39d189290238988,per_3ff86b1c2fc940684dff,100,SIERRA CRISTINA,SIERRA MARIA CRISTINA
per_3f661f97d07522152568,per_46599114ab7ed6226755,100,SIERRA LOBOS MARIA,SIERRA LOBOS MARIA
per_3f661f97d07522152568,per_4e483131ab988f0b1f8f,100,SIERRA LOBOS MARIA,SIERRA MARIA
per_46599114ab7ed6226755,per_058341111b4e757c044b,100,SIERRA LOBOS MARIA,SIERRA MARIA
per_46599114ab7ed6226755,per_4e483131ab988f0b1f8f,100,SIERRA LOBOS MARIA,SIERRA MARIA
per_058341111b4e757c044b,per_4e483131ab988f0b1f8f,100,SIERRA MARIA,SIERRA MARIA
per_5ac36493b2ae59977750,per_3ff86b1c2fc940684dff,100,SIERRA MARIA CRISTINA,SIERRA MARIA CRISTINA
per_79596c732268c790fd24,per_4dad88bd2ec9f76d581b,100,SIFFREDI LEANDRO,SIFFREDI LEANDRO
per_5d5121157e67c37c03ed,per_1e41b3e3ea9b9fe97e8e,100,SIGOT FEDERICO,SIGOT FEDERICO
per_b29bada06aef4e5d4835,per_ecb982d96cf8b1621bbd,100,SILVA FABIAN,SILVA LUIS FABIAN
per_b29bada06aef4e5d4835,per_f74890d2b1a5a62dad6f,100,SILVA FABIAN,SILVA LUIS FABIAN
per_14a0138fbcc7913c38da,per_39a2bcc0eda26d4f05c7,100,SILVA FABIAN LUIS,SILVA LUIS
per_14a0138fbcc7913c38da,per_53f6af82e8f17b368714,100,SILVA FABIAN LUIS,SILVA LUIS
per_0353223163b3a9bcccfc,per_a6f2702f17e57a7437e3,100,SILVA GERARDO,SILVA GERARDO
per_2251bf16dafa68a77c74,per_dd91af3f2aab93f51188,100,SILVA JONATHAN,SILVA JONATHAN
per_39a2bcc0eda26d4f05c7,per_53f6af82e8f17b368714,100,SILVA LUIS,SILVA LUIS
per_ecb982d96cf8b1621bbd,per_f74890d2b1a5a62dad6f,100,SILVA LUIS FABIAN,SILVA LUIS FABIAN
per_c3f3f0e553939f9b1872,per_f1d0735e9fa84c0d7e7e,100,SILVA RODRIGUEZ MARIA ANGELICA,SILVA RODRIGUEZ MARIA ANGELICA
per_38bbb34beb6ba1261b37,per_bd3ff6ba2a8e3cd1f371,100,SILVANI MATIAS,SILVANI MATIAS
per_38bbb34beb6ba1261b37,per_5ad8c56e4c1633c7401a,100,SILVANI MATIAS,SILVANI MATIAS
per_06daaf67e08c4fcf8f53,per_1c74bf226bc913e26dce,100,SILVERA GARCIA LAURA BEATRIZ,SILVERA GARCIA LAURA BEATRIZ
per_75ba0fa2b7e3dda2863a,per_d0655f3495aa7d1df9ff,100,SILVERA PAOLA YAMILA,SILVERA PAOLA YAMILA
per_dab5ee7eef74bb749012,per_9b3cc2fdc4d3671b6fe0,100,SILVEYRA KAREM,SILVEYRA KAREM
per_aae8a23c3b20a82aa1d3,per_c2e5f22e792d71118498,100,SIMON FRANCO,SIMON FRANCO
per_a97f8f0775f672618af9,per_050fe5dfc60d62e45c55,100,SIMONUTTI DANIEL,SIMONUTTI DANIEL
per_7ed0560e85be9f4cfc53,per_de942de77b915d825e0e,100,SIMUNOVIC SOL WLODKOWSKI IRENE,WLODKOWSKI IRENE
per_7ed0560e85be9f4cfc53,per_b1d8aa45e99796381f9f,100,SIMUNOVIC SOL WLODKOWSKI IRENE,WLODKOWSKI IRENE
per_d221e230ef32f76926be,per_e9ff5456891dea449c29,100,SINATRA MANUEL,SINATRA MANUEL
per_fb155ee386d6b6f741dd,per_ecd8293d0b865eea8e5c,100,SIRACUSA MARTIN,SIRACUSA MARTIN
per_83bdcf1e872e100754e8,per_4a7a26ee0f84471f12df,100,SIRI FLORENCIA,SIRI MARIA FLORENCIA
per_83bdcf1e872e100754e8,per_10e6d554eb00e6ba546c,100,SIRI FLORENCIA,SIRI MARIA FLORENCIA
per_4a7a26ee0f84471f12df,per_10e6d554eb00e6ba546c,100,SIRI MARIA FLORENCIA,SIRI MARIA FLORENCIA
per_313a3c1c2c0ea038d736,per_cd08a1eca6528da5d998,100,SIRI MARIA FLORENCIA TOLABA MIRIAM ROXANA,TOLABA MIRIAM ROXANA
per_9fbc6c1a2b3658c8d6bb,per_ffaea35aa865456fbc75,100,SIRI MARIA FLORENCIA VILA JOSE LUIS,VILA JOSE LUIS
per_9fbc6c1a2b3658c8d6bb,per_3a75ea2b5691adcea76a,100,SIRI MARIA FLORENCIA VILA JOSE LUIS,VILA JOSE LUIS
per_2198dc6e1ef81b91d286,per_4cacca80106092f52b1f,100,SISER PATRICIA,SISER PATRICIA
per_5427853b4f85e997ca93,per_4cacca80106092f52b1f,100,SISER PATRICIA,SISER PATRICIA
per_2198dc6e1ef81b91d286,per_04fee16979bade25c7ef,100,SISER PATRICIA,TALAVERA BRIAN SISER PATRICIA
per_5427853b4f85e997ca93,per_04fee16979bade25c7ef,100,SISER PATRICIA,TALAVERA BRIAN SISER PATRICIA
per_4cacca80106092f52b1f,per_04fee16979bade25c7ef,100,SISER PATRICIA,TALAVERA BRIAN SISER PATRICIA
per_45a688cbfb400f7849e7,per_6a084d8ecd55ef75c25e,100,SIVERO ALFREDO,SIVERO ALFREDO
per_530837a5581fd1d9a31c,per_1ee0ad3d880b2b767f76,100,SIVORI SILVESTRE,SIVORI SILVESTRE
per_6c5c8d8f7d8bc4c1ecdb,per_576a49e32a576fb8626a,100,SKIADARESSIS MARIANA,SKIADARESSIS MARIANA
per_cbc7728f4ef18a8b6db6,per_d843170998c8d6ca875e,100,SLAVUTZKY PONCE ALAN MARTIN,SLAVUTZKY PONCE ALAN MARTIN
per_ae7f9c266b31beb48ef5,per_46cb875529417e93f084,100,SLUCKI JAVIER,SLUCKI JAVIER
per_ebc523093308e899950d,per_075970437858acc1ac51,100,SOBEGEART LEONARDO,SOBEGEART LEONARDO
per_5cd80a420a5ce8f2804b,per_0ed40a1f758b96f27c83,100,SOBILAK ANALIA,SOBILAK ANALIA
per_93de36099368ff9e50a5,per_900f16dd06a86aa7d48f,100,SODERINI PAOLA,SODERINI PAOLA
per_f47e6c97288a8cc6bcc5,per_852c8b386c9c1563f14e,100,SOFIA ONOFRIO,SOFIA ONOFRIO
per_b984ac80733df0a29f28,per_3bb80801feff3a795afb,100,SOFIA PAEZ,SOFIA PAEZ
per_7ec260411bc2600f2ea7,per_ffed6d089e4267974e27,100,SOLA GASTON,SOLA GASTON
per_87d154dec197b74793c6,per_80c925054f41b1eee1fc,100,SOLA JORGE,SOLA JORGE
per_933ee5910ee54882d99a,per_00b64b328bd9e95e52ce,100,SOLARI FEDERICO,SOLARI FEDERICO
per_cc0e6ae63ef569529e14,per_0731be807826a8ea2863,100,SOLARI MARINA ANDREA,SOLARI MARINA ANDREA
per_433c71c9111023877a99,per_c2290f1438925881fc5c,100,SOLDANO MARIA LAURA,SOLDANO MARIA LAURA
per_b48179312bf04f82a520,per_f24427e80ea8890af831,100,SOLER ARABELA AZUL MARIA,SOLER ARABELA AZUL MARIA
per_e99ce10500248d77f879,per_e1b911a13c5c900e9c8f,100,SOLORZA LUIS MARIA,SOLORZA LUIS MARIA
per_69627497860246d055c5,per_f6d5d838ca42f2d36e39,100,SOLOVEY DEMIAN,SOLOVEY DEMIAN
per_f554f8791f025a4df117,per_b774e42ca1765643f51c,100,SOSA DIAZ FLORENCIA,SOSA FLORENCIA
per_ca7079657645e6b878e0,per_9c6d8056cb982bc39ee1,100,SOSA DIEGO GASTON,SOSA GASTON
per_39c7a88e768302865cb0,per_87f861f60f7ea2836d71,100,SOSA JAVIER,SOSA OSVALDO JAVIER
per_39c7a88e768302865cb0,per_200189d884a9434919a5,100,SOSA JAVIER,SOSA OSVALDO JAVIER
per_64802834afb64222d36e,per_de1177565f1103f9b8c8,100,SOSA JUAN MANUEL,SOSA JUAN MANUEL
per_65b713208c4a558c95fd,per_4bfd14ffc880e1c16ea7,100,SOSA MENDOZA EUGENIO,SOSA MENDOZA EUGENIO
per_05a3fda6f5003cb8fcd3,per_1e6277d840c9132e760b,100,SOSA NANCY,SOSA NANCY
per_87f861f60f7ea2836d71,per_200189d884a9434919a5,100,SOSA OSVALDO JAVIER,SOSA OSVALDO JAVIER
per_ebef7afe27f073aaf829,per_3722a2b63c03a79eac41,100,SOTELO LARCHER NAHUEL,SOTELO NAHUEL
per_c89610ed76796c09de48,per_83430878a7fa5e6d69d8,100,SOTO FERNANDO,SOTO FERNANDO
per_a4598fbf65abcd297a18,per_5a46070e8c010aa8a084,100,SOUTO KARINA,SOUTO KARINA
per_5e482295f69be6b7706c,per_f9814bc6a2cc177a0e39,100,SOUTO LATAPE MARIA,SOUTO LATAPE MARIA
per_34c62a66a5577f8a2f0e,per_e35b9e0a057d10bf3371,100,SPACAROTEL RENATA,SPACAROTEL RENATA
per_b1de5bacab7a9e6a6ba7,per_88bba33a7fb3e0f75c8e,100,SPADONE SERGIO,SPADONE SERGIO
per_ddcbf27b3ab7a7d52136,per_0c69d8a57fbc906645b5,100,SPAGNUOLO DIEGO ORLANDO,SPAGNUOLO DIEGO ORLANDO
per_9327e55644c56b3a2c51,per_39bf9a12f2839b46b62b,100,SPALETTI HUGO GUSTAVO,SPALETTI HUGO GUSTAVO
per_5589972f4e0a89d16bfb,per_fdda6961a9dbc785bb82,100,SPALTRO SANTIAGO GABRIEL,SPALTRO SANTIAGO GABRIEL
per_5cd4dcdc1cc698672a89,per_e37c24cc0e4567a32c3c,100,SPERBER LUCILA,SPERBER LUCILA
per_366ba381af0067b6565c,per_d67c20abd7ab65f6237a,100,SPERONI ALEJANDRO,SPERONI ALEJANDRO
per_5eeb24cb523ab626e194,per_b08ddf6af63ff15cd7f6,100,SPIAZZI MAYDANA,SPIAZZI MAYDANA
per_07a7048ee208d9191ab4,per_7647d4075ede8666970c,100,SPINAZZOLLA MARIA,SPINAZZOLLA MARIA
per_df369dd8bc0deb690032,per_b4ff1756ea8237a3e0e0,100,SPINETTO MARIANA,SPINETTO MARIANA
per_b4ff1756ea8237a3e0e0,per_9e45ac27775510cc41cc,100,SPINETTO MARIANA,SPINETTO MARIANA
per_90de499a71323d6105e5,per_bd348665751b21bf0482,100,SPORLEDER ARTURO,SPORLEDER H ARTURO
per_e4fa00db721f844e0d7b,per_de78b131b962c1092f2e,100,SRUR JORGE,SRUR JORGE
per_ce5eeef44f1c918fefe5,per_3f0fab1154ca16efb726,100,STABILE FERNANDO,STABILE FERNANDO
per_4677528bb2da4875505a,per_af4b79860c67c61a6fe8,100,STANLEY MARC,STANLEY MARC
per_77730b5f9f2acc77d1bd,per_e3faadf21c4ac47381a7,100,STAUSHOLM JAKOB,STAUSHOLM JAKOB
per_a96df28802869effc70b,per_9917e3be03ec99512c81,100,STETTLER BELEN,STETTLER BELEN
per_5bf6f30775de50e7e041,per_65a0135955f11678f4d9,100,STEUERMANN ROSENTHAN MUGUEL JOSHUA NAFTALI,STEUERMANN ROSENTHAN MUGUEL JOSHUA NAFTALI
per_16846d6c893a2542163d,per_17bdb68d751cd7151573,100,STIVELMAN CLAUDIO ADRIAN,STIVELMAN CLAUDIO ADRIAN
per_16c83a1b74ac6c74e3a5,per_d6c6c61858b741a55317,100,STOKES MATTHEW,STOKES MATTHEW
per_d6c6c61858b741a55317,per_8666230861f8727c8ac0,100,STOKES MATTHEW,STOKES MATTHEW
per_7efec5fa2b5d3278b6ff,per_a1a84963ea08d09227e8,100,STREJEVICH GERARDO,STREJEVICH GERARDO
per_c83c7289021391fe7de7,per_ce016506ce65e8d27009,100,STRUMINGER BRENDA,STRUMINGER BRENDA
per_16a836480e82ea9826b2,per_6e84b78e74bef82bc0aa,100,STUCHI HERNAN,STUCHI HERNAN
per_5a54ec9b9e45e1780b74,per_62eb06f3e68efaadae78,100,STURGEON NERINA,STURGEON NERINA
per_d9018aa6175318a0b922,per_03b9c467b1e8987b53cd,100,STURZENEGGER FEDERICO,STURZENEGGER FEDERICO
per_f10faaace58b330d2b67,per_03b9c467b1e8987b53cd,100,STURZENEGGER FEDERICO,STURZENEGGER FEDERICO
per_6ba86fc8f059a5b53f8b,per_480e61d09f7bfc9b5f2a,100,SUAREZ DIEGO,SUAREZ DIEGO
per_6ba86fc8f059a5b53f8b,per_d11250b5af250e4b435b,100,SUAREZ DIEGO,SUAREZ DIEGO
per_acc22ffbdced45832cd6,per_97c84fd23a400d0f8f01,100,SUAREZ JUAN MANUEL,SUAREZ JUAN MANUEL
per_7cea24a477fd0c6a1a29,per_8d58cc17a355968aa1a2,100,SUAREZ OSCAR,SUAREZ OSCAR
per_1b14026e307f1ff18404,per_f7146525c0969965b9bc,100,SUAREZ SANTIAGO MARIA,SUAREZ SANTIAGO MARIA
per_79b0f388de58cb0e64ec,per_f97ede4961e50228974a,100,SUASNAVAR GROBLI MARIA SOLEDAD,SUASNAVAR MARIA SOLEDAD
per_ea2d91bafc0d81038c0d,per_377b7e5f6337cd7d4137,100,SUAYA EMILIANO,SUAYA EMILIANO
per_f4d23a49d5f76ca57671,per_30601301e9ef67037eab,100,SUBIRATS FERNANDO,SUBIRATS FERNANDO
per_548acf75f13d0a412597,per_de8213eb4a0608c0d49c,100,SUCALESCA DIEGO,SUCALESCA DIEGO
per_17734e982edaac863d89,per_06dafbe9dcc2a4c56e42,100,SUCCATTI CARLOS MARIA,SUCCATTI CARLOS MARIA
per_a89292148c77b36471dc,per_448d1350bd831416efbd,100,SUED GABRIEL,SUED GABRIEL
per_f827819dae5bf1006a42,per_fd78c59dc38fff8cdf89,100,SUEYRO CARLOS,SUEYRO CARLOS
per_048d247398b251c78c4e,per_9d061ea53b8e34e311ca,100,SUJODONE GAZZERO RODRIGO,SUJODONE RODRIGO
per_a5deac94054d41b62a11,per_03a1addc1456d4143c46,100,SULEMAN MIGUEL ANGEL,SULEMAN MIGUEL ANGEL
per_d52a1f3ba6597c1d18c5,per_e7a5abc1a4bacf5d1fd8,100,SUN YI,SUN YI
per_af85c3fe1e39509e10d1,per_263b8b1f7f675d4ee2d9,100,SUSBRELLES FEDERICO,SUSBRELLES FEDERICO
per_b94bf4209161bb5db8c1,per_780d1bf82e59a69bfa88,100,SYKES FEDERICO,SYKES FEDERICO
per_62f947fa00d846227a11,per_780d1bf82e59a69bfa88,100,SYKES FEDERICO,SYKES FEDERICO
per_dac64acc6b346fcee262,per_15f46b7526dbfe0b1ea2,100,SZAPIRO MATIAS DOMINGO,SZAPIRO MATIAS DOMINGO
per_ad1b50c9ec0c18c9a6fb,per_4fdade003d76c1a58a25,100,SZERMAN HORACIO,SZERMAN HORACIO
per_9824a0a7f6d00fb4eb0a,per_c9effe431f5373317026,100,SZNAC MARCOS,SZNAC MARCOS
per_3fddf58f174243dcba46,per_fb8277dcbae017f8397c,100,TABARELLI MIRNA LOURDES,TABARELLI MIRNA LOURDES
per_ed14e8acdf9b542b5667,per_e87885eb845789ef612c,100,TABARES MENDEZ AXEL,TABARES MENDEZ AXEL
per_0fb07f640aeaa49d87ce,per_8cdf134d5a4be4e3d440,100,TADDEO RIBEIRO DE ANDRADE LUCIANA,TADDEO RIBEIRO DE ANDRADE LUCIANA
per_4348faa9b4b4564021ab,per_277c05deece3ea9abb5c,100,TAGLE ROSA AGUSTINA,TAGLE ROSA AGUSTINA
per_d615b6125e7a5ee88dbb,per_e2c33a7786752504c5a5,100,TALARICO LEONARDO,TALARICO LEONARDO
per_275beac9cd0cd081f3dd,per_d4e25b9a91e7cf0db824,100,TALAVERA BRIAN,TALAVERA BRIAN
per_5c8c0f8b8643f656c48b,per_c928a8fefefac93072b6,100,TALAVERA BRIAN VERA HERNAN,VERA HERNAN
per_77c3157c36e090dbd974,per_48d6861cc29b27b2f076,100,TAMARA VIDAL,TAMARA VIDAL
per_060e0f40e2bdb093f5d5,per_cc6f1872a97e3024a081,100,TAPIA AGUSTIN DANIEL,TAPIA DANIEL
per_84542e83b95f67bfc5a8,per_20ef4dc4743f41673d88,100,TAPIA GUIDO IVAN,TAPIA GUIDO IVAN
per_0347e9d1f6fc3100524a,per_96ff284a6b5e63ba2478,100,TAPIA MARTIN,TAPIA MARTIN
per_eb5db425352f26b8e479,per_54571e1015b936dc1e69,100,TAPIA MATIAS,TAPIA MATIAS
per_452f5736f20ef469e20d,per_4bdd07f168e2e9a1fc87,100,TARRAGONA GONZALO,TARRAGONA GONZALO
per_452f5736f20ef469e20d,per_f905d982671081ea3541,100,TARRAGONA GONZALO,TARRAGONA GONZALO NAHUEL BARRERA GONZALO
per_4bdd07f168e2e9a1fc87,per_f905d982671081ea3541,100,TARRAGONA GONZALO,TARRAGONA GONZALO NAHUEL BARRERA GONZALO
per_a41a0b024ebdee5d4fc6,per_9ef8129a9a6c39f18794,100,TASSISTRO MARIANO,TASSISTRO MARIANO
per_c21bdd6fecf9df073d41,per_faff8ffe2e2c5f1df493,100,TATO MARIA,TATO MARIA
per_6ccc896081a79d0e48c4,per_a2877804a70781c04187,100,TAVAROZZI ALEJANDRO,TAVAROZZI ALEJANDRO
per_7079a25621ef7a720608,per_8b3180b5137bff0228f0,100,TAVELA CARLOS,TAVELA CARLOS
per_ae30472691681e34ee72,per_18a7932f439255e39592,100,TAVELLA NESTOR ADRIAN,TAVELLA NESTOR ADRIAN
per_11d2827be29d6ca5a229,per_1258a0d79df864d0fea1,100,TEAR DANIEL,TEAR DANIEL
per_f5f2c877696276ffe0a9,per_142f1287a87ef14930b5,100,TEBECHERI MATIAS,TEBECHERI MATIAS
per_9b1a9141abfcf31b221a,per_bd4148d919bd287c985b,100,TEIRA CHRISTIAN HERNANA,TEIRA CHRISTIAN HERNANA
per_36bdeae934c671602c6e,per_8946e7048ae8e8a952a0,100,TEJEDA RODRIGUEZ AGUSTIN,TEJEDA RODRIGUEZ AGUSTIN
per_471ab187527d0939e119,per_3b795cc4c765b666c7b9,100,TENGUERIAN LEONARDO,TENGUERIAN LEONARDO
per_f10ffdcc1a6bddd30352,per_9875b5bbbcf0c701fdf1,100,TEODORO JORGE ADOLFO,TEODORO JORGE ADOLFO
per_9c66aecb42121f7ca746,per_d2bf057bd333ef54b8a3,100,TERCERO ALTSCHUL MATEO,TERCERO ALTSCHUL MATEO
per_c447590a37202deea8a9,per_bcd00922c6e6f50a88cc,100,TERENZI EDITH ELIZABHET,TERENZI EDITH ELIZABHET
per_a2f3f111aa74fb3daf3d,per_1f464410dbe624a4235f,100,TERRADO CARLOS ALBERTO,TERRADO CARLOS ALBERTO
per_b96cc2a9d35febebf4be,per_81d1d6485091250fbf3a,100,TERRAZAS LAGOS PABLO,TERRAZAS LAGOS PABLO
per_e0f7f7071911398c256c,per_0e71946a8eacb3c725c9,100,TERRILE SOFIA,TERRILE SOFIA
per_f21c88bd156b4d2f9c3d,per_3cc88691633f7c11adf9,100,TESON IGNACIO MANUEL,TESON IGNACIO MANUEL
per_5fa84a5ffbbde52c7a60,per_89f7aba3f4aa9e2d611f,100,TETTAMANTI JUAN PABLO,TETTAMANTI JUAN PABLO
per_263a51c84474d3394ccb,per_c78b277696d303267214,100,THEBERGER LUCIANO,THEBERGER LUCIANO
per_60c47e9183b4d2962848,per_fdc678e5eb5eedd1758c,100,THEO VON KESSELSTATT,THEO VON KESSELSTATT
per_4bd95968471a523e7897,per_a239375b9d7a28cf4504,100,THOURTHE FERNANDO,THOURTHE FERNANDO
per_13f8d00c8adaa916a93a,per_0facb338c1543f09908b,100,TICINESE MARTIN,TICINESE MARTIN
per_c1c2de4ddd0261669d69,per_c84008aa041a83bef0db,100,TIJA KUHAR,TIJA KUHAR
per_272e5ad184481eba2c88,per_2369d5064ee0a687c064,100,TILLARD DANIEL,TILLARD DANIEL
per_13d62a3feaa013fa6c80,per_37258ca3b61450e0d11a,100,TIMERMAN RAUL,TIMERMAN VICTOR RAUL
per_13d62a3feaa013fa6c80,per_74a3ee27bfd0fb804e13,100,TIMERMAN RAUL,TIMERMAN VICTOR RAUL
per_37258ca3b61450e0d11a,per_74a3ee27bfd0fb804e13,100,TIMERMAN VICTOR RAUL,TIMERMAN VICTOR RAUL
per_9a36bfe2b43acfa577f4,per_f2ca10c4f3fcd2b90651,100,TIRANTE MARCELO,TIRANTE MARCELO
per_6187315ca369a7526247,per_27ef9e5141aea36b283f,100,TIRANTE MARCELO FABIAN,TIRANTE MARCELO FABIAN
per_fd1cac5205ecdcc61d59,per_7e4130a00e64411958eb,100,TN MONTERO LISANDRO,TN MONTERO LISANDRO
per_e42fa77df558ab52ae29,per_0e276b9810b683a1c277,100,TOBIAS MANUELA,TOBIAS MANUELA
per_422389449408bed252a3,per_22d78b67f74444274669,100,TOBLER YAMILA,TOBLER YAMILA
per_b60bc0d87d6b5113cc36,per_20b0c9c42d99e6a9f090,100,TOFONI GUILLERMO,TOFONI GUILLERMO
per_97717a02807584bd9afa,per_0f159862bd096e657918,100,TOGLIA ARIEL,TOGLIA ARIEL
per_c2cf070703c41c358d69,per_ac7b3771f20514531ea8,100,TOLABA CLARA,TOLABA VICENTA CLARA
per_c2cf070703c41c358d69,per_1e101a8d69a29f07d04c,100,TOLABA CLARA,TOLABA VICENTA CLARA
per_cd08a1eca6528da5d998,per_75721564888877153b7a,100,TOLABA MIRIAM ROXANA,TOLABA MIRIAM ROXANA PEREZ JOSE ROMAN
per_fe2c0f89606fd25a216f,per_bdd14ec5d9da6864b107,100,TOLABA MIRIAN,TOLABA MIRIAN
per_ac7b3771f20514531ea8,per_1e101a8d69a29f07d04c,100,TOLABA VICENTA CLARA,TOLABA VICENTA CLARA
per_e97bec5fa8afcb56ed52,per_8a41ba76dad0d21a03d5,100,TOLEDO JUAN PABLO,TOLEDO PABLO
per_336dce0477123cdf5d77,per_dabf0cddd097455f77b0,100,TOLOMEI ROSARIO,TOLOMEI ROSARIO
per_8843b178c8c20096e338,per_dabf0cddd097455f77b0,100,TOLOMEI ROSARIO,TOLOMEI ROSARIO
per_4be29ecbfcbd17e07ba9,per_fb3aafc44d8c4b12d5c9,100,TOLOZA CRISTIAN,TOLOZA CRISTIAN
per_c93407050e0179b5563e,per_d34a7352aa5aff8791de,100,TOLOZA SILVIA,TOLOZA SILVIA
per_57617b03d04a913a0a20,per_123e97f71078c1959434,100,TOMAS SUAREZ ITHURRALDE,TOMAS SUAREZ ITHURRALDE
per_cd05c5d105aeaf9fc8c1,per_383e2b380360131b37db,100,TOMASI CLAUDIO,TOMASI CLAUDIO
per_91bdfea47c8866b436ac,per_177579b8e4cdf2b5278c,100,TOMEO FERNANDO,TOMEO FERNANDO
per_397c06c60fef9df2eca1,per_d2548d0af6bec065fcc3,100,TOMEO VICENTE,TOMEO VICENTE
per_9415afd6cf5b8c6a87ef,per_b8068cedf42c1eb51638,100,TORELLI RUBEN,TORELLI RUBEN
per_1505f1e9804c1be7b000,per_5153fac56a78a918dead,100,TORO MARCELO IGNACIO,TORO MARCELO IGNACIO
per_b16b1411a8efb2fa8984,per_a10492eee1bd85309463,100,TORRE AGOSTINA,TORRE AGOSTINA
per_900723553d0751ce37c6,per_c51647547892984e5cf4,100,TORRENDELL CARLOS HORACIO,TORRENDELL CARLOS HORACIO
per_adb5abd6f701533a1e70,per_4babfef9542dba32a551,100,TORRES ALFONSO,TORRES ALFONSO
per_91697569f6b5148f6d7c,per_9fae9afda81460e30e76,100,TORRES ANA MARIA,TORRES MARIA
per_fef091656a768c47eb3a,per_43eefc11bddeefb312a4,100,TORRES ARIADNA,TORRES ARIADNA
per_8b058e2d3b356e88ee9c,per_61f87d0f253af31d1d61,100,TORRES DAMIAN,TORRES DAMIAN
per_7e4834191bbbe29daf16,per_18b19c321275b90ee555,100,TORRES DARIO,TORRES DARIO
per_86d201806c23e8c9b4b4,per_a794970f3e43d489109a,100,TORRES DARIO RICARDO,TORRES RICARDO
per_86d201806c23e8c9b4b4,per_358715edbabc4b86f003,100,TORRES DARIO RICARDO,TORRES RICARDO
per_86d201806c23e8c9b4b4,per_b75ccf4e0f1caf05b397,100,TORRES DARIO RICARDO,TORRES RICARDO
per_dd21ced0791c68dfae92,per_f3a9bf982798f417d6a5,100,TORRES FACUNDO,TORRES FACUNDO
per_f3a9bf982798f417d6a5,per_93fc63fbf0fb28ec1482,100,TORRES FACUNDO,TORRES FACUNDO
per_f3a9bf982798f417d6a5,per_bccafa6e9b2ae2936fc7,100,TORRES FACUNDO,TORRES MACCARINI FACUNDO
per_c8921f568dd825cbd713,per_308dec1069769e2691e0,100,TORRES IGNACIO,TORRES IGNACIO
per_50f79e0715d898f94556,per_9fae9afda81460e30e76,100,TORRES LOPEZ MARIA,TORRES MARIA
per_397e47ecfd5e476d0922,per_428f9e35a304c906ade1,100,TORRES MARCELO,TORRES MARCELO
per_397e47ecfd5e476d0922,per_3a2fe40d3181168ab6d7,100,TORRES MARCELO,TORRES MARCELO
per_a794970f3e43d489109a,per_358715edbabc4b86f003,100,TORRES RICARDO,TORRES RICARDO
per_358715edbabc4b86f003,per_b75ccf4e0f1caf05b397,100,TORRES RICARDO,TORRES RICARDO
per_c15f2694d8ba2c2b2e4d,per_30c44200806e22361418,100,TORRES SILVINA,TORRES SILVINA
per_d9d2c9bbe5d0afbca934,per_7d1cd981d122962fb6a5,100,TORTOSA MARQUEZ MARIA,TORTOSA MARQUEZ MARIA
per_9d1c8ab5985c39260f47,per_6e87c393a42195e9314c,100,TOSONE JUAN MANUEL,TOSONE JUAN MANUEL
per_a1fc259efc9a72875c29,per_19d4e6e0962a9678763a,100,TOTOLA COLQUE ROBERTO CARLOS,TOTOLA COLQUE ROBERTO CARLOS
per_e638606cce9c576debb4,per_787074a8d733ba688985,100,TOZZO LUIS ALBERTO,TOZZO LUIS ALBERTO
per_87ad65e010e092572412,per_e810157de4757413a6f9,100,TRAUT JORGELINA DEL CARMEN,TRAUT JORGELINA DEL CARMEN
per_a39ea4541345b79613f6,per_b5264b9d38bf8f966b20,100,TRAVERSO MAGDALENA,TRAVERSO MAGDALENA
per_38bf6dd23c75b7c2bd71,per_eb731b417f42046f6403,100,TREBUCQ ESTEBAN MARCOS,TREBUCQ ESTEBAN MARCOS
per_497e1e1cedc4e21ae699,per_b90ba84516f25f194063,100,TREFFINGER CESAR,TREFFINGER CESAR
per_348271081bb60d43b605,per_589d274db689b6a45878,100,TRINO ELOISA CARMEN,TRINO ELOISA CARMEN
per_c9c4464d003c19ed7da3,per_1d31168d4d1fd34dd65f,100,TROMBETTA AMALIA,TROMBETTA JOSEFINA AMALIA
per_8c528b35466351b3a400,per_c8b61184a993dc31ed52,100,TRONELLI ANDRES MARTIN,TRONELLI ANDRES MARTIN
per_9606b53fe9ac21338f02,per_444ab79dd9e1d3942d58,100,TRUCCO ELIANA,TRUCCO ELIANA
per_63c10cd794562d70f401,per_a5b90d23eac9890ed1b3,100,TUBBIA RYAN YAMIL PATRICIO,TUBBIA RYAN YAMIL PATRICIO
per_4105da1b17b247c15e76,per_b1b7febb8ce23156124a,100,TUERO ROBERTO,TUERO ROBERTO
per_6198e665608d05c02b46,per_acf282695655ee1bd651,100,TUNESSI MATIAS,TUNESSI MATIAS
per_1f2b38359396a64197b1,per_d87ab83f4819391f6056,100,TUNEZ GABRIEL IGNACIO,TUNEZ GABRIEL IGNACIO
per_3324389061e4f4d1d1e7,per_6db9692dfaaf59340e60,100,TURINI MARIA FLORENCIA,TURINI MARIA FLORENCIA
per_f9cb72ef82879d5dbf58,per_110622988aa7211c4feb,100,TUROVELZKY DARIO,TUROVELZKY DARIO
per_7be03ccb4a46b1bf0bae,per_f7cb3d471a599f6686ef,100,UGARTE MARCELO LEON,UGARTE MARCELO LEON
per_ad9099e8419116111151,per_750a23d21e42b9595175,100,UNAMUNO MIGUEL FRANCISCO,UNAMUNO MIGUEL FRANCISCO
per_e07b9ff8eb89305f03ce,per_38f9d7904bb8dce1b0ed,100,URIBE MARIA PAULA,URIBE MARIA PAULA
per_e07b9ff8eb89305f03ce,per_621e5207936d1fde107e,100,URIBE MARIA PAULA,URIBE PAULA
per_38f9d7904bb8dce1b0ed,per_621e5207936d1fde107e,100,URIBE MARIA PAULA,URIBE PAULA
per_2eeafdcaf5b4d54db37e,per_1b2ae28fe29bc3f1b55f,100,URIEN HERNAN,URIEN HERNAN
per_4a3281c098aaca0dd697,per_e5d1ec9a0a03808dbc83,100,VACAZZARETA JORGELINA,VACAZZARETA JORGELINA
per_c194006925dfca09948b,per_3e395a4a239c256e6df5,100,VALCARCE MANUEL,VALCARCE MANUEL
per_dc90147b199c39f30cc1,per_88eea15db04a7f8b7118,100,VALENZUELA DIEGO,VALENZUELA DIEGO
per_b40c750f57435dd2f98b,per_f3e40e56245659d252bd,100,VALENZUELA FRANCISCO ARMANDO,VALENZUELA FRANCISCO ARMANDO
per_3fac7e303a51d1b5792a,per_0ca32606769d41dff383,100,VALIA MARIA FLORENCIA,VALIA MARIA FLORENCIA
per_133f64aa59c649f0595f,per_0f033a32e1d99afaf548,100,VALLEJOS ENRIQUE,VALLEJOS ENRIQUE
per_f24756c5c7b38c846b43,per_7e760629885f0c1132fc,100,VALLEJOS VERONICA,VALLEJOS VERONICA
per_c9e8cb441e26fd4100a4,per_544f6aeecd09be2171c5,100,VANCSIK DANIEL ALFREDO,VANCSIK DANIEL ALFREDO
per_3f5a57b826ed9b75e4f0,per_cb8f239fa46e14d38478,100,VANDA KALYDY,VANDA KALYDY
per_b2912f9646305e1e5664,per_7ee72581b8eb2fe9c2c4,100,VANDE RUSTEN PABLO,VANDE RUSTEN PABLO
per_1df3da1524d18ed766bf,per_a0f98990bb754ff42971,100,VANINA GONZALEZ,VANINA GONZALEZ
per_a2dfe527f982772472e4,per_b7bf8ded52502ffdbe94,100,VARELA CAMILA,VARELA CAMILA
per_6123089fb0a1296f77a9,per_9729f36fcbcfbab7d821,100,VARELA LUCIA MAGDALENA,VARELA LUCIA MAGDALENA
per_8d56004eaa82e773d0e0,per_dad82f9ccc842e653432,100,VARGAS EMANUEL,VARGAS JESUS EMANUEL
per_8d56004eaa82e773d0e0,per_6b87e6a259d8fd9cb5c8,100,VARGAS EMANUEL,VARGAS JOEL EMANUEL
per_9d5d86c352bd0c623d4e,per_3a215fcd6422e66a394f,100,VARTABEDIAN DIEGO MANUEL,VARTABEDIAN DIEGO MANUEL
per_2f8d336f5abffb48538a,per_8537012059bb07d6d9d8,100,VASQUEZ DIEGO,VASQUEZ DIEGO
per_2e6c482e119e88880e62,per_e72b106a47b862435653,100,VAUTHIER MARTIN,VAUTHIER MARTIN
per_f27e084d9c0d2c28199a,per_d294561cc92d0936f3f3,100,VAZQUEZ ADRIAN,VAZQUEZ PABLO ADRIAN
per_476883c3cb9f0c6d9fb2,per_26da4a98f7ed8695e926,100,VAZQUEZ AIME,VAZQUEZ AIME
per_ebae4bad1362dafeca10,per_0a78ddfd501977edc628,100,VAZQUEZ ARTEAGA MARIA DEL MAR,VAZQUEZ MARIA
per_6a3f489adf128fc6014c,per_40fee7915625f7e0cb1f,100,VAZQUEZ GABRIEL,VAZQUEZ SERGIO TOLABA CLARA VICENTA ALVAREZ LEONARDO GABRIEL
per_68a559de14095679c5bd,per_62fbd78e3445d1601bc5,100,VAZQUEZ GUADALUPE,VAZQUEZ LUCIA GUADALUPE
per_1a7dbf41768d60bfac51,per_08b46573d354742b80ef,100,VAZQUEZ KARINA CELIA,VAZQUEZ KARINA CELIA
per_46e7a48a277f3b94951c,per_64782fd499a18265c2d6,100,VAZQUEZ KARINA ELIZABETH,VAZQUEZ KARINA ELIZABETH
per_186fc84f131f0765f795,per_18c663562afa056e931c,100,VAZQUEZ MANUELA ESTEFANIA,VAZQUEZ MANUELA ESTEFANIA
per_58d1a5b8c68b88f4b525,per_594d16d64a0c2d9537b1,100,VAZQUEZ PATRICIA,VAZQUEZ PATRICIA
per_8823eb1f8a9d6db01069,per_f7cc3866c45cd6d4cae3,100,VAZQUEZ SERGIO,VAZQUEZ SERGIO
per_928e308315b2de2b0787,per_844bf66ee5ffa5817f8f,100,VEGA ELIO,VEGA ELIO
per_ab885cbb50b1c4e5b9a0,per_da4d681687fc9524826c,100,VEGA FABIAN ERNESTO,VEGA FABIAN ERNESTO
per_970b320c7d909af98ca9,per_8fb022811272676c43b1,100,VEGA SOFIA BELEN,VEGA SOFIA BELEN
per_eb76aa7d6d3c8b6a16e1,per_8c21e7138da76137447d,100,VELASCO MAGALI,VELASCO MAGALI
per_65f34ac84de582e751f7,per_5ccdc51dfeb500655051,100,VELAZQUEZ FREDI GASTON,VELAZQUEZ GASTON
per_7de3f983680fdc949c86,per_f776314c420caffc5d43,100,VELEZ MAILEN,VELEZ MAILEN
per_afdfda1e901c61cb8156,per_1492f8c3b112559c3bb3,100,VENEGAS JOAQUIN,VENEGAS LINCH JOAQUIN
per_1ab1bc5a0f8d37b7c1ae,per_2d3c94121adcea2c0952,100,VENER GUSTAVO IGNACIO,VENER IGNACIO
per_0b97d45fc520e32a5292,per_90975fe6b17053da931d,100,VENTOSA MARIA,VENTOSA MARIA
per_d57045ea7f073dce30eb,per_af89c423bb5a31f48727,100,VERA ANDRES,VERA VIONNET ANDRES
per_c5ca5758fb7cb1dde949,per_fc7c6f40b425444f88b3,100,VERA CHAVEZ TEODORO RAON,VERA CHAVEZ TEODORO RAON
per_6c2c6f5752320f828612,per_bcdb220c9faaedaa0dbd,100,VERASAY PAMELA,VERASAY PAMELA
per_4cf540054ecfb8b1bc74,per_cf2f3930361084d1feca,100,VERGARA FRANCISCO,VERGARA FRANCISCO
per_4cf540054ecfb8b1bc74,per_5fc563c404f62a337b2f,100,VERGARA FRANCISCO,VERGARA NEUMANN HECTOR FRANCISCO
per_cf2f3930361084d1feca,per_5fc563c404f62a337b2f,100,VERGARA FRANCISCO,VERGARA NEUMANN HECTOR FRANCISCO
per_9925fd76bd553f00933a,per_30cfa6224edecc71c78c,100,VERGARA MARIANO,VERGARA MARIANO
per_d12c1e676319b7bc77fb,per_3566168715d7f72d48e0,100,VERNA NORMA,VERNA NORMA
per_8b697a969b39a54b6965,per_0c6f4338ee2158e96d73,100,VERON AGUSTINA,VERON AGUSTINA
per_b6f47547b24f194f1dd9,per_9aa3b89be07969dbbbcf,100,VERON MARIANA SOLEDAD,VERON MARIANA SOLEDAD
per_6ba45a4b8c668ca8b930,per_56c5e44b3ecae1f9c632,100,VERONICA OROURKE,VERONICA OROURKE
per_edfd89844f2cff339990,per_1e879933a6b5ebe31ee6,100,VERRA ADOLFO ALEJANDRO,VERRA ADOLFO ALEJANDRO
per_4269f114acca330e935b,per_32aca7fcd6162d90506e,100,VERRIER MARTIN,VERRIER MARTIN
per_0525e44da0c8035d7ae4,per_b49bb7572c415bc2f9df,100,VIALE IGNACIO,VIALE IGNACIO
per_ed5b81ffdcd668bdcc1f,per_b49bb7572c415bc2f9df,100,VIALE IGNACIO,VIALE IGNACIO
per_840b88eb71ba1485eacd,per_44f33735944500d74baf,100,VIALE JONATAN,VIALE JONATAN
per_5884a92978817f15eb1f,per_6cd5b0ce3bfd4da06382,100,VIALE MARTIN,VIALE MARTIN
per_287238146331c1b25986,per_40d2f6e8e7cee855708d,100,VIANA LUIS ALBERTO,VIANA LUIS ALBERTO
per_859f0154216c753e578b,per_1e0631a4dd538b15543e,100,VICENTE ADRIANA,VICENTE ADRIANA
per_51e2f3404b66c1ae82cd,per_66f9551670a635abf5d2,100,VICO DANIEL,VICO DANIEL
per_51e2f3404b66c1ae82cd,per_cc53296c55e236c2f353,100,VICO DANIEL,VICO DANIEL
per_edb3c340e034f8c61ae5,per_1ccec143cd258b3db06b,100,VICTOR VALLE,VICTOR VALLE
per_44a74922b885c947b940,per_d30c8b6e2a6d3fe47c32,100,VIDAL ANA MARIA,VIDAL ANA MARIA
per_d30c8b6e2a6d3fe47c32,per_2841093c820cbb65c564,100,VIDAL ANA MARIA,VIDAL MARIA
per_1138b508d12bf091a832,per_86bc445a71005454ce77,100,VIDAL CLAUDIO,VIDAL CLAUDIO
per_f54e739a2255b3ff887d,per_2841093c820cbb65c564,100,VIDAL LAMAS MARIA,VIDAL MARIA
per_08ca19c68a4230c628c6,per_7d0e12b780cc36a863f9,100,VIDAL PABLO,VIDAL PABLO
per_414d5ead66aa319bab57,per_663583219ab146377c09,100,VIDAL TOMAS EDUARDO,VIDAL TOMAS EDUARDO
per_502089d09d47576b7736,per_a10905d257a318194975,100,VIDELA SAENZ JOSE MARIA,VIDELA SAENZ JOSE MARIA
per_8b743458de4fdd10c0dd,per_860e750cc2bcc97ed2f7,100,VIERA LUCIA,VIERA LUCIA
per_b6d4b3f1fa73a990fa1b,per_483d214c7881a99f74d0,100,VIERA PABLO AGUSTIN,VIERA PABLO AGUSTIN
per_43dda283255c00e47462,per_6bcfbef5e1307dfec368,100,VIEYRA SANTIAGO,VIEYRA SANTIAGO
per_42ce4ea1f51d5487dd84,per_f42d5e2f5c37913a6f91,100,VIEYRTES ANDRES FABIAN,VIEYRTES ANDRES FABIAN
per_d50ec395aa515ac54a1a,per_ee67346c35191b8218aa,100,VIGNALE IAN LIONEL,VIGNALE IAN LIONEL
per_ad23cc92ddfeaa26157e,per_0c4663277f74857064e1,100,VIGNEAU PEDRO,VIGNEAU PEDRO
per_b2a4cd9912f872b02c83,per_32cde0cc318217e855d4,100,VIJANDE CRISTINA EUGENIA,VIJANDE EUGENIA
per_b2a4cd9912f872b02c83,per_2215157fedd266c10a03,100,VIJANDE CRISTINA EUGENIA,VIJANDE EUGENIA
per_32cde0cc318217e855d4,per_2215157fedd266c10a03,100,VIJANDE EUGENIA,VIJANDE EUGENIA
per_ffaea35aa865456fbc75,per_3a75ea2b5691adcea76a,100,VILA JOSE LUIS,VILA JOSE LUIS
per_ac25e1069cccb615cc7f,per_58651a08d629ab2f6920,100,VILCHES ALEJANDRO,VILCHES ALEJANDRO ALBERTO
per_5399e8e0bc02d13520bc,per_443c11b7d93abd6d4a9c,100,VILCHEZ NICOLAS,VILCHEZ NICOLAS
per_e2996e4a5630b8b0e83f,per_055313004bf92869af59,100,VILELLA FERNANDO,VILELLA FERNANDO
per_76d552a5e3fb1a8daf21,per_bf357b39391cc7a92de1,100,VILLADA RICARDO GUILLERMO,VILLADA RICARDO GUILLERMO
per_6c7d05c55e4b295a05aa,per_84684a6ec60062f96419,100,VILLAFANE LUIS ALFREDO,VILLAFANE LUIS ALFREDO
per_1d18d6a88bcf4708cf01,per_42062c77160b10534f4f,100,VILLANOVA IGNACIO,VILLANOVA IGNACIO
per_6f43f7f2a90e51fda929,per_a2a12cc2e65f9621cd89,100,VILLANUEVA JORGE ABEL,VILLANUEVA JORGE ABEL
per_cbf5023af346e281c017,per_bf98601c57bc742bbc7d,100,VILLAR JUAN MANUEL,VILLAR JUAN MANUEL
per_65dff752962db959a2ac,per_73de2d2e7b23cc0fdc7b,100,VILLAR PERLA INES,VILLAR PERLA INES
per_5a231b02accd1b8f1a52,per_5ed4aa784cc97a44de47,100,VILLARRUEL MATIAS,VILLARRUEL MATIAS
per_4cb039f64948654a6172,per_a6f4943950312e885de9,100,VILLAVERDE LORENA,VILLAVERDE MARIA LORENA
per_4cb039f64948654a6172,per_bb7f76fbbb0b6d60ba37,100,VILLAVERDE LORENA,VILLAVERDE MARIA LORENA
per_a6f4943950312e885de9,per_bb7f76fbbb0b6d60ba37,100,VILLAVERDE MARIA LORENA,VILLAVERDE MARIA LORENA
per_f002b6c17e677f9311f9,per_3110c40c7867944bf4ec,100,VILLEGAS MARCELO,VILLEGAS MARCELO
per_91b7fe1a2ef83c0998d9,per_2dc44e690029a186fb6b,100,VILLOTA GOMEZ ANDRES,VILLOTA GOMEZ ANDRES
per_3e1b9c1d4eaac5916eae,per_5d0abc3a23827bc18ecc,100,VILOSIO JAVIER OSCAR,VILOSIO JAVIER OSCAR
per_2043aea2ce352e997e15,per_c9fe3102dd536240c20b,100,VINUALES HECTOR,VINUALES HECTOR
per_2043aea2ce352e997e15,per_4b96a62b5c672bb38b35,100,VINUALES HECTOR,VINUALES SANTAFE HECTOR
per_c9fe3102dd536240c20b,per_4b96a62b5c672bb38b35,100,VINUALES HECTOR,VINUALES SANTAFE HECTOR
per_bee452f78140039fc037,per_ab833985597f881f66ab,100,VIOLA SANTIAGO,VIOLA SANTIAGO
per_086eaa778234c84f7eec,per_4d12395e0b615c8d12d2,100,VIRAMONTE FERRER ALFONSO,VIRAMONTE FERRER ALFONSO
per_583a99e5a246bef63a40,per_64719302419e944cfa51,100,VIRGILI EDUARDO,VIRGILI EDUARDO
per_c0a13a4055409347e0ea,per_19d3c33b9ae80e0f2aec,100,VIRGINIA GONZALEZ,VIRGINIA GONZALEZ
per_a2b48c959ede23c7ac02,per_d046b336beaf4664e1b2,100,VIRGINIE REYNAL DE SAINT MICHEL,VIRGINIE REYNAL DE SAINT MICHEL
per_0129db236f52fddb79ac,per_4600d62bd68040230921,100,VISCHI EDUARDO,VISCHI EDUARDO
per_5fd8b366466bd02f3180,per_22d5df1d8c0d4453b341,100,VISCIGLIA FRANCO NAHUEL,VISCIGLIA FRANCO NAHUEL
per_9d9e61829f9463986233,per_4e6c075ce521f105e9a3,100,VISSER MARIA CELESTE,VISSER MARIA CELESTE
per_02ce416943454d4adda2,per_ed0e7bbfb4d91e9f49d3,100,VITOLO DANIEL ROQUE,VITOLO DANIEL ROQUE
per_c30b437349d5e09f37af,per_0176c03503939d9c0519,100,VIVANCO SUSANA,VIVANCO SUSANA
per_29c4bc483d436e67c5f4,per_8c5e86e559d5e22b5b86,100,VIVAS JAVIER,VIVAS JAVIER
per_4e94a3d59a2bb43d9406,per_dca7f7f966fd38b80e24,100,VIVAS JONATAN HORCIO,VIVAS JONATAN HORCIO
per_0c3a13ba2a0493931343,per_c23fef5c0aa735ad54c9,100,VIVES JORGE EDUARDO,VIVES JORGE EDUARDO EDUARDO
per_7e58d4189c37fe31d681,per_71b73a95d0b061156dac,100,VIVIANA WLOSKO,VIVIANA WLOSKO
per_8256888b4edb0f16abd9,per_1a270560d46a17fcac06,100,VLOCH RUBEN ALBERTO,VLOCH RUBEN ALBERTO
per_912b758c0aa69d1f11f9,per_16ffba6a40687c298ac9,100,VOSS MAXIMILIANO,VOSS MAXIMILIANO
per_1d069538045f1075cf50,per_b7f0a43bbe83933617be,100,VRONKISTINOS GONZALO,VRONKISTINOS GONZALO
per_f6ee876203ae594392e6,per_796693bca20171389627,100,WAISMAN DANIELA,WAISMAN DANIELA
per_6ccbba2c17942ba7706c,per_19ad3f59e0c6e0172e05,100,WAISSMAN JUAN IGNACIO,WAISSMAN JUAN IGNACIO
per_21ef56b20167dc1f9044,per_acaa24eaa33776a6e42d,100,WALDIMAN FABIAN,WALDIMAN FABIAN
per_256ae75da0d1098e5dce,per_339ab08e56ef4b395ad5,100,WALTER SUFAN,WALTER SUFAN
per_73302cf26a82ddc27d9d,per_f66679889cb2585a359c,100,WANG WEI,WANG WEI
per_58c29d409dd5d1fda610,per_bc50bde685182f595feb,100,WASSERMAN DARIO,WASSERMAN DARIO
per_a2a9df51812c0a9b5bf5,per_d4062c28cd43ca4921b5,100,WEIGAND CAROLINA,WEIGAND CAROLINA
per_eb4f608c5303f7665ad5,per_d4062c28cd43ca4921b5,100,WEIGAND CAROLINA,WEIGAND CAROLINA
per_e7a3e0acd50bb2d27b58,per_3baa245ad20ffa82e185,100,WEIMANN EMMANUEL,WEIMANN EMMANUEL
per_27157b2b6c4e43fed800,per_77201ebb85a77d2e2c4a,100,WEISS GUSTAVO,WEISS GUSTAVO
per_b9c7521bdf5c711d386c,per_4dd9becd91f98a56136b,100,WERNER MIGUEL ANGEL,WERNER MIGUEL ANGEL
per_868c4dbf038ea96ce285,per_b652f01580a50d6fc6c1,100,WERTHEIN GERARDO,WERTHEIN GERARDO
per_7d2f1410129235798a9b,per_c88a38101e3ebfab1966,100,WEYNE DA CUNHA CLAUDIO,WEYNE DA CUNHA CLAUDIO
per_d4b70e7bcfd73689b6e8,per_049abc21245577949833,100,WILLIAMS MARCOS,WILLIAMS MARCOS
per_9f492454cecb14cf4181,per_24000519382c8ac7f895,100,WINOKUR PABLO,WINOKUR PABLO
per_1959729dbba1ecf2b745,per_cd6b328234bc234a4700,100,WITTING CLAUDIA,WITTING CLAUDIA
per_de942de77b915d825e0e,per_b1d8aa45e99796381f9f,100,WLODKOWSKI IRENE,WLODKOWSKI IRENE
per_ead99e508719df5766de,per_43dd9b27f2d1ed20fadf,100,WOLFF WALDO,WOLFF WALDO
per_eac3ab703809246f5cf1,per_0158f6fd20fa538602b9,100,WOLODARSKY MARCELO,WOLODARSKY MARCELO
per_f8ec4a8d2d81c9d6b656,per_92a5f80a90118fd1505d,100,YACOBUCCI IGNACIO,YACOBUCCI IGNACIO
per_04dd41ab7a9810ff1d57,per_327dd30500ae298fd093,100,YACONO ALARCON BRUNO,YACONO ALARCON BRUNO
per_ff1bff12f6b8f8c26b7f,per_c01f81626e9ec0228546,100,YACOY NICOLAS,YACOY NICOLAS
per_04fd54aeb1ff128e153b,per_c2cf74c9940220d689e5,100,YAHIA JULIO ALEJANDRO,YAHIA JULIO ALEJANDRO
per_9ab8e90afc5bf67f6d30,per_05fa8d6f8265bbf7bb0f,100,YANCOVICH MIGUEL,YANCOVICH MIGUEL
per_51a7b8cc9ba846a51e4d,per_055148a172306cb00ec9,100,YANES YAMILA,YANES YAMILA
per_33c7d32697e2fe71fd80,per_f922d703cd4c46db1eed,100,YANEZ MARIANO ANIBAL,YANEZ MARIANO ANIBAL
per_06a90e05bc427c62e0d2,per_93d1467b46d786792b7d,100,YANOTTI SANTIAGO,YANOTTI SANTIAGO
per_312dace4063d571b34f2,per_0aebd527318d58cfc8d4,100,YAPURA SEBASTIAN,YAPURA SEBASTIAN
per_e4fee6db19163f226975,per_6053d52540106a98e4ba,100,YAQUELIN CLAUDIO,YAQUELIN CLAUDIO
per_43b4fe8e9571467a177e,per_2f090b300d5bc784fe20,100,YASNIKOWSKI HUGO,YASNIKOWSKI HUGO
per_a8de03305a9cfc777477,per_86f2a7bd7c549fe6e8ae,100,YBANEZ ELVIO,YBANEZ ELVIO
per_1c9a3e40bcdb59e42c61,per_b457337a9f1352e8fa95,100,YEDRO TANIA,YEDRO TANIA
per_15fcb4f846c76bf780f1,per_ef00d5498f8a2f76dad5,100,ZABALETA FERNANDO,ZABALETA FERNANDO
per_44a41e388ba427a31c13,per_bcbedf386dfdd5028e76,100,ZAGO OSCAR ROBERTO,ZAGO OSCAR ROBERTO
per_2c6875b26f4c6202d592,per_a51bc7be3cbaba0b5417,100,ZAHIRA APABLAZA,ZAHIRA APABLAZA
per_0a3a9dec8b6b2827c994,per_6d4b558c5c3b6f4d35f9,100,ZALAZAR ALEJANDRA,ZALAZAR ALEJANDRA
per_19005b68975d0da976bb,per_58fe2a3517f1df1bf5fd,100,ZALAZAR BRIAN,ZALAZAR BRIAN
per_c8c162bc6d2fcfa36cd1,per_3ede4d696e8e3d897928,100,ZALAZAR JUAN MANUEL,ZALAZAR JUAN MANUEL
per_00517968528678f9733b,per_e3a764c985f9aae581f3,100,ZAMBRANO LUCIANA SOLEDAD,ZAMBRANO LUCIANA SOLEDAD
per_52569089fe28166599e0,per_9eab25e3af351878f5fb,100,ZAMORA JULIO,ZAMORA JULIO
per_fb0c86b540f1311f2bcd,per_8171457d029ccf0d94e3,100,ZAMPAROLO CARLOS BLAS,ZAMPAROLO CARLOS BLAS
per_92778be7e306acd9bfea,per_561b801023ad3e9df066,100,ZANELA JORGE,ZANELA JORGE
per_5465715068151893d276,per_622a79c54430622fbf3a,100,ZANUTTI FABIANA SOLEDAD,ZANUTTI FABIANA SOLEDAD
per_0b49e23981a8022724a3,per_46d78e02b67d44995c09,100,ZAPATA CARLOS,ZAPATA GUSTAVO CARLOS
per_f0b6e97b8942ee3e0403,per_c78f5d121febde447f06,100,ZAPATA CARLOS RAUL,ZAPATA CARLOS RAUL
per_1a3d505ff4fdb5950234,per_466516f63e4bd36f4ada,100,ZAPATA FANNY OLGA,ZAPATA FANNY OLGA
per_1ca558f310534d2631cb,per_8fcf172fcb5fa52bc229,100,ZARATE ARIEL,ZARATE ARIEL
per_be63ec5bd167da63195d,per_a819bc7453b876f83a1e,100,ZARATE DANIEL,ZARATE DANIEL
per_53bc2917eed6b98c1400,per_299880bea9030eb481a2,100,ZARATE PANTOJA ANAN MARIA,ZARATE PANTOJA ANAN MARIA
per_f5a24ee977528c2f6942,per_6fbc9cf2b8413f2cb163,100,ZARDO JORGE,ZARDO JORGE
per_7c07da468f354b38662d,per_e213037cc0071b876feb,100,ZAZZINI DANIEL GERMAN,ZAZZINI DANIEL GERMAN
per_ea701dbe4a15c62a0e17,per_7290641d9b961fb403da,100,ZDERO LEANDRO,ZDERO LEANDRO
per_ea701dbe4a15c62a0e17,per_8efdc352a08a8f18162e,100,ZDERO LEANDRO,ZDERO LEANDRO
per_44fd69af893eb107c561,per_331457bc6a4ce3b44172,100,ZEBALLOS MARIA AGUSTINA,ZEBALLOS MARIA AGUSTINA
per_b8506104c193a2b1697c,per_e88cffe47674b0d863c0,100,ZERDA CRISTIAN MARCELO,ZERDA CRISTIAN MARCELO
per_518c09ea2818f647901e,per_b1f1e25f2adb2436aa30,100,ZHANG JUN,ZHANG JUN
per_1bdcb24bc8ce82deade0,per_ab7c18ec82ab05e1691f,100,ZIBLAT GABRIEL,ZIBLAT GABRIEL
per_fd51d6f8893cb9c14c55,per_e632d3ea99e036951c22,100,ZIMMERMAN VICTOR,ZIMMERMAN VICTOR
per_d5454541e1e4d0526077,per_9b7bdafde73be71fc765,100,ZOGBI QUINTEROS JOSE,ZOGBI QUINTEROS JOSE
per_0ea3def1856997e6794d,per_05917806b9ffd5c2feb3,100,ZUBIERTA NELLY,ZUBIERTA NELLY
per_be43e61376ac0640466d,per_1f270bb977c5cbdaf15a,100,ZUCCO ANTONIO,ZUCCO ANTONIO
per_162eb6f40c48afb5b823,per_5f64f15aae31a891da8d,100,ZUNIGA ENRIQUE,ZUNIGA ENRIQUE
per_889ee74a46c870cc1e7a,per_dc7dc2bc8f5fb1b3bf94,100,ZUOZA ROCIO,ZUOZA ROCIO
per_d7ddbcc32633e56a2e04,per_af0fb6e16b197e99ea47,100,ZURITA TORRICO HUGO,ZURITA TORRICO HUGO
per_856a928047dc3207e26e,per_b7a83d5e261c959c2b82,98,BROCARDO CATTENA NAIR AZUL,BROCCARDO CATTENA NAIR AZUL
per_5dc82d103532475fe511,per_ef87c2507237d95b0e20,98,CARRERA SAITLER SANTIAGO PEDRO,CARRERA SAITLERR SANTIAGO PEDRO
per_e3d5a168104815527975,per_138eaf9097cf328d0b60,98,COLACILLI MARIA FLORENCIA,COLACILLI MARIA FLORIENCIA
per_9bfeda8a339222f36f5c,per_10c84f033fcf01586792,98,COMETTO RAIMUNDO VALENTINO,COMETTO RAIUMUNDO VALENTINO
per_f9e1c88e4a847d1a3e83,per_4fcbb96985a25c52800c,98,HEKIMAN YERNAZIAN LEONARDO PABLO,HEKIMIAN YERNAZIAN LEONARDO PABLO
per_41e4dc47a327cbf52389,per_d20cccb5535184fafaa7,98,HERNRIQUE DE BARROS GERMAN,HERNRIQUES DE BARROS GERMAN
per_eb46b378853735837b0d,per_715587f93c68d413a4ea,98,MALINOSWSKI ROBERTO ANTONIO,MALINOWSKI ROBERTO ANTONIO
per_eb46b378853735837b0d,per_ae007b0d54b92f2bead8,98,MALINOSWSKI ROBERTO ANTONIO,MALINOWSKI ROBERTO ANTONIO
per_92c58fb8beb74aa23011,per_bcdf02f3d34be2aaaf6e,98,MALINOW SKI ROBERTO ANTNIO,MALINOW SKI ROBERTO ANTONIO
per_92c58fb8beb74aa23011,per_7f792e5e8f2e5426df5e,98,MALINOW SKI ROBERTO ANTNIO,MALINOWSKI ROBERTO ANTNIO
per_bcdf02f3d34be2aaaf6e,per_715587f93c68d413a4ea,98,MALINOW SKI ROBERTO ANTONIO,MALINOWSKI ROBERTO ANTONIO
per_bcdf02f3d34be2aaaf6e,per_ae007b0d54b92f2bead8,98,MALINOW SKI ROBERTO ANTONIO,MALINOWSKI ROBERTO ANTONIO
per_7f792e5e8f2e5426df5e,per_715587f93c68d413a4ea,98,MALINOWSKI ROBERTO ANTNIO,MALINOWSKI ROBERTO ANTONIO
per_7f792e5e8f2e5426df5e,per_ae007b0d54b92f2bead8,98,MALINOWSKI ROBERTO ANTNIO,MALINOWSKI ROBERTO ANTONIO
per_d01ee6003476cfefcd52,per_a32cc4c0f5b9e433af83,98,MARCONDES ACHADO DE ASISIS MARIA,MARCONDES MACHADO DE ASISIS MARIA
per_7d19f2938bd450df9073,per_26d797684d55a2d51346,98,MARTINEZ NORMAMARTINEZ NORM,MARTINEZ NORMAMARTINEZ NORMA
per_103b1840e789b1d4b28a,per_a61988c663c4610e3914,98,MELIK ALEJANDRO ERASMO GUILLERMO,MLIK ALEJANDRO ERASMO GUILLERMO
per_d5f42498f73e6f82a11a,per_6dcbc76d65dffec6108f,98,MIRAT DE REIG ECHEVESTE ANA,MIRATD DE REIG ECHEVESTE ANA
per_083811e5a9769825dd79,per_0543da3a8d6cefe43ed6,98,NUEZ DE ARCO FACUNDO ELISEO,NUNEZ DE ARCO FACUNDO ELISEO
per_daf8dc979db58874e63e,per_f8199c7ae31ee9242d54,98,OLIVERI PINTO ROBERTO LUIS,OLIVIERI PINTO ROBERTO LUIS
per_daf8dc979db58874e63e,per_595c2c062a16451583f4,98,OLIVERI PINTO ROBERTO LUIS,OLIVIERI PINTO ROBERTO LUIS
per_4a5bd4b7cb4cade6ffda,per_f8199c7ae31ee9242d54,98,OLIVERI PINTO ROBERTO LUIS,OLIVIERI PINTO ROBERTO LUIS
per_57d8fac6f5baf78f83bd,per_cfdd135ae39ae64b1ad5,98,RAMALLO KARINA DEL LUJAN ISABEL,RAMALLO KARINA DEL LUJN ISABEL
per_de65ae28d68bfe4b563d,per_b9e0421fe6770a467791,98,RODRIGUEZ BAETTINI MARIA SOL,RODRIGUEZ BATTINI MARIA SOL
per_de65ae28d68bfe4b563d,per_131fb0a6951952b60845,98,RODRIGUEZ BAETTINI MARIA SOL,RODRIGUEZ BATTINI MARIA SOL
per_ed1a676a287404fdcc5d,per_431de50682cdaa50e1b4,98,RODRIGUEZ CHIRILLO EDUARDO,RODRIGUEZ CHIRILO EDUARDO
per_ed1a676a287404fdcc5d,per_81bd34e61622d3dd9c2d,98,RODRIGUEZ CHIRILLO EDUARDO,RODRIGUEZ CHIRILO EDUARDO
per_a8609396177103ee044b,per_5bb05e113e2ac198e9e5,97,AGUDIEZ MARIA BELEN,AGUDIIEZ MARIA BELEN
per_68625960c7098d594a79,per_5bb05e113e2ac198e9e5,97,AGUDIEZ MARIA BELEN,AGUDIIEZ MARIA BELEN
per_15e43fe4c22d7e460842,per_3b111bd68c2fffea1e62,97,ALEGARI FACUNDO NAHUEL,CALEGARI FACUNDO NAHUEL
per_d6c7d3ee801633721248,per_299a378fd6d94df91a0b,97,ALEJANDRO SCHAPOVALOF,ALEJANDRO SCHAPOVALOFF
per_90c304b73e09fb83debb,per_34b18c0a0cd11eeabe8f,97,ALONSO PABLO EMANUEL,ALONSO PABLO EMMANUEL
per_eb72386bcd30699fea13,per_415255852f0d429b608e,97,ARRESEYGOR IAKI MIGUEL,ARRESEYGOR INAKI MIGUEL
per_eb72386bcd30699fea13,per_5a7ec1dce9124817a1cf,97,ARRESEYGOR IAKI MIGUEL,ARRESEYGOR INAKI MIGUEL
per_0e22408595a3b6e4cf7b,per_49757d6914988caff382,97,BALINO MARIA EUGENIA,BALINO MARIA EUGENIAO
per_dca8b3c95e9aa27438e6,per_93f53bf239881e3431f8,97,BARROZO HERNAN ALFREDO,BARROZO HERNN ALFREDO
per_489424a6dd509d8c9d62,per_e5d81ec8dc20aaebbca1,97,BASIL NATALIA BELEN,BAUSIL NATALIA BELEN
per_893995642d66727f7591,per_e5d81ec8dc20aaebbca1,97,BASIL NATALIA BELEN,BAUSIL NATALIA BELEN
per_7665e98b7c1cb5f09699,per_7865c11ae14c8c7c22c5,97,BASTISTA HARRIET EDUARDO,BATISTA HARRIET EDUARDO
per_27022d74e91177e00acc,per_7865c11ae14c8c7c22c5,97,BASTISTA HARRIET EDUARDO,BATISTA HARRIET EDUARDO
per_5240934c32f12d167eef,per_21eabe2ec7c119046423,97,BENNET BARRY PATRICK,BENNETT BARRY PATRICK
per_897b665b701c410fa35a,per_0bb71a7f80bea8d57ccf,97,BERNASCHINA VICTOR ANDRES,BERNASCHINA VICTOR ANDRS
per_6c685108592d75c08375,per_b35d0d4e8a8c5eb86bb4,97,BIONGIORNO MARIANO,BONGIORNO MARIANO
per_f836b8e4ed4728a34c85,per_b35d0d4e8a8c5eb86bb4,97,BIONGIORNO MARIANO,BONGIORNO MARIANO
per_118beb053e4ba2489c44,per_c760aeafa83c6bf04810,97,BONGIOVANI ALEJANDRO,BONGIOVANNI ALEJANDRO
per_7fc8d066d18a21029c4f,per_5bc636b4b4fb8ce9d909,97,CACCERES CANO SEVERO,CACERES CANO SEVERO
per_942ad835083f6c2a57e7,per_27ae6f17f3fbcc12cb74,97,CAGNOLI PABLO DANIEL,CAGNOLI PALO DANIEL
per_45f0708db4b0cd4597af,per_f532949fd13d9533981a,97,CARILLO MELINA MARIEL,CARRILLO MELINA MARIEL
per_cce36970df3c41f0d5a5,per_1aa1c68362e3f18e0a0e,97,CARISTIA BRIAN ALEXIS,CARISTIAN BRIAN ALEXIS
per_5fc5531ff2f4bdf3574d,per_1aa1c68362e3f18e0a0e,97,CARISTIA BRIAN ALEXIS,CARISTIAN BRIAN ALEXIS
per_3ad039177d268e8e5b3d,per_bff0c3c5094ec4f6d439,97,CASTINEIRA RAMIRO,CASTINEIRAS RAMIRO
per_e183015328e69000428c,per_61560484409995ae72b4,97,CASTRO STELLA MARIS,CASTRO STELLIA MARIS
per_9d61d09882e64b397cbc,per_61560484409995ae72b4,97,CASTRO STELLA MARIS,CASTRO STELLIA MARIS
per_d9d3cca4106cdfa2d967,per_fefd1f765ea3cfdf75f1,97,CECATTI ALEJANDRO,CECCATTI ALEJANDRO
per_c470ad7ab197fda11015,per_9d4bafef6d6a7987318d,97,CHAER DIEGO MARTIN,CHAHER DIEGO MARTIN
per_de99ab1a50810a153560,per_5f9b0eabd6a97d53460c,97,CHAVARRIA BERTOLAMI MANUEL IGNACIO,CHAVARRIA BERTOLANI MANUEL IGNACIO
per_68bac9cc269a151d4c27,per_a1121efd321a2f9ce487,97,CORDA RUBEN MARIN,CORDA RUBEN MARTIN
per_6da7545be4190777e4ee,per_cd9dd94490a45e59652c,97,CORNEJO REVILLA SERGIO,REVILA CORNEJO SERGIO
per_171bb7131c81ac6f6aa7,per_3912e0efd4e0b36a8429,97,CORREA LLANO FACUNDO,CORREA LLANOS FACUNDO
per_c0903d39aaabe5ccae1e,per_3912e0efd4e0b36a8429,97,CORREA LLANO FACUNDO,CORREA LLANOS FACUNDO
per_17674c2e4ce775e9edc4,per_527729b93ebc317d845a,97,CRUZ MARGARITA ORMENCIA,CRUZ MARGARITA ORMENCIIA
per_5472ab1c8b68a54332c6,per_c50a29eb92c5bf1e7aab,97,CUTI CRISTIAN DARIO,CUTTI CRISTIAN DARIO
per_3e2aa18dfc407ac88604,per_2dc1bba79491b8cb6dc1,97,D ORIA MATIAS NAHUEL,DORIA MATIAS NAHUEL
per_71cd80bb1f1ec52cce63,per_195c1d22539c2afb3ffd,97,DAGLIO CESAER JAVIER,DAGLIO CESAR JAVIER
per_56bd0cedd673b899cbc4,per_228c3452b149304f4f14,97,DE ANGELI ALFREDO,DE ANGELIS ALFREDO
per_ddaeece8f5084c1696e1,per_228c3452b149304f4f14,97,DE ANGELI ALFREDO,DE ANGELIS ALFREDO
per_5f5cf942322c60e5159b,per_b3cb0a5e92aa7f927bb7,97,DE LORENZI MARIANO,DELORENZI MARIANO
per_5f5cf942322c60e5159b,per_1f1850d411cc084602d0,97,DE LORENZI MARIANO,DELORENZI MARIANO
per_5f0eafd77adc70e6769b,per_7bb82a1d6810bb81da65,97,DEANDREIS JOSE LUIS,DEANDRES JOSE LUIS
per_5f0eafd77adc70e6769b,per_66d65c9e55af4aa03660,97,DEANDREIS JOSE LUIS,DEANDRES JOSE LUIS
per_fd10aa94458b8c412551,per_1532db312a74627eed2b,97,DI LORENZI MARIANO,DILORENZI MARIANO
per_ca6519a29de4ec62e695,per_f8ee9d55ef29f2d012cb,97,DIHART DENIS ARIE,DIHART DENIS ARIEL
per_ca6519a29de4ec62e695,per_66cfc938325aeff66679,97,DIHART DENIS ARIE,DIHART DENIS ARIEL
per_151db7332811b24529c1,per_b6dfa111bf504e7adb6c,97,DOLOTOW ICZ PEINI IVAN,DOLOTOWICZ PEINI IVAN
per_c72a9f51e137ec2226a2,per_1020128b8609b6cdcdbb,97,EGUIA FACUANDO JULIAN,EGUIA FACUNDO JULIAN
per_a40ab9ac0313cf8712a4,per_1020128b8609b6cdcdbb,97,EGUIA FACUANDO JULIAN,EGUIA FACUNDO JULIAN
per_8d0579dcc2de3dbd6051,per_9e730776a95550e657b0,97,EGUREN NICOLAS IGNACIO,EGUREN NICOLAS IGNACION
per_8cbac2885d348a1c5714,per_5e1e7bdf39cf6c3f68c5,97,FARFAN TADEI MARIA PAULA,TADDEI FARFAN MARIA PAULA
per_2bc4ed264bcb255ce841,per_d174eda4ca2ed0f5a65c,97,FERENTINO ARIEL LEANDRO,FERRENTINO ARIEL LEANDRO
per_272c839875df6e27f179,per_a36b555722512758aaa8,97,FERNANDEZ NICOLAS EDUARDO,FERNANDEZ NICOLS EDUARDO
per_5c78ccba875c7904a9ac,per_19643692e71712377ce1,97,FERRER PICADO RICARDO,FERRER PICARDO RICARDO
per_be1ef52295b77322ca5d,per_25af7f21cfe57351ea22,97,FINOCCHIARO ALEJANDRO,FINOCHIARO ALEJANDRO
per_c042108f135f0b26fd6b,per_e32b82933352a9f3ac97,97,GARCIA NEGRE FRACISCO,GARCIA NEGRE FRANCISCO
per_2e0466677eab4c6ae677,per_d8f60e0ad0fcefcf8e67,97,GASTALDI FLORENCIA,GASTALDI FLORENCIAS
per_4f457fac0da71fd9200f,per_cabbb287dc366302f274,97,GIANONE FLORENCIA,GIANONNE FLORENCIA
per_dc5ca0f57196d2617c74,per_8f41f0409618aca8e59d,97,GONZALEZ GRAACIELA,GONZALEZ GRACIELA
per_c6b69216c841bf145526,per_2395903ef9dc04d99921,97,GUZAMAN HUGO ALEJANDRO,GUZMAN HUGO ALEJANDRO
per_c6b69216c841bf145526,per_a4ba28c979ba8e7efff8,97,GUZAMAN HUGO ALEJANDRO,GUZMAN HUGO ALEJANDRO
per_d56fd0fb722799b6d7dd,per_fce1394cfdda4e7fa49d,97,HERNAMNDEZ LEANDRO,HERNANDEZ LEANDRO
per_d56fd0fb722799b6d7dd,per_e4049957b38a7c3aacd8,97,HERNAMNDEZ LEANDRO,HERNANDEZ LEANDRO
per_4b9b56599b875fa5fb45,per_fce1394cfdda4e7fa49d,97,HERNAMNDEZ LEANDRO,HERNANDEZ LEANDRO
per_530cbf5c9eb51963191c,per_5b33c3f223c6932e76ad,97,HORQUERA JUAN MANUEL,ORQUERA JUAN MANUEL
per_530cbf5c9eb51963191c,per_1cd930ed768cb46b91f3,97,HORQUERA JUAN MANUEL,ORQUERA JUAN MANUEL
per_f9765e5da3eb21330da7,per_5c6280634feee5790cfa,97,HORTA ZOLANO HERNAN,HORTAZOLANO HERNAN
per_d801594d2e1c7afc63c5,per_1d1d2dba896ebfe99bb7,97,HUMENUCK GRACIAELA,HUMENUCK GRACIELA
per_2fb9499d3745dd98dae6,per_d7a64bd6c11b3ddd0017,97,IANELLO FLORENCIA GISELA,IANNELLO FLORENCIA GISELA
per_6909c667a6172263a677,per_d8976047db728702bcb3,97,JASTREBLANSKI MAIA,JASTREBLANSKI MARIA
per_9928cafcaaf7846e6695,per_ebade11ca1199eb678af,97,KEVORKIAN ALEJANDRO,KEVORKIAN ALEJANDROO
per_6e4b9c91e5c1b5446381,per_b21bc8b34bc1e194621d,97,LADA FRASCH FEDERICO,LADA FRASH FEDERICO
per_24c076a2db3ecf33f898,per_a8b9acd5cbc0f1385f5f,97,LANTANRON PEDRO MARIA,LANTARON PEDRO MARIA
per_7f36fdb08895fcfc51e1,per_a8b9acd5cbc0f1385f5f,97,LANTANRON PEDRO MARIA,LANTARON PEDRO MARIA
per_b01530f01696d9e63d93,per_9686b79797ec0595d2b6,97,LARINO BRAIAN JORGE,LARINO BRIAN JORGE
per_9686b79797ec0595d2b6,per_339eb9b2fa65cd2bb855,97,LARINO BRIAN JORGE,LARIO BRIAN JORGE
per_11cf2ad078b7f387b1d2,per_366f43f265c33256fbba,97,LAVANDEIRA LAURA DANIELA,LAVANDERIRA LAURA DANIELA
per_ccf6cc2848e7d57aa295,per_ba73bcae7f66e05da8d7,97,LENARDON ALEJANDRO,LENARDON ALEJANDROO
per_b9e08035497f4f98f925,per_9e97279d43ea887f0d26,97,LINDER YAMILA ANDREA,LINDNER YAMILA ANDREA
per_82819bfc28de4990f9d1,per_8f6b07ff5a4637744c39,97,LINGERI JOSE LUIS,LINGIERI JOSE LUIS
per_4dce24c287296681ac98,per_8f6b07ff5a4637744c39,97,LINGERI JOSE LUIS,LINGIERI JOSE LUIS
per_110eba784c49e9df911f,per_085d28f59d1d5b4fe430,97,LOCCCISANO CECILIA,LOCCISANO CECILIA
per_d429cca1ff77e8d36bec,per_f7933519087d1543b56e,97,LOPEZ CAZORLA JUAN,LOPEZ CHAZORLA JUAN
per_6fabb0d59f012acfa302,per_5cf9b5e6eb4f0357dbc4,97,LOPEZ MARIA ANGELA,LOPEZZ MARIA ANGELA
per_17dd5c52853b85101720,per_c9a8f510cb2519f76be6,97,MALINOW SKI FERNANDO JOSE,MALINOWSKI FERNANDO JOSE
per_17dd5c52853b85101720,per_1c694da69a21b5721af5,97,MALINOW SKI FERNANDO JOSE,MALINOWSKI FERNANDO JOSE
per_556ffae6e9d0929d7873,per_5533bea70f3058f7b879,97,MARCO DEL PONT CARMEN,MARCO DEL PONTO CARMEN
per_0d9cd5aae90383d3671c,per_38b268ff5f05c052d5cc,97,MARIA ELENA MAZZANTINI,MARIA ELENA MAZZATINI
per_3ab2d3fe95c457e14a2c,per_79962547faac63ec0290,97,MARTELLO SEBASTIAN,MATELLO SEBASTIAN
per_718885a63fcf5ad093ac,per_84d0113e33e7986e29db,97,MARTINEZ JULIO CESAR,MARTYINEZ JULIO CESAR
per_402aac969d020e7ce1dc,per_39d24b02566b9b6d5d60,97,MAZZANTINI MARIA ELENA,MAZZATINI MARIA ELENA
per_beeca9e397b0bd731282,per_e8ed4aada04c8830902d,97,MIGUEL ANGEL VILLAROEL,MIGUEL ANGEL VILLARROEL
per_beeca9e397b0bd731282,per_f09401ea47a498e447fa,97,MIGUEL ANGEL VILLAROEL,MIGUEL ANGEL VILLARROEL
per_5924a0297b89d6d166e7,per_5844e6093a204da04561,97,MIRAGLIA JAVIER IGNACIO,MIRAGLUIA JAVIER IGNACIO
per_5924a0297b89d6d166e7,per_d4ecbef07614fc3f0f3a,97,MIRAGLIA JAVIER IGNACIO,MIRAGLUIA JAVIER IGNACIO
per_42e2c2e8878e7c1f3ed4,per_0179dfdcf952e5253f69,97,MISRAHI FLORENCIA,MISRRAHI FLORENCIA
per_18ef1760e72339cbdf15,per_0179dfdcf952e5253f69,97,MISRAHI FLORENCIA,MISRRAHI FLORENCIA
per_945cf5dcacf826b188cd,per_112c7e0486f9b43d2561,97,MLYNARZEWICZ MARCO,MLYNARZEWICZ MARCOS
per_52071f8403b4b087fbdc,per_7ac6cda82b2cb496d0f8,97,MOLINA MARIA ELVIRA,MOLINA MARIA ELVIRAO
per_c06c7ec21369afb500e9,per_4cbfd3c467b69bb41a44,97,MULLNER LUCA DAMIAN,MULLNER LUCAS DAMIAN
per_e5b6914d20e1416aee9d,per_f701bd62bef9f72d75f5,97,NUEZ ALEJANDRO MARTN,NUNEZ ALEJANDRO MARTN
per_45d710c2ed58aec3357a,per_f701bd62bef9f72d75f5,97,NUNEZ ALEJANDRO MARTIN,NUNEZ ALEJANDRO MARTN
per_524d2461dd5cd08d9b35,per_f14f910428c3dbbcdb66,97,OLIVERI JUAN PABLO,OLIVIERI JUAN PABLO
per_586009ab058a35920e98,per_810d3711c6b88eedfdc6,97,OLIVERO MATIAS EZEQUIEL,OLIVIERO MATIAS EZEQUIEL
per_a8625b73cae7978b9e4e,per_810d3711c6b88eedfdc6,97,OLIVERO MATIAS EZEQUIEL,OLIVIERO MATIAS EZEQUIEL
per_5fbbc320563015eca7c1,per_5f93991ceb0f386cc52f,97,OMENUK MAURICIO GASTON,OMEUK MAURICIO GASTON
per_f4e3b5653ea1cf0d1fde,per_fcf83a15010a22c72f18,97,OSTRO MAAURICE SAMUEL,OSTRO MAURICE SAMUEL
per_2d10cf89489192ae05aa,per_605a8eda852976e8fde2,97,OXENFOR ALEJANDRO,OXENFORD ALEJANDRO
per_99dec8dec24022f23684,per_c95b0e26f0f31ddca3b4,97,PAGOTO JUAN CARLOS,PAGOTTO JUAN CARLOS
per_e1c2695be5ce5d8f6072,per_94b314bd1701f7de0b0a,97,PALADINI EDUARDO JULIO,PALADINI EDUARDO JULIPO
per_e1c2695be5ce5d8f6072,per_d3ab95046f667cb04643,97,PALADINI EDUARDO JULIO,PALADINI EDUARDO JULIPO
per_b192def8c6abacfaf4e8,per_b3210bdee81abbb664b3,97,PALLOTA MARIA INES,PALLOTTA MARIA INES
per_5acc99df97277187916b,per_3c190f0742090a53ca54,97,PAOLTRONI FRANCISCO,POLTRONI FRANCISCO
per_42078f4836fedc465340,per_3c190f0742090a53ca54,97,PAOLTRONI FRANCISCO,POLTRONI FRANCISCO
per_f04e3f879c383195ebdd,per_3c190f0742090a53ca54,97,PAOLTRONI FRANCISCO,POLTRONI FRANCISCO
per_47af926c5293a1692c27,per_bd6fe7802dfd11bcc69a,97,PARAREDA MARIA AGUSTINA,PARREDA MARIA AGUSTINA
per_2ed4fb19d05f7dcef08e,per_47323f95a6a2b6000544,97,PATRICIA BULLRICH,PATRICIIA BULLRICH
per_699bdc8678fbeb674843,per_adf90cafbeb346ca00d6,97,PETER JOZSEF KVCK,PETER JOZSEF KVECK
per_ba9d7883e79d4c80b974,per_35c0f1c373d207b7a326,97,PICHETO MIGUEL ANGEL,PICHETTO MIGUEL ANGEL
per_ba9d7883e79d4c80b974,per_1de45d6978a49a81a9ac,97,PICHETO MIGUEL ANGEL,PICHETTO MIGUEL ANGEL
per_04ac1a60608fc6c19cce,per_58788343bdd58517d5dd,97,PIERE JUAN CARLOS,PIERRE JUAN CARLOS
per_04ac1a60608fc6c19cce,per_eba545fe88bb33e37fcb,97,PIERE JUAN CARLOS,PIERRE JUAN CARLOS
per_2a40c579fe971c97354c,per_ea5f861f23b8d36962e7,97,PODESTA ACOSTA MARCELA,PODESTA COSTA MARCELA
per_5320aaf90c57367f746f,per_09326cf969bfb68c7ab8,97,PRATO JUAN ANTONIO,PRATTO JUAN ANTONIO
per_5ec291003215b0f10ff0,per_77f1a8679211586f2481,97,PULLARO MAXIMIIANO,PULLARO MAXIMILIANO
per_b92c32160a3258e0e3c6,per_1f30fef81df21e5da45d,97,QUINTANA FERREIRA HILDA DEL CARMEN,QUINTANA FERREYRA HILDA DEL CARMEN
per_5b844b1af2edd0bab995,per_f2d62cc2e464d6530c56,97,QUINTELA FERNANDEZ ARIEL,QUITELA FERNANDEZ ARIEL
per_d93b2123457468891ebe,per_c34c8f684a6ce593bb82,97,RAMIREZ SAINZ ALEJANDRO,RAMIREZ SAIZ ALEJANDRO
per_20e7318b402d2a71ae8d,per_adb6e09756dba5997db3,97,RAMOS JUILIETA ANABEL,RAMOS JULIETA ANABEL
per_20e7318b402d2a71ae8d,per_bde38ec876af6e11e47c,97,RAMOS JUILIETA ANABEL,RAMOS JULIETA ANABEL
per_f547cc069c7f03a41a14,per_3c30c0b44f74df1ad8ee,97,RICCARDI MAXIMILIANO,RICCIARDI MAXIMILIANO
per_36f5443a4cffb221839c,per_5ccc81a501464fe5b65f,97,RIVERON HUGO ALEJANDRO,RIVERON UGO ALEJANDRO
per_36f5443a4cffb221839c,per_98d94e06592207a5d730,97,RIVERON HUGO ALEJANDRO,RIVERON UGO ALEJANDRO
per_9af3febb7d2145bb6978,per_0f226852ad9ac9dbdc75,97,ROCCHIA FERRO JORGE,ROCHIA FERRO JORGE
per_5997d181276f8f80027d,per_514cc1d22c501cee9177,97,RODRIGUEZ IGNACIO,RODRIIGUEZ IGNACIO
per_606d1cf2796c4bfd152f,per_38df6d5fe980b256b9e7,97,ROZITCHENER ALEJANDRO,ROZITCHNER ALEJANDRO
per_606d1cf2796c4bfd152f,per_55f04bda17e7089b2793,97,ROZITCHENER ALEJANDRO,ROZITCHNER ALEJANDRO
per_e4b98b4990c11d0f7f27,per_3daf176236fac1718408,97,SANTIUSE LEONARDO,SANTIUSTE LEONARDO
per_e4b98b4990c11d0f7f27,per_21e2c30a6464bdebbcd8,97,SANTIUSE LEONARDO,SANTIUSTE LEONARDO
per_516c81415961cf8bc564,per_6ce408e5f5fd33a2285f,97,SANTUARIO SANTIAGO,SANTURIO SANTIAGO
per_0859000ee4ae96195e51,per_a8222195860d4cbd6b05,97,SANTUISE LEONARDO,SANTUISTE LEONARDO
per_0859000ee4ae96195e51,per_87ce76028b8c57e6b093,97,SANTUISE LEONARDO,SANTUISTE LEONARDO
per_fa013f4a3e1e839bf445,per_27fa3fac538bb5a8627e,97,SCOPP CARLOS PATRICIO,SCOPPA CARLOS PATRICIO
per_7e157eace54f0698b084,per_97d7b893e2cb1d64ae0b,97,SENA ANDRES MIGUEL,SENA ANDRS MIGUEL
per_c4b8d0314a8c8b100159,per_9b21fdffc98d518ec4e0,97,SERESZEVSKY FERNANDO,SZERESZEVSKY FERNANDO
per_b25ef08f2f71d490fdce,per_eac43ca5908e90675815,97,SPILLMAN EZEQUIEL MAURO,SPILMAN EZEQUIEL MAURO
per_ac42eeba7eea63bafde4,per_458eef600173aaea6d39,97,STUEZENEGGER FEDERICO,STUZENEGGER FEDERICO
per_58e53c41a56b77c2ea95,per_d9018aa6175318a0b922,97,STURZENEGER FEDERICO,STURZENEGGER FEDERICO
per_58e53c41a56b77c2ea95,per_f10faaace58b330d2b67,97,STURZENEGER FEDERICO,STURZENEGGER FEDERICO
per_58e53c41a56b77c2ea95,per_03b9c467b1e8987b53cd,97,STURZENEGER FEDERICO,STURZENEGGER FEDERICO
per_58e53c41a56b77c2ea95,per_8637aa089df43c71de71,97,STURZENEGER FEDERICO,STURZENEGUER FEDERICO
per_58e53c41a56b77c2ea95,per_deabf2eb28f8e552ff57,97,STURZENEGER FEDERICO,STURZENNEGER FEDERICO
per_58e53c41a56b77c2ea95,per_69c98840734f3216cd31,97,STURZENEGER FEDERICO,STURZZENEGER FEDERICO
per_d9018aa6175318a0b922,per_f60445778e95faf2ca92,97,STURZENEGGER FEDERICO,STURZENEGGER FEDERIO
per_f10faaace58b330d2b67,per_f60445778e95faf2ca92,97,STURZENEGGER FEDERICO,STURZENEGGER FEDERIO
per_03b9c467b1e8987b53cd,per_f60445778e95faf2ca92,97,STURZENEGGER FEDERICO,STURZENEGGER FEDERIO
per_d9018aa6175318a0b922,per_260d502a24a031ce9a47,97,STURZENEGGER FEDERICO,STURZENGGER FEDERICO
per_f10faaace58b330d2b67,per_260d502a24a031ce9a47,97,STURZENEGGER FEDERICO,STURZENGGER FEDERICO
per_03b9c467b1e8987b53cd,per_260d502a24a031ce9a47,97,STURZENEGGER FEDERICO,STURZENGGER FEDERICO
per_d9018aa6175318a0b922,per_458eef600173aaea6d39,97,STURZENEGGER FEDERICO,STUZENEGGER FEDERICO
per_f10faaace58b330d2b67,per_458eef600173aaea6d39,97,STURZENEGGER FEDERICO,STUZENEGGER FEDERICO
per_03b9c467b1e8987b53cd,per_458eef600173aaea6d39,97,STURZENEGGER FEDERICO,STUZENEGGER FEDERICO
per_1b14026e307f1ff18404,per_ab5e3e339fe162112543,97,SUAREZ SANTIAGO MARIA,SUAREZ SANTIGO MARIA
per_f7146525c0969965b9bc,per_ab5e3e339fe162112543,97,SUAREZ SANTIAGO MARIA,SUAREZ SANTIGO MARIA
per_9adb5475e5566fe9d480,per_afa59d6ee186ede07144,97,SWANSON CHISTOPHER,SWANSON CHRISTOPHER
per_ba554c7d251a716a8d5a,per_9b1a9141abfcf31b221a,97,TEIRA CHRISTIAN HERNAN,TEIRA CHRISTIAN HERNANA
per_ba554c7d251a716a8d5a,per_bd4148d919bd287c985b,97,TEIRA CHRISTIAN HERNAN,TEIRA CHRISTIAN HERNANA
per_6187315ca369a7526247,per_8d6935aceead5d3231eb,97,TIRANTE MARCELO FABIAN,TIRANTE MARCELO FABIN
per_27ef9e5141aea36b283f,per_8d6935aceead5d3231eb,97,TIRANTE MARCELO FABIAN,TIRANTE MARCELO FABIN
per_424c899ed890e9eacfad,per_3d47a4a42b15b7cf5c56,97,TOURNER JOSE FEDERICO,TOURNIER JOSE FEDERICO
per_9112ef9fb2dd957819dd,per_9b933d64744888bb1c4c,97,TRENTADUE ANTONELA,TRENTADUE ANTONELLA
per_01a28818e15ba6fb260c,per_c5ca5758fb7cb1dde949,97,VERA CHAVEZ TEODORO RAMON,VERA CHAVEZ TEODORO RAON
per_01a28818e15ba6fb260c,per_fc7c6f40b425444f88b3,97,VERA CHAVEZ TEODORO RAMON,VERA CHAVEZ TEODORO RAON
per_7dbb69f5b3adba506103,per_219c148b92858a877b77,97,VILARRUEL VICTORIA,VILLARRUEL VICTORIA
per_219c148b92858a877b77,per_a4474e1c9d1bb239d384,97,VILLARRUEL VICTORIA,VILLARUEL VICTORIA
per_2a50cd379b6edfcdc698,per_0c3a13ba2a0493931343,97,VIVES JORGE EDUARD,VIVES JORGE EDUARDO
per_2a50cd379b6edfcdc698,per_c23fef5c0aa735ad54c9,97,VIVES JORGE EDUARD,VIVES JORGE EDUARDO EDUARDO
per_ba417d47ff998e671015,per_3e0dfad062c8ee087668,97,WERENTILNECK ALBERTO,WERETILNECK ALBERTO
per_e1ae413f5feb95b8c260,per_ce1f23ff40069ea3e327,96,ADORNI MANUEL,ADORNIS MANUEL
per_8f58f9ed4d83d4d4250c,per_ce1f23ff40069ea3e327,96,ADORNI MANUEL,ADORNIS MANUEL
per_1e7e3e5d447628e44496,per_529e74a65dbf2e1be820,96,AGUADA CRISTIAN EZEQUIEL,AUGUADRA CRISTIAN EZEQUIEL
per_6b9c4a4945f9eaedb6da,per_47de628a56d883ae08aa,96,AGUADRA CRISTIAN,AUGUADRA CRISTIAN
per_d3ef2534250ef086aa13,per_5b880e009e2acc00314f,96,AGUERO GUILLERMO,AGUERO GULLERMO
per_d3ef2534250ef086aa13,per_f85c727e278ea750c2b2,96,AGUERO GUILLERMO,AGUERO GULLERMO
per_a1d2a2f0ad674402e148,per_3362439b55b0c199cc9a,96,AMBOS BENICIO,AMBROS BENICIO
per_b14898e934c956fcc047,per_3362439b55b0c199cc9a,96,AMBOS BENICIO,AMBROS BENICIO
per_b254f62ebae563943bbb,per_776e7a762c47667c14e5,96,AMBOS GASPAR,AMBROS GASPAR
per_b0e0dc5f3e5ae7267723,per_0360bc58a519207d105e,96,AMELLINO HUGO,ARMELLINO HUGO
per_97cc030a575c9c54571a,per_97c2a896480a3463479c,96,ANGELETTI BETINA,ANGELETTI BETTINA
per_97cc030a575c9c54571a,per_cdf465d1903af25031dd,96,ANGELETTI BETINA,ANGELETTI BETTINA
per_97cc030a575c9c54571a,per_6d4aa9854d5f4f02d25b,96,ANGELETTI BETINA,ANGELLETTI BETINA
per_52426d4c9b3d02d71d26,per_1c56f21c7dc58372ec1d,96,AQUINO MARISA,AQUINO MARISSA
per_43c906c24e22fc9c362b,per_92437ac0362b426f67b8,96,ARANA CARLOS,ARANDA CARLOS
per_10783a1f8ccb45a6f477,per_0360bc58a519207d105e,96,ARMELINO HUGO,ARMELLINO HUGO
per_ea2c278424ac20a99344,per_5905a149c7ec448be741,96,ASERIN ALEJANDRO,ASRIN ALEJANDRO
per_83e4df9f7d66e329c111,per_14a4deb251fabc644e2f,96,BAILO MARCELO,BAILO MARCEO
per_3d6a2d411886eea5f891,per_60f6a0a6b4dad0fd7217,96,BAISTROCCHI GUIDO,BAISTROCHI GUIDO
per_fa23f1e14ae80990d44a,per_60f6a0a6b4dad0fd7217,96,BAISTROCCHI GUIDO,BAISTROCHI GUIDO
per_6a8f4ef6fef86a108462,per_37c71c3cd2ca165460b4,96,BARRETO JUAN,BARRETTO JUAN
per_0b7d7b978f677427164b,per_ceaeae2f23d3274c2226,96,BARRIO NUEVO JOSE,BARRIONUEVO JOSE
per_0c27d9949bd9a8d54b0b,per_0b3ced8bc5246bba97ce,96,BATALLEME MARTINEZ JUAN ERARDO,BATTALEME MARTINEZ JUAN ERARDO
per_b1574999b5c7bc0a0fe5,per_0b3ced8bc5246bba97ce,96,BATALLEME MARTINEZ JUAN ERARDO,BATTALEME MARTINEZ JUAN ERARDO
per_ddc3df1ffce9c2e9f8f9,per_f5b3a602808579d216b2,96,BAUSILI SANTIAGO,BAUSILLI SANTIAGO
per_6fe4d171c49a49a854fa,per_f5b3a602808579d216b2,96,BAUSILI SANTIAGO,BAUSILLI SANTIAGO
per_5ddd176aad1e4d81e187,per_9aa025753efc08dc62ac,96,BENEDIT BELTRAN,BENEDIT BELTRN
per_8af0617fd14082372106,per_9aa025753efc08dc62ac,96,BENEDIT BELTRAN,BENEDIT BELTRN
per_79df355303b3da318a5e,per_6c62b87a4ad98279e736,96,BENNET BARRY,BENNETT BARRY
per_091d5cc7ac13293d3572,per_b9d39b2ca2d39032b0d5,96,BHATHIA DINESH,BHATIA DINESH
per_b472ba97b0378892d344,per_240a3fd2558331b58df6,96,BONELI RODOLFO,BONELLI RODOLFO
per_b472ba97b0378892d344,per_00c796e6d7d12b41e470,96,BONELI RODOLFO,BONELLI RODOLFO
per_d8b96b191e2d8acec213,per_8ad02b43bd5ff3a0bf2a,96,BOSCHIN GERARDO,BOSCHINI GERARDO
per_4399638130a1543d6ae4,per_8ad02b43bd5ff3a0bf2a,96,BOSCHIN GERARDO,BOSCHINI GERARDO
per_e941d1e12627b819dfb0,per_a3bc1752e478c3e86268,96,BOSIO SEBASTIAN,BOSIO SEBATIAN
per_075520f4338129fe6ebb,per_776821a6f9c9f99037eb,96,BRAUN ALEXIA,BRAUWN ALEXIA
per_50f286225333f8733092,per_b3186c2ac5c673216c48,96,BULLRICH PATRICIA,BULRICH PATRICIA
per_50f286225333f8733092,per_d7302b59055f5eecb8f5,96,BULLRICH PATRICIA,BULRICH PATRICIA
per_e3c58d402a87be1702d8,per_76123be05883e27875ef,96,BULRICH PARTICIA,BULRRICH PARTICIA
per_b3186c2ac5c673216c48,per_533a2df831a7b9d40afb,96,BULRICH PATRICIA,BULRRICH PATRICIA
per_d7302b59055f5eecb8f5,per_533a2df831a7b9d40afb,96,BULRICH PATRICIA,BULRRICH PATRICIA
per_feda47a648bda48080c1,per_2ceee0259b14d24f9c26,96,BURGO EZEQUIEL,BURGOS EZEQUIEL
per_7a68f95b05305cab40a5,per_55bff9b2ded61aea8050,96,BUTTI ALEJANDRO,BUTTI ALEJANDROB
per_2e54c1314c4af3ff8afc,per_55bff9b2ded61aea8050,96,BUTTI ALEJANDRO,BUTTI ALEJANDROB
per_ed68a895d343fbf3a5ef,per_5894820193b51908963a,96,CAEIRO FEDERICO,CASEIRO FEDERICO
per_29b1de81a8bfc51c796d,per_867732f867c95fc6b74c,96,CAEIRO FEDERICO,CASEIRO FEDERICO
per_29b1de81a8bfc51c796d,per_5894820193b51908963a,96,CAEIRO FEDERICO,CASEIRO FEDERICO
per_ec7482335045613fee5a,per_29c4de883127da4fbd59,96,CAMPENI VICENTE,CAMPENNI VICENTE
per_ec7482335045613fee5a,per_947fad619b42b9d5674e,96,CAMPENI VICENTE,CAMPENNI VICENTE
per_9b6d82e2ddaf5b520135,per_275beb3c30096b8d1b22,96,CANCERE ROCIO,CANCERES ROCIO
per_a61451164cf556c87ea5,per_ffc7769298cb288da99e,96,CAPUTO SANTAGO,CAPUTO SANTIAGO
per_a61451164cf556c87ea5,per_69cce0d96e8226a704da,96,CAPUTO SANTAGO,CAPUTO SANTIAGO
per_7e852c8bd30587a5abf9,per_ffc7769298cb288da99e,96,CAPUTO SANTIAAGO,CAPUTO SANTIAGO
per_7e852c8bd30587a5abf9,per_69cce0d96e8226a704da,96,CAPUTO SANTIAAGO,CAPUTO SANTIAGO
per_ffc7769298cb288da99e,per_645bccb18e841b05fd5b,96,CAPUTO SANTIAGO,CAPUTO SANTIGO
per_69cce0d96e8226a704da,per_645bccb18e841b05fd5b,96,CAPUTO SANTIAGO,CAPUTO SANTIGO
per_093c3b370d5120c72ed6,per_8d47e60bc6f8aedfe034,96,CARDOSO MARIA,CARDOSO MARINA
per_38fad8fde139142765fb,per_5dc82d103532475fe511,96,CARRERA BAITLER SANTIAGO PEDRO,CARRERA SAITLER SANTIAGO PEDRO
per_6cf8bbb23b56c8dd5df0,per_ee959d4a5b190e1c7ac6,96,CASTELANI CARLOS,CASTELLANI CARLOS
per_431df7a0f01238086deb,per_f711ac1fec98d8451f96,96,CATALAN KARINA,CATALANI KARINA
per_431df7a0f01238086deb,per_8a0aebf19c1acac38839,96,CATALAN KARINA,CATALANI KARINA
per_9e2a6d89beaf49ca87dd,per_d9d3cca4106cdfa2d967,96,CECATI ALEJANDRO,CECATTI ALEJANDRO
per_a5b640f61ffbde685f2a,per_5575d5d1bb55e8817e60,96,CEDRO LIMPEROPULO MARIA SOLEDAD,CEDRO LINPEROPULO MARIA SOLEDAD
per_28320ae424b8fc7c90f0,per_83b23db54118c85fe18d,96,CERRUTI GABRIELA,CERRUTTI GABRIELA
per_28320ae424b8fc7c90f0,per_ea358f3feb3d92df6af4,96,CERRUTI GABRIELA,CERRUTTI GABRIELA
per_52b1b793dde2d946957b,per_80fcdd2300fa1e3e8557,96,CHAPPE SEBASTIAN,CHIAPPE SEBASTIAN
per_52b1b793dde2d946957b,per_08faf3c698db1bb9b7ed,96,CHAPPE SEBASTIAN,CHIAPPE SEBASTIAN
per_3bf8c8dbf08532554c15,per_3f6125a6763c5805ef8f,96,CHAVES RODRIGUEZ FACUNDO HORACIO,CHAVEZ RODRIGUEZ FACUNDO HORACIO
per_3bf8c8dbf08532554c15,per_e3d555fbf6bf44387c89,96,CHAVES RODRIGUEZ FACUNDO HORACIO,CHAVEZ RODRIGUEZ FACUNDO HORACIO
per_de451071d447508c0341,per_f4ba19a8408767157786,96,CIALELLA CESAR,CIALLELLA CESAR
per_de451071d447508c0341,per_7bb81b604a71a37060aa,96,CIALELLA CESAR,CIALLELLA CESAR
per_de451071d447508c0341,per_4c5a23a4e3c5fe358fc8,96,CIALELLA CESAR,IALELLA CESAR
per_cc3306e7c722ce567217,per_4b69a7252cfef0478ef2,96,CIFELI LEONARDO,CIFELLI LEONARDO
per_cc3306e7c722ce567217,per_50f39343cfb78be52033,96,CIFELI LEONARDO,CIFELLI LEONARDO
per_33c724d1eb91251882b0,per_e2d337d327c7cecdf0ba,96,COMADIRA JULIO,COMADRA JULIO
per_8494b33c488dc8db3160,per_4786664dea2acafba599,96,CORETTI MARIEL,CORETTI MARIELA
per_8494b33c488dc8db3160,per_7d702206623ac1e0a2ec,96,CORETTI MARIEL,CORETTI MARIELA
per_09394884e577a86c2452,per_5e02b3751199c5ed3ebd,96,CORNEJO ALFREDO,CORNEJO ALFREDRO
per_fa0f20fc05d311add23b,per_abd35a0e63e2e2e7d705,96,CUTI CRISTIAN,CUTTI CRISTIAN
per_fa0f20fc05d311add23b,per_773015050d9fb8ff3ca4,96,CUTI CRISTIAN,CUTTI CRISTIAN
per_101d9e987c177f3df54e,per_8f4a00d9ca6fd7b6ad1d,96,D ARRISSIO JULIA,D ARRISSO JULIA
per_4867fb277490ff3b9d7c,per_b75d50957344b9947ab3,96,D IORIO MARIO,DIORIO MARIO
per_c4f0fabfc684029b72c6,per_a4dce7bb3b7acc6625ea,96,D ONOFRIO RODOLFO,DONOFRIO RODOLFO
per_eff415d3ea25e24123a8,per_2d965d909df0bf8fbecd,96,DADARIO GERMAN,DADDARIO GERMAN
per_3aa94d115e034f3a653e,per_09a8718ca5191dd13bba,96,DAPIT ERNESTO,DAPIT ERNESTOS
per_9d182582c9f83c7ced22,per_b942652f156ebdf3b523,96,DE BARTOLO JORGE,DE BARTOLO JORGUE
per_9d182582c9f83c7ced22,per_07f599075b566974a139,96,DE BARTOLO JORGE,DE BARTOLO JORGUE
per_413f0d043b80c7c53530,per_7344a9b759160d160a30,96,DE LOREDO RODRIGO,DELOREDO RODRIGO
per_413f0d043b80c7c53530,per_51260f232cc0c14589e7,96,DE LOREDO RODRIGO,DELOREDO RODRIGO
per_3dab29b3841618d9ddb0,per_55f6dd8435229404b9c1,96,DE MARCHI OMAR,DEMARCHI OMAR
per_3d90122d62c5d2426354,per_55f6dd8435229404b9c1,96,DE MARCHI OMAR,DEMARCHI OMAR
per_b1a1e95ecf922e0105c8,per_93317d1386121f0fef2c,96,DE URIETA DEBORAH LUCIA VERA,DE URIETA DENORAH LUCIA VERA
per_b1a1e95ecf922e0105c8,per_af04f652f50b97ebf751,96,DE URIETA DEBORAH LUCIA VERA,DE URIETA DENORAH LUCIA VERA
per_3f484180736a51be6019,per_912fe27cb9bd21adacfb,96,DELGER DEL SEL JOSE MARIA,DELGER DEL SER JOSE MARIA
per_3ab5573e67f8cdd7820a,per_912fe27cb9bd21adacfb,96,DELGER DEL SEL JOSE MARIA,DELGER DEL SER JOSE MARIA
per_04f36080390f3f9d3854,per_d4c72c2c3a96acdc1ed8,96,DERVICHE DANIEL ALEJANDRA,DERVICHE DANIEL ALEJANDRO
per_774036f949220af91047,per_b75d50957344b9947ab3,96,DI ORIO MARIO,DIORIO MARIO
per_6d534b644a532bf7a8b8,per_b75d50957344b9947ab3,96,DI ORIO MARIO,DIORIO MARIO
per_d7900e879ce3c444ce0f,per_0d1e937e10a5c332627b,96,DIAZ FEDERICO,DIZ FEDERICO
per_3d9f8742eb74a82e82c2,per_d86884a1fb99d81a2f10,96,DIAZ MAARIA BELEN,DIAZ MARIA BELEN
per_fc10f461069bc9cf144d,per_7e6e78ace752ab1f7257,96,DOSISTO EDUARDO,DOSITO EDUARDO
per_d59d1acce6fb4ff4695a,per_f3e6d4b8d7aebb7583a5,96,DUELO VAAN DEUISEN IGNACIO,DUELO VAN DEUSEN IGNACIO
per_19247feeead6d71a13fa,per_2abfcc769dcdd0089797,96,DZWONIK CRISTIAN,DZWONIK CRITIAN
per_687302b75074c42f04cd,per_7bea586128b078894254,96,ENCINA LORENA,LENCINA LORENA
per_f4307d65cde64ec3a762,per_7bea586128b078894254,96,ENCINA LORENA,LENCINA LORENA
per_1b2839927b3dd4ad84f1,per_c28154900f2024b5d09a,96,ENGELBERG MIJAL,ENGELSBERG MIJAL
per_1eadf02796ab859dd340,per_b90d09c9e86168884011,96,ESCUDERO MARIANA,ESCUDERO MARIANAA
per_70a56298e0d9baa18dad,per_b90d09c9e86168884011,96,ESCUDERO MARIANA,ESCUDERO MARIANAA
per_5ee6a4968ca295edc820,per_1333aa05ceafbb81e81d,96,ESPINDOLA CARLOS,ESPINOLA CARLOS
per_1a20cd1b07778bec5e26,per_f966a1b160db9e73a69c,96,ESTAMPALIJA JUAN,STAMPALIJA JUAN
per_508f3bf8a0fb020029d7,per_c651b2d15b1c2ef00f52,96,ETCHENIQUE JUAN,ETCHENQUE JUAN
per_d623bae2adbf12135e34,per_c651b2d15b1c2ef00f52,96,ETCHENIQUE JUAN,ETCHENQUE JUAN
per_c77d655fd5c28720858b,per_d00fd057c7a39bc9fb7e,96,FABRIZI ADRIAN,FABRIZIO ADRIAN
per_c77d655fd5c28720858b,per_52d61782c072fd0d3f7a,96,FABRIZI ADRIAN,FABRIZIO ADRIAN
per_a9d31286c026fa6c37d4,per_ed1000d327756dde1abd,96,FERNADEZ ALBERTO,FERNANDEZ ALBERTO
per_4ebd6309b1c78aa8d99b,per_7654d9cf52c43bdaa350,96,FERNANDEZ COCIMANO SANTIAGO,FERNANDEZ COSIMANO SANTIAGO
per_4ebd6309b1c78aa8d99b,per_a3756410be5e6cd78354,96,FERNANDEZ COCIMANO SANTIAGO,FERNANDEZ COSIMANO SANTIAGO
per_d96de075e27ef0a59f9a,per_5e02203c9beb3fee3d46,96,FERNANDEZ MARIA DE LOS ANGELES,HERNANDEZ MARIA DE LOS ANGELES
per_245439e53bc726e895e4,per_6b55cbc3984319822ef3,96,FIGUEIRAS LUCAS,FIGUERAS LUCAS
per_245439e53bc726e895e4,per_405895beb2c463a91ee3,96,FIGUEIRAS LUCAS,FIGUERAS LUCAS
per_4483a165f414426f4df2,per_fa1e2b7094ea095dc195,96,FONTANARROSA MARIA VICTORIA,FONTARROSA MARIA VICTORIA
per_d770f4df1c1a5331b595,per_84e4bc979f01fa2ded06,96,FORNELI FEDERICO,FORNELLI FEDERICO
per_0e00c6a2c2feecaadab2,per_5f723858cdcd566bb207,96,FRANCO GUILLERMO,FRANCOS GUILLERMO
per_0e00c6a2c2feecaadab2,per_dc80d73bb7913e2fe033,96,FRANCO GUILLERMO,FRANCOS GUILLERMO
per_7a706d7aa603711154d0,per_4a75414377320d9b4c7e,96,GABRIEL MARTIN,GABRIEL MARTINO
per_fee419c1abbc3ebf86fb,per_1c2ee7fb65e9ab07703b,96,GALEANO JUAN JOS,GALEANO JUAN JOSE
per_78003e134f75fdf3213c,per_ebb574a26efd6f1f7d3c,96,GARAT GUILLEMO,GARAT GUILLERMO
per_78003e134f75fdf3213c,per_3817c54391aec3cbd835,96,GARAT GUILLEMO,GARAT GUILLERMO
per_d5f58483ad76aec651b6,per_9ec25340c4b2e5831260,96,GARAVILLA MELANI,GARAVILLA MELANIE
per_21e5bb741611ba6fd67d,per_3208f04c1d087ef34685,96,GARCIA MARTIN,GARCIA MARTINA
per_5ffd603ae4fb0e25efa6,per_0550769e93398f5b66c8,96,GOMEZ GABRIEL,GOMEZ GABRIELA
per_0ad616504d0387077220,per_c39ed6014b9f02e67526,96,GONZALES CASARTELLI DANIEL,GONZALEZ CASARTELLI DANIEL
per_28c615e2bd652db8ff96,per_5dffa853ad016a0e820f,96,GONZALEZ AGUSTIN,GONZALEZ AGUSTINA
per_1f3db6fbccef90ed861d,per_151392bf78cdecccec4a,96,HARTFIEL DIEGO,HARTFIELD DIEGO
per_6dcb8f69efbe1af368cb,per_5417995148b42a6d2394,96,HAYDE LIZORDO,HAYDEE LIZORDO
per_8e64534542c8257600e8,per_c4419a4ecf8be00b6c17,96,HERRERA OLIVA SERGIO LUIS,HERRERA OLIVERA SERGIO LUIS
per_749debf016e429945162,per_ac4757ddc1cb897a9612,96,HERRERA OLIVER,HERRERA OLIVERA
per_7b3454435645d415d4a0,per_ac4757ddc1cb897a9612,96,HERRERA OLIVER,HERRERA OLIVERA
per_5fc73afb791f9497bfd5,per_678ab9f499e1a6984f9c,96,HOFFMAN DIEGO,HOFFMANN DIEGO
per_e7e691e3ab6266df2db2,per_cc2cc65a7192404add04,96,HOLLOWEL MOLLY,HOLLOWELL MOLLY
per_2d29e11d934371787f29,per_325a29adb9b2e96020f1,96,HUMENUCK GLADYS,HUMENUK GLADYS
per_2d29e11d934371787f29,per_4156e62f8ec4e1ae8f51,96,HUMENUCK GLADYS,HUMENUK GLADYS
per_1f6b6b9983f3520cedf8,per_988e0fad1ab27d3ff048,96,KANDI ELIAS JOSE,KANDIN ELIAS JOSE
per_e0d822f7cdeb8f9dce73,per_b421453f35503a65cb4e,96,KATALAN KARINA,KATALANO KARINA
per_3f7c59ffeb0ad72507aa,per_8126baa6b64e796b470e,96,KOPYTO JESICA,KOPYTO JESSICA
per_0985a31bf94c20c48bfe,per_1a621f1cef1a1a1bdb24,96,LAMOTE IGNACIO,LAMOTHE IGNACIO
per_e3155783dd43f08a02a4,per_83a359839b1f80db1c72,96,LEBMAN MATIAS,LIEBMAN MATIAS
per_2db53490826397275f95,per_727d96436b1d2f2fffce,96,LEDESMA MARCO,LEDESMA MARCOS
per_2db53490826397275f95,per_b77af86dd508f8681fc5,96,LEDESMA MARCO,LEDESMA MARCOS
per_45266cd952f458de2241,per_c19fd4de6dc0c246a926,96,LEY VICTOR HUGO,LEY VITOR HUGO
per_45266cd952f458de2241,per_119916ead915e552717c,96,LEY VICTOR HUGO,LEY VITOR HUGO
per_1d3981de6a0375c3564a,per_76f448511e9af979f9ff,96,LEYRA MARCELO,LEYRIA MARCELO
per_5b528dd707219919f39d,per_b13b0dc540ecec5e4f1d,96,LLARYORA MARTIN,LLAYORA MARTIN
per_91719cf9e5c0796dd5d8,per_b13b0dc540ecec5e4f1d,96,LLARYORA MARTIN,LLAYORA MARTIN
per_d3e45072f66965ef6ff0,per_b6eb5fe2f2f12a9e3d4c,96,LOPEZ ADRIAN,LOPEZ ADRIANA
per_b2ab4ab3c86cafe45b9e,per_0cbb93a476dee56cb363,96,LOPEZ DANIEL,LOPEZ DANIELA
per_22b5e2c38c5411b98911,per_41b98eb8933694e201cf,96,LORELI AGOSTINA,LORELLI AGOSTINA
per_22b5e2c38c5411b98911,per_c3b9be9151790c6432e5,96,LORELI AGOSTINA,LORELLI AGOSTINA
per_bfe4999b2783913e45bf,per_2807b93260cb05fbf589,96,LUPI IGNACIO,LUPPI IGNACIO
per_e5b6b5c12652a635531f,per_2807b93260cb05fbf589,96,LUPI IGNACIO,LUPPI IGNACIO
per_e227c6659513cb2746e7,per_c7b77d758a251f7b42ed,96,MACARONE MARTIN,MACCARONE MARTIN
per_eb46b378853735837b0d,per_bcdf02f3d34be2aaaf6e,96,MALINOSWSKI ROBERTO ANTONIO,MALINOW SKI ROBERTO ANTONIO
per_eb46b378853735837b0d,per_7f792e5e8f2e5426df5e,96,MALINOSWSKI ROBERTO ANTONIO,MALINOWSKI ROBERTO ANTNIO
per_92c58fb8beb74aa23011,per_715587f93c68d413a4ea,96,MALINOW SKI ROBERTO ANTNIO,MALINOWSKI ROBERTO ANTONIO
per_92c58fb8beb74aa23011,per_ae007b0d54b92f2bead8,96,MALINOW SKI ROBERTO ANTNIO,MALINOWSKI ROBERTO ANTONIO
per_bcdf02f3d34be2aaaf6e,per_7f792e5e8f2e5426df5e,96,MALINOW SKI ROBERTO ANTONIO,MALINOWSKI ROBERTO ANTNIO
per_976cb772c58fa6422dae,per_567c34ff9bec68a35add,96,MARIO LUGNES,MARIO LUGONES
per_2a9e9690d756457da27c,per_4f01d2d5e0af06681a38,96,MARTELLA DANIEL,MATELLA DANIEL
per_ca1e2573ac60ad566c69,per_ce1d94ddd20f85972c3b,96,MAYORANS NICOLAS,MAYORAS NICOLAS
per_bf2d6ca92a746354605a,per_d2b2b18dd0bd60690da9,96,MAYORANZ NICOLAS,MAYORAZ NICOLAS
per_bf2d6ca92a746354605a,per_ed67eb5d346c5ff5a34e,96,MAYORANZ NICOLAS,MAYORAZ NICOLAS
per_a18814599c0e1ecc0966,per_61d0c26dbe58367f1796,96,MEILAN MARTIN,MILAN MARTIN
per_cb0ce8c5df8ea835b72a,per_2a582701c9ea3afecba3,96,MENEM EDUARDO,MENIEM EDUARDO
per_f224e5a001e17fe3ed38,per_2a582701c9ea3afecba3,96,MENEM EDUARDO,MENIEM EDUARDO
per_7c94c69722bb1056e6c3,per_2a582701c9ea3afecba3,96,MENEM EDUARDO,MENIEM EDUARDO
per_d40cdb1eb4efb07909b2,per_980a16aa63aaa327aa85,96,MIILEI KARINA,MILEI KARINA
per_d40cdb1eb4efb07909b2,per_c89f0283991631c070a3,96,MIILEI KARINA,MILEI KARINA
per_a79af1b74c43522852e9,per_c903af7ed65a9905b38d,96,MOGETTA FRANCO,MOGETTTA FRANCO
per_a79af1b74c43522852e9,per_86351d70a5ecfc21b9f3,96,MOGETTA FRANCO,MOGETTTA FRANCO
per_f49b1850b9c363e6a951,per_86351d70a5ecfc21b9f3,96,MOGETTA FRANCO,MOGETTTA FRANCO
per_a79af1b74c43522852e9,per_44f43fe6626203bd3eda,96,MOGETTA FRANCO,MOGUETTA FRANCO
per_f49b1850b9c363e6a951,per_44f43fe6626203bd3eda,96,MOGETTA FRANCO,MOGUETTA FRANCO
per_ea3f1afb05b8422536e7,per_44f43fe6626203bd3eda,96,MOGUETA FRANCO,MOGUETTA FRANCO
per_433b2c2c30a4b3320de7,per_40061e6648a07ca76c36,96,MOLINA MARANO,MOLINA MARIANO
per_dec7a659f95346a05599,per_26fa7cefaa564eed414c,96,MONTERO GONZALO,MONTEROS GONZALO
per_e9b2e06cf5d3f3552dba,per_e873fa232d78274ab72a,96,MORDILLO PABLO,MORILLO PABLO
per_a88eafe8df8db97bda28,per_bddd0e93a1e93702a331,96,MOSCARIELLO OSCAR,MOSCARIELO OSCAR
per_6ff38a4a7fe2a2da5c15,per_bddd0e93a1e93702a331,96,MOSCARIELLO OSCAR,MOSCARIELO OSCAR
per_2c663111e8977d3eb39b,per_587bf283571bd460289a,96,MURGA SEBASTIAN,MURGA SEBASTIN
per_87b6f8caf2dea23f43fc,per_c5eb17681af19d1642d7,96,NOVICK NICOLAS,NOVIK NICOLAS
per_0f3c21c5c748ac59e663,per_c5eb17681af19d1642d7,96,NOVICK NICOLAS,NOVIK NICOLAS
per_348e5acb8d21471a69d7,per_b6bc7143d3272ad628a7,96,NUESCH DAAVID,NUESCH DAVID
per_517b527b1e20c6f4d85d,per_8e17ae96fbf720cbf713,96,O ROURKE VERONICA,OROURKE VERONICA
per_0e3cc88cbf3350fb4007,per_5faca4f8e994cc38535a,96,OXENFOR ALEC,OXENFORD ALEC
per_f3130787f8ec94f6efcd,per_d9142a2d3c8fb08f6696,96,PACHECO NELSON,PAQCHECO NELSON
per_d55b9116d9817cf72f6f,per_d9142a2d3c8fb08f6696,96,PACHECO NELSON,PAQCHECO NELSON
per_e7843a18b371b1a16367,per_a426d2f61cc804d4214a,96,PAREJA SEBASTIAN,PAREJAS SEBASTIAN
per_1c86a494b4f2b0586a9f,per_a426d2f61cc804d4214a,96,PAREJA SEBASTIAN,PAREJAS SEBASTIAN
per_047db803238550c4c6fe,per_2d0e9dea8ee2f43b3dae,96,PASALACQUA HUGO,PASSALACQUA HUGO
per_1e16bf300837781b2717,per_bcda04ac0d85aa57367a,96,PAZOS JUAN MANUE,PAZOS JUAN MANUEL
per_8da182dd98b992468c94,per_3013ed388c493c90e666,96,PETOVELLO SANDRA,PETTOVELLO SANDRA
per_8da182dd98b992468c94,per_847aed808eb61730c51b,96,PETOVELLO SANDRA,PETTOVELLO SANDRA
per_c20cd2c2bf4311126fe5,per_71cbb0757ede1d53df77,96,PIZARROZO ANDREA,PIZARROZO ANDREQA
per_c295783e66445ffd4142,per_cd9216eaa34c1366819f,96,QUINTERO LUIS,QUINTEROS LUIS
per_9c94dc4675449d283c1a,per_d91db99eb0510dbc9e49,96,RADICE ADRIAN,RADICE ADRIN
per_9dede5615e5cc16f090e,per_d91db99eb0510dbc9e49,96,RADICE ADRIAN,RADICE ADRIN
per_bacafdadacc25f1d36c2,per_e3ee02b491037408094f,96,RAMIEZ MARIA,RAMIREZ MARIA
per_5ae9de7fe815c7ca51a1,per_efa294908249604cde8e,96,RAMIREZ GABRIEL,RAMIREZ GABRIELA
per_ec48ba0944f3a708ddcc,per_efa294908249604cde8e,96,RAMIREZ GABRIEL,RAMIREZ GABRIELA
per_81f182b089cb98226153,per_853cabd3b32b41e3f922,96,RAPALLINI MARTIN,RAPPALLINI MARTIN
per_774e3089622f6ea22991,per_853cabd3b32b41e3f922,96,RAPALLINI MARTIN,RAPPALLINI MARTIN
per_2c233a0668c289aa49b9,per_17645f42189b6dc1835c,96,RICCO JOSE LUIS,RICO JOSE LUIS
per_fd9c2d14e459f54a8946,per_ab77dc2461f74a37f15e,96,RITACCO NICOLAS,RITACO NICOLAS
per_83b487634717cc7b13a6,per_a173309c792d93c2c847,96,ROCA ALEJANDRO,ROCCA ALEJANDRO
per_cf101fc0009b2f1e27ec,per_a0a0f71b48f00943f496,96,RODRGUEZ ANDRES,RODRIGUEZ ANDRES
per_a8bff509a80f48c36ccd,per_b9e0421fe6770a467791,96,RODRIGUEZ BATINNI MARIA SOL,RODRIGUEZ BATTINI MARIA SOL
per_a8bff509a80f48c36ccd,per_131fb0a6951952b60845,96,RODRIGUEZ BATINNI MARIA SOL,RODRIGUEZ BATTINI MARIA SOL
per_fb4e9f0aeaa60bfcaefb,per_9a24cb24fca08e6159c4,96,RODRIGUEZ LUIS,RODRTIGUEZ LUIS
per_24385f088ca166a8c656,per_bad5af043c5a7b18c9a2,96,ROMERO DANIEL,ROMERO DANIELA
per_85816a2436139870a6fe,per_c679c64188610a4a05f6,96,ROSSI AGUSTIN,ROSSI AGUSTINA
per_9ea864df698d0c54e6e4,per_82044ea3fdf37e6170a8,96,ROTILI JOAQUIN,ROTILLI JOAQUIN
per_522e5ac41517e5341f2d,per_82044ea3fdf37e6170a8,96,ROTILI JOAQUIN,ROTILLI JOAQUIN
per_2ece5b6269ee9762d95a,per_7a35c913bc44d6174f73,96,SAGLIONE GUSTAVO,SCAGLIONE GUSTAVO
per_d1b384ee1fba6ed0d158,per_0b0f5a781073b8714fa5,96,SALAZAR JORE,SALAZAR JORGE
per_8329552beeeecc0345c9,per_d9e8bd2694be8dd556e6,96,SALGUERO OLINDA,SALGUERON OLINDA
per_4b84f7c3019be9d66671,per_3c6dac3e640b149ab5df,96,SANCHEZ FERNADO,SANCHEZ FERNANDO
per_f682e6a371b22d8014a9,per_b4ef206d4398116267b7,96,SANCHEZ GABRIEL,SANCHEZ GABRIELA
per_451d19f40d64c22c28ac,per_436b5337c07af3da8b04,96,SICIALIA FEDERICO,SICILIA FEDERICO
per_dfef1ccae32dc9fd444e,per_436b5337c07af3da8b04,96,SICIALIA FEDERICO,SICILIA FEDERICO
per_69eefe48d99d134e43b5,per_9ca6d5079c71a7b13dbc,96,SOSA LUCIANA,SOUSA LUCIANA
per_8934ae18801657783c50,per_cb34542c2f2debf27672,96,SOTO FEDERICO,SOUTO FEDERICO
per_2e828c1bdab97e25e751,per_70ccc1bee10698abdafc,96,SPITZER ANDRES,SPIZER ANDRES
per_daa61e7a52024588e9a8,per_d5c1925c0b6f510d70ea,96,STEFEN JUERG,STEFFEN JUERG
per_a5a7dd4c713b6de14ff3,per_d6c6c61858b741a55317,96,STOKES MATHEW,STOKES MATTHEW
per_3d335e9304a131ca5eba,per_16c83a1b74ac6c74e3a5,96,STOKES MATTEW,STOKES MATTHEW
per_3d335e9304a131ca5eba,per_d6c6c61858b741a55317,96,STOKES MATTEW,STOKES MATTHEW
per_3d335e9304a131ca5eba,per_8666230861f8727c8ac0,96,STOKES MATTEW,STOKES MATTHEW
per_27075bb5ba4042da4510,per_a4ba7743b3f3ddea019c,96,SUCARDI AGUSTIN,SUCARI AGUSTIN
per_13f9384258cce870f871,per_5e1e7bdf39cf6c3f68c5,96,TADDEI FARFAM MARIA PAULA,TADDEI FARFAN MARIA PAULA
per_5cca89f886d77dcf9b2a,per_275beac9cd0cd081f3dd,96,TALAVERA BRAIAN,TALAVERA BRIAN
per_5cca89f886d77dcf9b2a,per_d4e25b9a91e7cf0db824,96,TALAVERA BRAIAN,TALAVERA BRIAN
per_0347e9d1f6fc3100524a,per_b34bfabd80cde0529d1f,96,TAPIA MARTIN,TAPIAN MARTIN
per_96ff284a6b5e63ba2478,per_b34bfabd80cde0529d1f,96,TAPIA MARTIN,TAPIAN MARTIN
per_aa450265df2cab2ca0c7,per_bc12b4e9ea4e02163996,96,TASARA PABLO,TASSARA PABLO
per_df2f238f6b9734b3b8fc,per_4bd95968471a523e7897,96,THOURTE FERNANDO,THOURTHE FERNANDO
per_df2f238f6b9734b3b8fc,per_a239375b9d7a28cf4504,96,THOURTE FERNANDO,THOURTHE FERNANDO
per_9fae9afda81460e30e76,per_4273d1a20b857d566c03,96,TORRES MARIA,TORRES MARINA
per_4be92fa856f423354c83,per_29dac4d2233b19f313de,96,TOUNIER JOSE,TOURNIER JOSE
per_b6f72475d208eeb65ed2,per_dbd39b48344d180318e2,96,TRAPA SEBASTIAN,TRAPPA SEBASTIAN
per_3c51bd8e62d0a0d929a3,per_48fc59f7b250df5f25ff,96,TULIO ALEJANDRO,TULLIO ALEJANDRO
per_3c51bd8e62d0a0d929a3,per_72bf905274e5bf00d844,96,TULIO ALEJANDRO,TULLIO ALEJANDRO
per_0a03556b76dea8cd8b1e,per_b51a23f698157661dfa8,96,VALLEJOS MEANA MARIA SOELDAD,VALLEJOS MEANA MARIA SOLEDAD
per_1c65e353ebc7e364dedd,per_9cc5a5ff580a78e468a6,96,VARAS NELSON,VARGAS NELSON
per_840b88eb71ba1485eacd,per_76523038d00b3cfb055f,96,VIALE JONATAN,VIALE JONHATAN
per_44f33735944500d74baf,per_76523038d00b3cfb055f,96,VIALE JONATAN,VIALE JONHATAN
per_3c91bbdfd1fcf18db4b4,per_fc7b2aba3c399fd7eec0,96,VIAS CONSTANZA,VINAS CONSTANZA
per_71f8ca7f17e5f6844f4d,per_ec5a0798c88d82508507,96,VILA MARIANO,VILAR MARIANO
per_edbc66d7305b5d0e8929,per_e2996e4a5630b8b0e83f,96,VILELA FERNANDO,VILELLA FERNANDO
per_edbc66d7305b5d0e8929,per_055313004bf92869af59,96,VILELA FERNANDO,VILELLA FERNANDO
per_b56c145c8b53ccdbe112,per_b5f83fa41dcdac66d710,96,VITOBELLO JULIO,VITTOBELLO JULIO
per_61154aed07f14b71b3ef,per_f99dd30e91ba7ab3024b,96,W ERTEIN GERARDO,W ERTHEIN GERARDO
per_21ef56b20167dc1f9044,per_18bf394a4e727eeafb9f,96,WALDIMAN FABIAN,WALDMAN FABIAN
per_acaa24eaa33776a6e42d,per_18bf394a4e727eeafb9f,96,WALDIMAN FABIAN,WALDMAN FABIAN
per_f03eb337a31f4b2247b0,per_868c4dbf038ea96ce285,96,WERTEIN GERARDO,WERTHEIN GERARDO
per_f03eb337a31f4b2247b0,per_b652f01580a50d6fc6c1,96,WERTEIN GERARDO,WERTHEIN GERARDO
per_484a11fc3acad367ad22,per_c0d32797261606227b11,96,WINOGRAD ARIEL,WINOGRAND ARIEL
per_9085dcb64c1aed6d5a1c,per_42c230f5862e1815066b,96,YAMAHUCHI HIROSHI,YAMAUCHI HIROSHI
per_920e4927f899ebdb94b8,per_05c1d65d1c2cd2232b3f,96,ZILIOTTO SERGIO,ZILOTTO SERGIO
per_b9818d4b7573b9e7c9be,per_ab5af8c342da5a4f100f,95,ACOSTA JORGE,COSTA JORGE
per_b9818d4b7573b9e7c9be,per_b207b75820be976fa708,95,ACOSTA JORGE,COSTA JORGE
per_98355f5f9fae5c985e9f,per_b3cfbab2c0bf989354c5,95,ACOSTA PABLO,COSTA PABLO
per_cabc68eeacab7f4ecf0c,per_d6c7d3ee801633721248,95,ALEJANDRO SCHAPAVALOF,ALEJANDRO SCHAPOVALOF
per_e0bf54ac899eb6556c49,per_6761db481f36994c7906,95,ALVAREZ FELIX ROBERTO,ALVAREZ FELIZ ROBERTO
per_b48f7edfb0800240d6e1,per_a6128b223a5d4abfa0cc,95,AMENDOLAGGINE JULIAN,AMENDOLAGGIRE JULIAN
per_b48f7edfb0800240d6e1,per_27e0f1b10800aaf8aa65,95,AMENDOLAGGINE JULIAN,AMENDOLAGGIRE JULIAN
per_c09d3d3aa228909baae1,per_2f24014bc83cc5a76ae0,95,ARCE MARIANA,ARCE MARINA
per_7e196ab20577a95dbdc5,per_e803b061c9cf3dc601b4,95,ARMELINDO VICTOR HUGO,ARMELLINO VICTOR HUGO
per_9745bd8f3fa5f96d7cf2,per_c7841a6bbde64e65a68e,95,AZUMENDI FRANCISCO JOSE,AZUMENDI FRANCSICO JOSE
per_250b08f0063f36d58dad,per_a49ca1524b1fb314cc6b,95,BANULZ IVAN EZEQUIEL,BANXXULZ IVAN EZEQUIEL
per_3a9ec95ac5f999a42770,per_197eee4a88f526d1e42b,95,BELDIK MARIANO JAVIER,BELDYK MARIANO JAVIER
per_463dbe8310e0b82c6463,per_197eee4a88f526d1e42b,95,BELDIK MARIANO JAVIER,BELDYK MARIANO JAVIER
per_002471356c76c996ef4e,per_67d53696e22d393adfe4,95,BENEGAS LIYCH JOAQUIN,BENEGAS LYNCH JOAQUIN
per_21eabe2ec7c119046423,per_db654c3d48fb5b55913b,95,BENNETT BARRY PATRICK,BENNETT BARRY PATRYCK
per_0fb338a2de1f1bcd530d,per_696531da51967b568d32,95,BLOJ SEBASTIAN PEDRO,BLOJ SENASTIAN PEDRO
per_c760aeafa83c6bf04810,per_1d08b84f39879ae19496,95,BONGIOVANNI ALEJANDRO,BONVIOVANNI ALEJANDRO
per_ebef043c2f3127023a70,per_680f2cc396a501d1d34c,95,BRACOMONTE JORGE ALBERTO,DRACOMONTE JORGE ALBERTO
per_50cf37c9c35ace5b9255,per_a0f290bd90fe9391a0c9,95,BUSTOS BERCMANN LUCAS,BUSTOS BERGMANN LUCAS
per_38fad8fde139142765fb,per_ef87c2507237d95b0e20,95,CARRERA BAITLER SANTIAGO PEDRO,CARRERA SAITLERR SANTIAGO PEDRO
per_e70ad3c12bfe23ac3178,per_f9548b81d22819ad0750,95,CHAER DIEGO,CHAHER DIEGO
per_e70ad3c12bfe23ac3178,per_befab99a622cd8b4a363,95,CHAER DIEGO,CHAHER DIEGO
per_d3e3de7919231265ef16,per_8cd54f07808ffad3c188,95,COCERES JUAN ALBERTO,COSERES JUAN ALBERTO
per_481e960c33e56c1d3b19,per_80efa903492e4eeb0a50,95,CURBELO SANCHEZ OSCAR,SANCHEZ CRUBELO OSCAR
per_9c0449cbb3f26a115b4a,per_3c59ea95d6c0b55ed730,95,DAER HECTOR,DAHER HECTOR
per_c1b2ef77cb59f5173c38,per_2791014e58775866399f,95,DAVID GUSTAVO DAMIAN,DAVIS GUSTAVO DAMIAN
per_0baabc77da140a26ed35,per_2791014e58775866399f,95,DAVID GUSTAVO DAMIAN,DAVIS GUSTAVO DAMIAN
per_1c26c9185cd3d6283312,per_6eda06c1f617b2220f18,95,DIAZ LUCIA,DIAZ LUCILA
per_5d95020f575fb8786e8e,per_6bd658bcaaa35b763c8b,95,DIAZ VILLAGRA ROMINA,DIEZ VILLAGRA ROMINA
per_5d95020f575fb8786e8e,per_a94e0da15db4e3900e77,95,DIAZ VILLAGRA ROMINA,DIEZ VILLAGRA ROMINA
per_6ade46e05acd3e2dc2ba,per_09a2bacbd5c140864e07,95,EMA NICOLAS,EMMA NICOLAS
per_6ade46e05acd3e2dc2ba,per_509862c43312ad93b8de,95,EMA NICOLAS,EMMA NICOLAS
per_286c73b3e744cdd10362,per_47c1bb3df168fe658448,95,ESCOBEDO CLAUDIA ANAHI,ESCOBEDO CLAUDIA ANAHIES
per_b4616cf7c0c60c726ad0,per_40f08bf18aec6af7b724,95,FEIJO JORGE,FEIJOO JORGE
per_ab57059b099e81888589,per_f58a1ee1b8c8a93bbb75,95,FERNANDEZ JUAN IGNACIO,HERNANDEZ JUAN IGNACIO
per_090193350489d59cb5bf,per_a691743feda4a17213f3,95,FLUCK GISELLE RAQUEL,FLUK GISSELLE RAQUEL
per_054167a3ee0bfc2ae4c1,per_ff44cd4a89c22349ff31,95,FRISONE HERNAN MIGUEL,FRIZONE HERNAN MIGUEL
per_a1616c31e80c0a725563,per_9f60f5c8163a071337bd,95,FUCKS ANDRE,FUKS ANDRE
per_9f60f5c8163a071337bd,per_32fac47e4da3657feebd,95,FUKS ANDRE,FUKS ANDRES
per_8e0a60ed9211f80e2073,per_2f264534aa35fdb151bd,95,GALLIND JUAN IGNACIO,GALLINO JUAN IGNACIO
per_8e0a60ed9211f80e2073,per_92c48b7c16863c11a5ca,95,GALLIND JUAN IGNACIO,GALLINO JUAN IGNACIO
per_043267248f94e6f544ac,per_516c1dd7dbea5bb5b178,95,GARRO JULIO,GARROS JULIO
per_28f6696965a22b6109dc,per_516c1dd7dbea5bb5b178,95,GARRO JULIO,GARROS JULIO
per_c677024a5730a9454501,per_6f8dd507bcfbe55d5541,95,GORINI MARA,GORINI MARIA
per_c677024a5730a9454501,per_c78bb8a66e3a34f67956,95,GORINI MARA,GORINI MARTA
per_eb07c4c5d1a73510edc6,per_559f317aee64e9a84562,95,GRECCO PABLO,GRECO PABLO
per_eb07c4c5d1a73510edc6,per_21f6b80e9934d8937302,95,GRECCO PABLO,GRECO PABLO
per_29a35f6cb06d871af0e6,per_3a9682174288bc39fb1b,95,IACOMINO SERGIO GABRIEL,IACOVINO SERGIO GABRIEL
per_29a35f6cb06d871af0e6,per_f2fcf6466ca3f83d1472,95,IACOMINO SERGIO GABRIEL,IACOVINO SERGIO GABRIEL
per_810a541f3cac04c8a053,per_31a55f5a9b0560dbbd0d,95,JORGE FEIJO,JORGE FEIJOO
per_54b2e8f0397894ac34e8,per_4b99586755f1328c7ba3,95,KANDI ELIAS,KANDIN ELIAS
per_e50b0aafcf165b45a6dc,per_421e13da97a30cdeee71,95,KEER WALTER,KER WALTER
per_421e13da97a30cdeee71,per_4f0c9e920ab445250428,95,KER WALTER,KERR WALTER
per_421e13da97a30cdeee71,per_b28556979683f53de3b7,95,KER WALTER,KERR WALTER
per_bc45ebee355a789834fd,per_af37e836b1d5845900c6,95,KVECK PETER,KVEK PETER
per_bc45ebee355a789834fd,per_ba3e77325527a5007a72,95,KVECK PETER,KVEK PETER
per_cbec7de1c3785751314c,per_0a0285c10bd6d0403b25,95,LACH LUCAS,LLACH LUCAS
per_cbec7de1c3785751314c,per_14a7779e3e702f87f5ec,95,LACH LUCAS,LLACH LUCAS
per_6db999f211138a8892e9,per_bc80cdcb0bd46a8bf338,95,LANDA ANDRES GUSTABO,LANDA ANDRES GUSTAVO
per_f3191cfa08b2fe6a9264,per_8af1b54c2b4ece3c17ad,95,LESCANO MARIA GLADIS,LEZCANO MARIA GLADIS
per_2c0fa5bfcc8a23fa8985,per_4e84b078ba148a67d540,95,LEW LEANDRO,LEW LEANDROL
per_2c0fa5bfcc8a23fa8985,per_db88011b2468f2042065,95,LEW LEANDRO,LEW LEANDROL
per_3c6dce1a23afe336cbc7,per_f42312d25992c91f655f,95,MACONE JOSE,MARCONE JOSE
per_80bcb8714685159cca64,per_b56c51ae1b777d1176f1,95,MARIN JUAN,MARTIN JUAN
per_b56c51ae1b777d1176f1,per_dc1ef528fffb6e0941a8,95,MARTIN JUAN,MARTINI JUAN
per_fbd45c432eb99d9815ea,per_930ff7a839e12a51f6fa,95,MARTIN MIGUEL ANGEL,MARTINEZ MIGUEL ANGEL
per_8ec0a48d3fff2b0696ea,per_21cdf58d0acc359bbebb,95,MARTINEZ PONCE W ALTER EZEQUIEL,MARTINEZ PONCE WALTER EZEQUIEL
per_133026e48ea8d53029d0,per_5ad9932d880568ed4458,95,MARX DANIEL,MARX DANIERL
per_a32bac1d184456d43ee7,per_288b96371a904d924c52,95,MDINA SOFIA,MEDINA SOFIA
per_13047feaa3f3cf5844f3,per_63e642f3fdad522cb81a,95,METRAGLIA DANIEL EDUARDO,PETRAGLIA DANIEL EDUARDO
per_8577c6608b885411723f,per_b7a9646f7c337f5f8b1d,95,MORBIDUCCI JUAN CARLOS,MORIBIDUCI JUAN CARLOS
per_14890945868277ca116b,per_b51c13d22dd8f98b5a3e,95,MULLER LUCA,MULLNER LUCA
per_a56b97dfb0bfe58da20e,per_8c10169384d03dfef6f8,95,MUNOZ LAURA PATRICIA,MUNXXOZ LAURA PATRICIA
per_48711b08acc27c4144d6,per_8c10169384d03dfef6f8,95,MUNOZ LAURA PATRICIA,MUNXXOZ LAURA PATRICIA
per_1bab000bab929e3658e6,per_df0cc31456b5624ada67,95,NADAL ROMAI,NADAL ROMAIN
per_e5b6914d20e1416aee9d,per_45d710c2ed58aec3357a,95,NUEZ ALEJANDRO MARTN,NUNEZ ALEJANDRO MARTIN
per_58d743a3ca1f170d0f87,per_c8a8e4152e7ee0efc15f,95,NUNEZ JOAQUIN DARIO,NUNXXEZ JOAQUIN DARIO
per_24b36095dfd6e0ba5577,per_6a6f1f411fc159de515e,95,ORDONEZ JUAM BAUTISTA,ORDONEZ JUAN BAUTISTA
per_c24ac866be6c7775b17c,per_12bdadc2b415408c8752,95,ORELLANA MIGUEL GASTON,ORELLANA MIGUEL GASTON00
per_769df9ca2c76887c6fc5,per_12bdadc2b415408c8752,95,ORELLANA MIGUEL GASTON,ORELLANA MIGUEL GASTON00
per_5c5b18d5ce90877f409d,per_ba249ca59a5dee85a154,95,PETRI LUIS,PIETRI LUIS
per_8c5a3dc752a5499149c6,per_ba249ca59a5dee85a154,95,PETRI LUIS,PIETRI LUIS
per_eb28a9b661f58df654e6,per_43bc25423b013997b03b,95,RAMIRAZ MARIA DEL PILAR,RAMIREZ MARIA DEL PILAR
per_eb28a9b661f58df654e6,per_48b4a44be93000524fb0,95,RAMIRAZ MARIA DEL PILAR,RAMIREZ MARIA DEL PILAR
per_5d7ebec1bf7c78a8d08c,per_c3b34144b3781deb629e,95,RAMONS JOSE,RAMOS JOSE
per_c97934eb914fca50ea5b,per_fa418cb0c6471894d966,95,REA MARINA,RELA MARINA
per_c97934eb914fca50ea5b,per_c4ce6c08bbfc6dfd069a,95,REA MARINA,RELA MARINA
per_b5a286807366bb92b9b4,per_be01d6a697fc05b5b90a,95,ROUILLET MARIA JOSEFINA,ROULLET MRIA JOSEFINA
per_c019e1b6f9307102794a,per_38df6d5fe980b256b9e7,95,ROZICHTNER ALEJANDRO,ROZITCHNER ALEJANDRO
per_c019e1b6f9307102794a,per_55f04bda17e7089b2793,95,ROZICHTNER ALEJANDRO,ROZITCHNER ALEJANDRO
per_640c97865aac0a5bf67c,per_84c5e4e9e20becaa3e03,95,RUIZ LAFUENTE CARLOS,RUIZ LAPUENTE CARLOS
per_e5f4a40bdfea8146579a,per_f4d4a5b407ed502f5a3b,95,SAABEDRA ALBERTO DANIEL,SAAVEDRA ALBERTO DANIEL
per_80efa903492e4eeb0a50,per_488a45df83cb468ac0d3,95,SANCHEZ CRUBELO OSCAR,SANCHEZ CURBELO OSCAR
per_22bdcaf9d4b99df43990,per_40e81035c2151eeec0d5,95,SELECKI IAN,SIELECKI IAN
per_82680eb516ceac339ead,per_c034d0981313834f7cd8,95,SILVEYRA KAREN SOLEDAD,SILVEYRA KEREN SOLEDAD
per_ddcbf27b3ab7a7d52136,per_6e2d9b19ab13a808c12f,95,SPAGNUOLO DIEGO ORLANDO,SPAGNUOLO DIEGO ORLANGO
per_0c69d8a57fbc906645b5,per_6e2d9b19ab13a808c12f,95,SPAGNUOLO DIEGO ORLANDO,SPAGNUOLO DIEGO ORLANGO
per_ddcbf27b3ab7a7d52136,per_84eb2741f653f95fca94,95,SPAGNUOLO DIEGO ORLANDO,SPANGUOLO DIEGO ORLANDO
per_0c69d8a57fbc906645b5,per_84eb2741f653f95fca94,95,SPAGNUOLO DIEGO ORLANDO,SPANGUOLO DIEGO ORLANDO
per_6dd08d164b4f4718f407,per_bf390caa301db0a3c1c2,95,SPRINGLI CASPAR ADRIAN,SPRUNGLI CASPAR ADRIAN
per_8de9a0d90d81e37e111f,per_bd3cd2b794490ff36946,95,STARC PAUL,STARC PAULO
per_ac42eeba7eea63bafde4,per_d9018aa6175318a0b922,95,STUEZENEGGER FEDERICO,STURZENEGGER FEDERICO
per_ac42eeba7eea63bafde4,per_f10faaace58b330d2b67,95,STUEZENEGGER FEDERICO,STURZENEGGER FEDERICO
per_ac42eeba7eea63bafde4,per_03b9c467b1e8987b53cd,95,STUEZENEGGER FEDERICO,STURZENEGGER FEDERICO
per_58e53c41a56b77c2ea95,per_f60445778e95faf2ca92,95,STURZENEGER FEDERICO,STURZENEGGER FEDERIO
per_58e53c41a56b77c2ea95,per_260d502a24a031ce9a47,95,STURZENEGER FEDERICO,STURZENGGER FEDERICO
per_58e53c41a56b77c2ea95,per_458eef600173aaea6d39,95,STURZENEGER FEDERICO,STUZENEGGER FEDERICO
per_d9018aa6175318a0b922,per_8637aa089df43c71de71,95,STURZENEGGER FEDERICO,STURZENEGUER FEDERICO
per_f10faaace58b330d2b67,per_8637aa089df43c71de71,95,STURZENEGGER FEDERICO,STURZENEGUER FEDERICO
per_03b9c467b1e8987b53cd,per_8637aa089df43c71de71,95,STURZENEGGER FEDERICO,STURZENEGUER FEDERICO
per_d9018aa6175318a0b922,per_deabf2eb28f8e552ff57,95,STURZENEGGER FEDERICO,STURZENNEGER FEDERICO
per_f10faaace58b330d2b67,per_deabf2eb28f8e552ff57,95,STURZENEGGER FEDERICO,STURZENNEGER FEDERICO
per_03b9c467b1e8987b53cd,per_deabf2eb28f8e552ff57,95,STURZENEGGER FEDERICO,STURZENNEGER FEDERICO
per_d9018aa6175318a0b922,per_69c98840734f3216cd31,95,STURZENEGGER FEDERICO,STURZZENEGER FEDERICO
per_f10faaace58b330d2b67,per_69c98840734f3216cd31,95,STURZENEGGER FEDERICO,STURZZENEGER FEDERICO
per_03b9c467b1e8987b53cd,per_69c98840734f3216cd31,95,STURZENEGGER FEDERICO,STURZZENEGER FEDERICO
per_f60445778e95faf2ca92,per_260d502a24a031ce9a47,95,STURZENEGGER FEDERIO,STURZENGGER FEDERICO
per_f60445778e95faf2ca92,per_458eef600173aaea6d39,95,STURZENEGGER FEDERIO,STUZENEGGER FEDERICO
per_8637aa089df43c71de71,per_deabf2eb28f8e552ff57,95,STURZENEGUER FEDERICO,STURZENNEGER FEDERICO
per_8637aa089df43c71de71,per_69c98840734f3216cd31,95,STURZENEGUER FEDERICO,STURZZENEGER FEDERICO
per_260d502a24a031ce9a47,per_458eef600173aaea6d39,95,STURZENGGER FEDERICO,STUZENEGGER FEDERICO
per_deabf2eb28f8e552ff57,per_69c98840734f3216cd31,95,STURZENNEGER FEDERICO,STURZZENEGER FEDERICO
per_19affce8e4256d745b52,per_1091cdaf8ef57953a0ec,95,TADDEI FARFAN MARIA PAULA SUB SEC PLANEAMIENTO ESTRATEGICO DE LEGAL Y TEC,TADDEI FARFAN MARIA PAULA SUBSEC DE PLANEAMIENTO ESTRATEGICO DE LEGAL Y TEC
per_cd08a1eca6528da5d998,per_c050989687ea3e04ee95,95,TOLABA MIRIAM ROXANA,TOLABA MYRIAM ROXANA
per_4bc1b9ca0396da89f935,per_9fae9afda81460e30e76,95,TORRE MARIA,TORRES MARIA
per_d82bb28a85b5e3272e8d,per_38bf6dd23c75b7c2bd71,95,TREBUCO ESTEBAN MARCOS,TREBUCQ ESTEBAN MARCOS
per_d82bb28a85b5e3272e8d,per_eb731b417f42046f6403,95,TREBUCO ESTEBAN MARCOS,TREBUCQ ESTEBAN MARCOS
per_1f2b38359396a64197b1,per_44b61847509bfea1c190,95,TUNEZ GABRIEL IGNACIO,TUNXXEZ GABRIEL IGNACIO
per_d87ab83f4819391f6056,per_44b61847509bfea1c190,95,TUNEZ GABRIEL IGNACIO,TUNXXEZ GABRIEL IGNACIO
per_8b743458de4fdd10c0dd,per_11835ae2f666fbc9ab90,95,VIERA LUCIA,VIERA LUCILA
per_860e750cc2bcc97ed2f7,per_11835ae2f666fbc9ab90,95,VIERA LUCIA,VIERA LUCILA
per_6925c73aae40f5ae730b,per_ead99e508719df5766de,95,WOLF WALDO,WOLFF WALDO
per_6925c73aae40f5ae730b,per_43dd9b27f2d1ed20fadf,95,WOLF WALDO,WOLFF WALDO
per_8546520333a2b6dbca1d,per_c4f13e36f83a823d3f60,95,YONGSOO LEE,YOONGSOO LEE
per_a1b48490a87084f900a4,per_bc8627641081880e4dab,95,ZAPATA FANNY,ZAPATA FANY
per_f77b2c996262e5e0573e,per_39b1d8bae19f0a726eb4,95,ZICAVO MARIA FLORENCIA,ZIVAVO MARIA FLORENCIA
per_b592e8944ade167acb7a,per_3ed3675e5037eb7e9b26,94,ALMIRON CLAUDIO LISANDRO,ALMIRON CLAUDIORON LISANDRO
per_97c2a896480a3463479c,per_6d4aa9854d5f4f02d25b,94,ANGELETTI BETTINA,ANGELLETTI BETINA
per_cdf465d1903af25031dd,per_6d4aa9854d5f4f02d25b,94,ANGELETTI BETTINA,ANGELLETTI BETINA
per_47de628a56d883ae08aa,per_f28311537c3fcb359b3d,94,AUGUADRA CRISTIAN,AUGUARDA CRISTIAN
per_096a52e724b2b35fefea,per_35dc8fb4cba8d551abe4,94,BESTANI FRANCISCO,BESTIAN FRANCISCO
per_b39b3a77831ba7f5ec30,per_ad4571daca6f6986c713,94,BORDORONI GABRIEL,BORNORONI GABRIEL
per_b39b3a77831ba7f5ec30,per_e0e5474ff3ac77eeb359,94,BORDORONI GABRIEL,BORNORONI GABRIEL
per_50f286225333f8733092,per_533a2df831a7b9d40afb,94,BULLRICH PATRICIA,BULRRICH PATRICIA
per_76123be05883e27875ef,per_533a2df831a7b9d40afb,94,BULRRICH PARTICIA,BULRRICH PATRICIA
per_0713ec062112ad8ee9ed,per_c4241cbc09f84082f17d,94,CABANAS LUZ MARIBEL,CABANAZ LUZ MARIBEL
per_3be9e9ed76f5f07c0bd1,per_315357088e0e0fd65e96,94,CAMPODOMICO MATIAS,CAMPODONICO MATIAS
per_23675959701ee9a9e3b4,per_2272614bca08d6b40405,94,CARTANNILICA DANA,CATANINILICA DANA
per_6a5d3511ba6c2957ae70,per_6a0f3318f24f36370809,94,CARTEI JORGE HERNAN,CARTIE JORGE HERNAN
per_8cd9d2a0cbc4c4bb8702,per_3ad039177d268e8e5b3d,94,CASTANEIRA RAMIRO,CASTINEIRA RAMIRO
per_9e2a6d89beaf49ca87dd,per_fefd1f765ea3cfdf75f1,94,CECATI ALEJANDRO,CECCATTI ALEJANDRO
per_785336134dc44118b936,per_476fe97a0c8ee6e2667c,94,CICHILITTI ANA LAURA,CICHITTI ANA LAURA
per_dd67afdf765ec6832a99,per_914254e13476912333ef,94,COLLIA ALEJANDRO JAVIER,D ALEJANDRO JAVIER
per_4c867f05601f6e07a5b8,per_3b797418374f4a883679,94,COLOMBO ALAJANDRO,COLOMBO ALEJANDRO
per_4c867f05601f6e07a5b8,per_338b0260f536a2c0d11b,94,COLOMBO ALAJANDRO,COLOMBO ALEJANDRO
per_7b41bfdeff801a36cd6f,per_8ba3cdbbcc562a6ebea2,94,CORE JUAN CARLOS,CORREA JUAN CARLOS
per_914254e13476912333ef,per_1ca119a2658dcfa3919c,94,D ALEJANDRO JAVIER,GUTIERREZ ALEJANDRO JAVIER
per_914254e13476912333ef,per_bfb9042cb13a8b558676,94,D ALEJANDRO JAVIER,LAZAR ALEJANDRO JAVIER
per_914254e13476912333ef,per_aac0228baefa57649102,94,D ALEJANDRO JAVIER,PISAREV ALEJANDRO JAVIER
per_914254e13476912333ef,per_a5b19140fc3bfcb48011,94,D ALEJANDRO JAVIER,SILVA ALEJANDRO PABLO JAVIER
per_6d796a1c287a5909d1b0,per_24b7c2782a5cfa38d197,94,D ALESSIO SEBASTIAN HORACIO,DALESSIO SEBASTIAN HORACIO
per_5f5cf942322c60e5159b,per_fd10aa94458b8c412551,94,DE LORENZI MARIANO,DI LORENZI MARIANO
per_2493834ab6bdae57e440,per_ae8781789398cb9b873b,94,DE MARTINO FERNANDO,DI MARTINO FERNANDO
per_b3cb0a5e92aa7f927bb7,per_1532db312a74627eed2b,94,DELORENZI MARIANO,DILORENZI MARIANO
per_1f1850d411cc084602d0,per_1532db312a74627eed2b,94,DELORENZI MARIANO,DILORENZI MARIANO
per_7805d893f8c60360d999,per_d0a33cbd6c491b5f1fed,94,DESTEFANO FERNANDEZ GEORGINA,FERNANDEZ DETAFANO GEORGINA
per_1bf9a140efca4e43b1fc,per_a0b898393af29bde0c5c,94,DI CRESCE CONSTANZA,DI CRESCE COSNTANZA
per_028b9bcc91dc64107412,per_c4f66ee047261629cc77,94,ETERIVICH LUCRECIA,ETEROVICH LUCRECIA
per_5b41a4b25ac902657411,per_c4f66ee047261629cc77,94,ETERIVICH LUCRECIA,ETEROVICH LUCRECIA
per_9a0e3e369149b8266b03,per_d0a33cbd6c491b5f1fed,94,FERNANDEZ DESTEFANO GEORGINA,FERNANDEZ DETAFANO GEORGINA
per_30f6aeaec8b9f7949748,per_ad887ef099cd58270b49,94,FERNANDEZ EMILIA,FERNANDEZ EMILIANO
per_49b3d0599a767b106830,per_ff5c4f2665822a53cd20,94,FERNANDEZ MARCELO,HERNANDEZ MARCELO
per_abcab4ae0425daa25a11,per_ff5c4f2665822a53cd20,94,FERNANDEZ MARCELO,HERNANDEZ MARCELO
per_558745c9ed7067de4662,per_b569854c93eefe3e9cff,94,FERRARO GUILLERMO,FERRERO GUILLERMO
per_4b3afad5d9a54fe662f3,per_45a63327b70c717f1fca,94,FERRER ALEJANDRO,FERREYRA ALEJANDRO
per_728c8452b20bd7c69816,per_c70dbd471b3433870098,94,FRANCO OSCAR RAMAN,FRANCO OSCAR RAMON
per_3af446e88349b15401f4,per_2c33446a07764d65fe93,94,GALLI JUAN MANUEL,GALLO JUAN MANUEL
per_3af446e88349b15401f4,per_907bad7c75bb54a9a561,94,GALLI JUAN MANUEL,GALLO JUAN MANUEL
per_248d083b53c798bd0925,per_17434b0f8a6196b40358,94,GIMENEZ JUAN RAMON,GIMINEZ JUAN RAMON
per_38f6d48f7e1d2e609d0e,per_b0f6775191f521fc6a3c,94,GONZALES CRISTIAN,GONZALEZ CRISTIAN
per_5709496756610b37b789,per_67aa3d4f2b817b787f5a,94,GONZALES FLORENCIA,GONZALEZ FLORENCIA
per_5709496756610b37b789,per_d8cad139a3c618e81e02,94,GONZALES FLORENCIA,GONZALEZ FLORENCIA
per_06ca35f7e6be3f1123fe,per_c02818dc1c269a8df09d,94,GONZALES LEONARDO,GONZALEZ LEONARDO
per_ef4a0861b45c8b8f3327,per_3c7f96c29e393a94df3a,94,GONZALEZ SANRIAGO,GONZALEZ SANTIAGO
per_c3009b640e7693bf2669,per_2cfbf047cdb1c95ad5f6,94,HART VIVIANA ALBA,HART VIVIANA ALVA
per_8aceecbe6d670c17e0c4,per_f9765e5da3eb21330da7,94,HORTA SOLANO HERNAN,HORTA ZOLANO HERNAN
per_5533d59ee77260d23e44,per_c1fb44be81cab50bf916,94,INCHAUSPE SEBASTIAN,INCHAUSTE SEBASTIAN
per_2e163549a61c4648e06b,per_f8ec4a8d2d81c9d6b656,94,JACOBUCCI IGNACIO,YACOBUCCI IGNACIO
per_2e163549a61c4648e06b,per_92a5f80a90118fd1505d,94,JACOBUCCI IGNACIO,YACOBUCCI IGNACIO
per_5156e8165f2629095aec,per_92a5f80a90118fd1505d,94,JACOBUCCI IGNACIO,YACOBUCCI IGNACIO
per_bcdc5a4e460b1443a13f,per_af857c771f93c66169fb,94,KARSTEN ERIC WALTER,KARSTEN ERIK WALTER
per_dbbd6232d602ca939d2d,per_160d198bd7cf989e116b,94,KEER WALTER CARLOS,KERR WALTER CARLOS
per_b01530f01696d9e63d93,per_339eb9b2fa65cd2bb855,94,LARINO BRAIAN JORGE,LARIO BRIAN JORGE
per_81a528312f2e344c0070,per_1b94d3da4d3a5ef9dad3,94,LI RUNQI,LI RUNQUI
per_581b25b4ca78f41ee958,per_76f2cd2cf08201af742f,94,LLANOS VILLAPARDO MARIBEL,LLANOS VILLARPANDO MARIBEL
per_29d87d3bc537f53dbfe7,per_cafb82c00a14f59304f3,94,LUCENTINI FABRICIO,LUCENTINI FABRIZIO
per_29d87d3bc537f53dbfe7,per_6fcae8c0aa56917a5e04,94,LUCENTINI FABRICIO,LUCENTINI FABRIZIO
per_29d87d3bc537f53dbfe7,per_0b85fd2dd8b34b36a826,94,LUCENTINI FABRICIO,LUSENTINI FABRICIO
per_eb46b378853735837b0d,per_92c58fb8beb74aa23011,94,MALINOSWSKI ROBERTO ANTONIO,MALINOW SKI ROBERTO ANTNIO
per_e8bfc1886340528b402b,per_8e3aa597ac0e8f540139,94,MARINO JUAN CARLOS,MARTIN JUAN CARLOS
per_ef8183d1d6d8d764973c,per_c4edde19163718499ce0,94,MARTELETI CRISTIAN,MARTELLETTI CRISTIAN
per_b2bdc4ba8ff9aa22c76b,per_40501adab0098aa93887,94,MARTIN SEBASTIAN,MARTINEZ SEBASTIAN
per_b2bdc4ba8ff9aa22c76b,per_e303dd8d2d33a4786649,94,MARTIN SEBASTIAN,MARTINEZ SEBASTIAN
per_8df484e6eb586e6705c5,per_1bf4370922edf609ae43,94,MENDEZ JUAN MANUEL,MENENDEZ JUAN MANUEL
per_56545a67dfbfc15e3e05,per_dd144a7c96112775297d,94,MENDIBURO NATALIA,MENDIBURU NATALIA
per_42e2c2e8878e7c1f3ed4,per_b20c93c6b0fd3d0eeed0,94,MISRAHI FLORENCIA,MISROHI FLORENCIA
per_18ef1760e72339cbdf15,per_b20c93c6b0fd3d0eeed0,94,MISRAHI FLORENCIA,MISROHI FLORENCIA
per_42e2c2e8878e7c1f3ed4,per_e3dbf22d9aa2b2f0379f,94,MISRAHI FLORENCIA,MIZRAHI FLORENCIA
per_18ef1760e72339cbdf15,per_08694931c8c6b9b7d408,94,MISRAHI FLORENCIA,MIZRAHI FLORENCIA
per_18ef1760e72339cbdf15,per_e3dbf22d9aa2b2f0379f,94,MISRAHI FLORENCIA,MIZRAHI FLORENCIA
per_59692befbdaae28403da,per_b05aa73a043141758be5,94,MOREIRA ALEJANDRO,MOREYRA ALEJANDRO
per_b5765523a514bfc9516e,per_4f378fbb3abf52a6aefa,94,NEVES SOUZA RODRIGO,SOUSA NEVES RODRIGO
per_3efe5be024dde766e97d,per_a842844a47bee8453190,94,NIGHOSSIAN GUSTAVO,NIGOHOSIAN GUSTAVO
per_cdb1dee744244b515118,per_a842844a47bee8453190,94,NIGHOSSIAN GUSTAVO,NIGOHOSIAN GUSTAVO
per_e792b4795a80fbbb1a39,per_08d3c6c7a2f0ded4b344,94,NOEJOVICH FEDERICO,NOEJOVICV FEDERICO
per_81bec76be7b4ecf6057b,per_7f061ee779924b147945,94,PACIOS MARIA YAMILA,PASIOS MARIA YAMILA
per_81bec76be7b4ecf6057b,per_7968f3f5fa4b32247fd1,94,PACIOS MARIA YAMILA,PASIOS MARIA YAMILA
per_1d70737ffafdb68dacbb,per_ac7e4413705fac8151ff,94,PARTULANNE GUSTAVO,PATURLANNE GUSTAVO
per_80a094908d3a31e4d067,per_ac7e4413705fac8151ff,94,PARTULANNE GUSTAVO,PATURLANNE GUSTAVO
per_3082deeadb81c85f3f1b,per_b2f0d349f1b64a02554f,94,PASCUALINI CLAUDIO,PASQUALINI CLAUDIO
per_61e9c876dd085af3409a,per_69822fbbb0cf8d235c42,94,PASO JUAN ALBERTO,PAZO JUAN ALBERTO
per_be0eca03ade396b56bce,per_6a36501613bfebcf8ef9,94,PATRCIK VIGILESPIE,PATRICK VIGILESPIE
per_d5e915f5073b194aa344,per_6a36501613bfebcf8ef9,94,PATRCIK VIGILESPIE,PATRICK VIGILESPIE
per_b1ca664dba3cd9f97178,per_cccb03824b30fe2a4878,94,PELLERANO LUISANA,PELLERANO LUISINA
per_907f15e59f946e0ba39b,per_750bd0964402b90a6df3,94,PEREIRA JUAN CARLOS,PEREYRA JUAN CARLOS
per_76272076be91bb026d99,per_ff38ce6f195811835d0d,94,PERSCHEK FRANCISCO,PETSCHEK FRANCISCO
per_9a6d55ada6ea06d69375,per_ff38ce6f195811835d0d,94,PERSCHEK FRANCISCO,PETSCHEK FRANCISCO
per_06f1f59207e938161e19,per_5c5b18d5ce90877f409d,94,PETR LUIS,PETRI LUIS
per_06f1f59207e938161e19,per_8c5a3dc752a5499149c6,94,PETR LUIS,PETRI LUIS
per_fa1ffea20f0034a4369c,per_3013ed388c493c90e666,94,PETTOBELLO SANDRA,PETTOVELLO SANDRA
per_fa1ffea20f0034a4369c,per_847aed808eb61730c51b,94,PETTOBELLO SANDRA,PETTOVELLO SANDRA
per_0489df0f2b48e1552749,per_d6ad79a82019629f68a2,94,POJMAEVICH FERNANDO,POJMALVICH FERNANDO
per_ee348a73950640eedc1c,per_e1127bfb6d1a9c549b7c,94,RIOS CYNTHIA PAOLA,RIOS CYNTHIA PAULA
per_8724db8fd78739debc85,per_e1127bfb6d1a9c549b7c,94,RIOS CYNTHIA PAOLA,RIOS CYNTHIA PAULA
per_e2e92b8a3a531b1b773d,per_2a44b05f5aee9f147c36,94,RODRIGUEZ ALEJANDRA,RODRIGUEZ ALEJANDRO
per_aaca0c5be275c8d9635b,per_2a44b05f5aee9f147c36,94,RODRIGUEZ ALEJANDRA,RODRIGUEZ ALEJANDRO
per_de65ae28d68bfe4b563d,per_a8bff509a80f48c36ccd,94,RODRIGUEZ BAETTINI MARIA SOL,RODRIGUEZ BATINNI MARIA SOL
per_bea04d2ce54a182a8af0,per_46dac00cafdafc98313c,94,ROSS JUAN,ROSSO JUAN
per_a9d965e5db3a6ec4872a,per_49957c4153ad2306be30,94,ROUCO TOMAS MATIAS,RUOCO TOMAS MATIAS
per_82116f08dfd93fec559a,per_195c9f5d341aac290029,94,SALABERRY MARIANA,SALABERRY MARIANO
per_33b19a47e0d9b6099d3d,per_0a3a9dec8b6b2827c994,94,SALAZAR ALEJANDRA,ZALAZAR ALEJANDRA
per_5876784d93a0ff6c030a,per_eca8fa28e4e46bea5deb,94,SALORD JUAN MANUAL,SALORD JUAN MANUEL
per_81ef3b83635e9e370bc2,per_3f4b1228050ff512d7ca,94,SANCHEZ MANCELINA,SANCHEZ MARCELINA
per_81ef3b83635e9e370bc2,per_6e0edb688d61899f82a3,94,SANCHEZ MANCELINA,SANCHEZ MARCELINA
per_e4b98b4990c11d0f7f27,per_0859000ee4ae96195e51,94,SANTIUSE LEONARDO,SANTUISE LEONARDO
per_3daf176236fac1718408,per_a8222195860d4cbd6b05,94,SANTIUSTE LEONARDO,SANTUISTE LEONARDO
per_3daf176236fac1718408,per_87ce76028b8c57e6b093,94,SANTIUSTE LEONARDO,SANTUISTE LEONARDO
per_21e2c30a6464bdebbcd8,per_87ce76028b8c57e6b093,94,SANTIUSTE LEONARDO,SANTUISTE LEONARDO
per_a25770be47d171996e8c,per_223723ed03ae4c6f9b5f,94,SARUBBI MARTIN LUIS,SURUBBI MARTIN LUIS
per_7a35c913bc44d6174f73,per_107d0b50808b4460f2a9,94,SCAGLIONE GUSTAVO,SCAGRIONE GUSTAVO
per_31f197e6d2582ee73614,per_027d95cfd5b401742a5f,94,SPALINI VALENTIN,SPIALTINI VALENTIN
per_f5587bf72a59942a530d,per_af85c3fe1e39509e10d1,94,SUSBIELLES FEDERICO,SUSBRELLES FEDERICO
per_f5587bf72a59942a530d,per_263b8b1f7f675d4ee2d9,94,SUSBIELLES FEDERICO,SUSBRELLES FEDERICO
per_7dbb69f5b3adba506103,per_a4474e1c9d1bb239d384,94,VILARRUEL VICTORIA,VILLARUEL VICTORIA
per_514181ceca512ac247ee,per_518c09ea2818f647901e,94,ZAHANG JUN,ZHANG JUN
per_514181ceca512ac247ee,per_b1f1e25f2adb2436aa30,94,ZAHANG JUN,ZHANG JUN
per_cabc68eeacab7f4ecf0c,per_299a378fd6d94df91a0b,93,ALEJANDRO SCHAPAVALOF,ALEJANDRO SCHAPOVALOFF
per_ffa6d14e739b2c7356b1,per_658952591ecedeb57b1d,93,AMARE ALEJANDRO,AMARO ALEJANDRO
per_ffa6d14e739b2c7356b1,per_3257c8551b5771fb2e15,93,AMARE ALEJANDRO,MARES ALEJANDRO
per_5837e86a53d541772e16,per_93803aa50989f67794c1,93,AREVALO DEMARIS ABIGAIL,AREVALOS DAMARIS ABIGAIL
per_e4b1f79de6245f579937,per_cd4d38e8bc7c8d13b284,93,ATAUCHE EZEQUIEL,ATUACHE EZEQUIEL
per_d7a33d7d1dfe08e13372,per_cd4d38e8bc7c8d13b284,93,ATAUCHE EZEQUIEL,ATUACHE EZEQUIEL
per_939a902b515bb55c361c,per_c7dd0ea92c6169647e90,93,AVILA SEBASTIAN,VILLA SEBASTIAN
per_b30ec38331300ae34000,per_0cff142fa347825078c7,93,BAEZ SEBASTIAN,IBANEZ SEBASTIAN
per_9db34ab712279a70eb96,per_541a054dee86031683d5,93,BALBIN SEBASTIAN,BALVIN SEBASTIAN
per_b8f01476a8a9ce78aea7,per_596a24cfc5419dc2dedd,93,BARRERA SILVINA,CARRERA SILVINA
per_20266df39928f1494665,per_66940c3b2eff475e5690,93,BARVOSA MARIANA,BARVOSA MARIANO
per_ce02bf127bcf1464dcf9,per_ddc3df1ffce9c2e9f8f9,93,BAUSILI SANTIADO,BAUSILI SANTIAGO
per_ce02bf127bcf1464dcf9,per_6fe4d171c49a49a854fa,93,BAUSILI SANTIADO,BAUSILI SANTIAGO
per_8e55a8c883b5591b081d,per_a2f4a819dc9073397f5d,93,BEARSI FERNANDO,BEARZI FERNANDO
per_e7db2e31047951cbf743,per_a2f4a819dc9073397f5d,93,BEARSI FERNANDO,BEARZI FERNANDO
per_5d20595c09838df3bfe7,per_988990d07ac6dbfee348,93,BENITEZ JAVIER ALBERTO,BENITEZ JAVIERIER ALBERTO
per_8d3bdc8780a3d7eefb15,per_206ec037e4550f34816b,93,BERDASCO MARITE,BERDAZCO MARITE
per_6d00bb1194563c5573d3,per_206ec037e4550f34816b,93,BERDASCO MARITE,BERDAZCO MARITE
per_8d3bdc8780a3d7eefb15,per_7837f1c0e495c0c98469,93,BERDASCO MARITE,VERDASCO MARITE
per_6d00bb1194563c5573d3,per_7837f1c0e495c0c98469,93,BERDASCO MARITE,VERDASCO MARITE
per_9186428a423bf9f912a3,per_2e6099cc86f6a4f694e9,93,BLANCO ERNESTO,BULANCIO ERNESTO
per_e70a428660693745fe13,per_82ce5533e7f61d5a8a1e,93,BOGGIANO MIGUEL,BOGGIARO MIGUEL
per_cf7181810160b51942ff,per_82ce5533e7f61d5a8a1e,93,BOGGIANO MIGUEL,BOGGIARO MIGUEL
per_e941d1e12627b819dfb0,per_aee1d1fce12997dbfc03,93,BOSIO SEBASTIAN,BOSLO SEBASTIAN
per_340cc65a9f6ae1dd8ec8,per_2a1b788e434d338c50ce,93,BRUCKLER NARCELO ENRIQUE,BRUKLER MARCELO ENRIQUE
per_ab381ea1ec9cda53a564,per_c2cbac68e20d21f4715d,93,BRUM DIEGO MAXIMILIANO,BRUNO DIEGO MAXIMILIANO
per_e3c58d402a87be1702d8,per_b3186c2ac5c673216c48,93,BULRICH PARTICIA,BULRICH PATRICIA
per_e3c58d402a87be1702d8,per_d7302b59055f5eecb8f5,93,BULRICH PARTICIA,BULRICH PATRICIA
per_6b0566456e99b8897b29,per_fe86824c5ed6c84439ad,93,CACACE ALEJANDRO,CACASE ALEJANDRO
per_f88578fd4e7498f09d4b,per_fe86824c5ed6c84439ad,93,CACACE ALEJANDRO,CACASE ALEJANDRO
per_a166e46e417151770c42,per_5cca89f886d77dcf9b2a,93,CALAVERA BRAIAN,TALAVERA BRAIAN
per_f02c58dd7f2ab2239cd9,per_fff69d98b9e454a20b60,93,CAMPOSTRINI LABOUR SORSYA,CMPOSTRINI LABOUR SORAYA
per_a61451164cf556c87ea5,per_7e852c8bd30587a5abf9,93,CAPUTO SANTAGO,CAPUTO SANTIAAGO
per_7e852c8bd30587a5abf9,per_645bccb18e841b05fd5b,93,CAPUTO SANTIAAGO,CAPUTO SANTIGO
per_85860d55a58b37e60b9f,per_4c8ec720a5a00e08df11,93,CARDOSO EMILIANO,CARDOZO EMILIANO
per_49849013158f6a58944b,per_a500e1fae14321a0c31f,93,CAUCINO MARIANO,CAUSINO MARIANO
per_a535701d56000813429f,per_2029be6c54f84e3504a4,93,CAVALLANI SUSANA,CAVALLINI SUSANA
per_5521d722514adbc62501,per_76d54985ff70a9fd29df,93,CERBINO JOSEFINA,SERBINO JOSEFINA
per_cc3306e7c722ce567217,per_bd23e5f7d86ebd944791,93,CIFELI LEONARDO,SIFELI LEONARDO
per_684f589615cb10570e1d,per_436c62f50315482cb43c,93,COLLOMB MARCELO,COLOMBO MARCELO
per_c3f9f3e4f591be4f6291,per_dffd44a6ec9ead89ac72,93,CORTES GABRIELA,CORTEZ GABRIELA
per_655508b9f0faa4a28621,per_b1e6ec091e2d0569df20,93,DEVAUD PHILIPHE,DEVAUD PHILIPPE
per_e48f51f16d39bcf1c325,per_c8895554ef3e044d007a,93,DEVERONI CLAUDIO,LEVERONI CLAUDIO
per_e48f51f16d39bcf1c325,per_6aadd2b564ad356c0a10,93,DEVERONI CLAUDIO,LEVERONI CLAUDIO
per_8c3d3530e459362cbfb5,per_dad0cadcb591f3c8ddd6,93,DI FONSO NICOLAS,DI FONZO NICOLAS
per_dbeffafa93326d6bccda,per_1eadf02796ab859dd340,93,ESCUDERO MARIA,ESCUDERO MARIANA
per_dbeffafa93326d6bccda,per_70a56298e0d9baa18dad,93,ESCUDERO MARIA,ESCUDERO MARIANA
per_dd299e5467c0310e5c18,per_c006aee09527b98af709,93,ESPOSITO AGUSTIN,EXPOSITO AGUSTIN
per_dd299e5467c0310e5c18,per_2a87bbe4db9b5f0a6ed4,93,ESPOSITO AGUSTIN,EXPOSITO AGUSTIN
per_8cbac2885d348a1c5714,per_13f9384258cce870f871,93,FARFAN TADEI MARIA PAULA,TADDEI FARFAM MARIA PAULA
per_16d6b027877b42c9ef0c,per_1b371d6575c9677b86f2,93,FARIAS RAVACCANI MARIA CAROLINA,FARIAS RAVAZZANI MARIA CAROLINA
per_968028460be2481edc6d,per_57654831343c617d0fd9,93,FARIDAS FERNANDO,FRIAS FERNANDO
per_f1a3582756198a4deab0,per_b4512893f1ee14e25b8e,93,FERNANDEZ DAIANA,FERNANDEZ DAMIAN
per_fd6e7f6633e2d1c55dc7,per_64e0ac08d02815c1292f,93,FERNANDEZ MARIA FERNANDEZ,MARTA FERNANDEZ
per_e3292fa12b01b754b7f4,per_8cba5010fbd31725a708,93,FERNANDEZ MARIANO,FERNANDEZ MARIO
per_4fc2d801bb77648d2202,per_c7acee7189a4d6dcec04,93,FERNANDEZ PABLO,HERNANDEZ PABLO
per_cf26743158522ff8bf34,per_4f98456603b4bf301a9a,93,FERRARA GUSTAVO,FERRARI GUSTAVO
per_54455de5f0afd42258c5,per_1277e56ba30cdbc15b36,93,FERRER RICARDO,FERREYRA RICARDO
per_4fbe355764bec8c68a03,per_d17dcec2b6197f36e340,93,FIGLIOULO SERGIO,FIGLIUOLO SERGIO
per_5cae5ca3ddb9f09d8c65,per_3169547803fbf7a4afaa,93,FIGUERAS JAVIER,FIGUEROA JAVIER
per_092829c2014a5414ac95,per_54a71ee16d734b17ffe5,93,FLORENTIN ULICES,FLORENTIN ULISES
per_6ee69be509ddb32e2b47,per_eff9718087c9ac82b0eb,93,FLORES CAROLINA,FORESI CAROLINA
per_6ee69be509ddb32e2b47,per_a626b282c47250d241a0,93,FLORES CAROLINA,FORESI CAROLINA
per_f66ca1a0d9b87a013561,per_2fa2925ba9ef3a499780,93,FOLGIONE MARCELO,FORGIONE MARCELO
per_f66ca1a0d9b87a013561,per_eabbed3014ed07884c95,93,FOLGIONE MARCELO,FORGIONE MARCELO
per_2fa2925ba9ef3a499780,per_b7b63386250b49fa4770,93,FORGIONE MARCELO,FORGIONI MARCELO
per_eabbed3014ed07884c95,per_b7b63386250b49fa4770,93,FORGIONE MARCELO,FORGIONI MARCELO
per_3a98d6e3ca154ace2e1a,per_6bb9707b155f2f3fdb7f,93,GARCIA MARIANA,GARCIA MARIANELA
per_e6a6907d69869de9de13,per_f3a9f9637bb3ce600545,93,GIUDICI SILVANA,GIUDICI SILVINA
per_e6a6907d69869de9de13,per_12528522ab663cac3cef,93,GIUDICI SILVANA,GIUDICI SILVINA
per_e0589ab615f2f506aa21,per_96a4d513504184830e0e,93,GOLZALEZ WALTER,GONZALEZ WALTER
per_6860e2af915732c3d9eb,per_81771a19f193b9b60c75,93,GONZALEZ CLAUDIA,GONZALEZ CLAUDIO
per_90616dac34369bb8f156,per_92954f2ae50b9f4235e9,93,GONZALEZ MARIA,GONZALEZ MARIANO
per_b341876c164d0bbe8ba4,per_92954f2ae50b9f4235e9,93,GONZALEZ MARIA,GONZALEZ MARIANO
per_d1013de4cf1983ae00a5,per_230087a6271684a7de0f,93,GONZALEZ THIAGO,GONZALEZ THYAGO
per_d3cf1979c74dd51c7d4b,per_6427b7f272d51fd8ba3d,93,GUIBERT ARMANDO,GUIVERT ARMANDO
per_b247b31ac5becf63b5f5,per_6427b7f272d51fd8ba3d,93,GUIBERT ARMANDO,GUIVERT ARMANDO
per_e0aa5cabefd013eae24b,per_7565809311f42093ce82,93,HEREDIA BERNANDO,HEREDIA BERNARDO
per_e0aa5cabefd013eae24b,per_1a50fcd31bcec8b9a6f2,93,HEREDIA BERNANDO,HEREDIA BERNARDO
per_95e63c3dbaede0514d3c,per_1a6e9de98f77614cdc3e,93,HERRERA GONZALO,HERRERO GONZALO
per_efda05caa031e7ef52ec,per_b227d488409f3c60a2d5,93,HINOJOSA MARTIN,HINOJOSO MARTIN
per_84a4047383b88edb96ac,per_37759cf50592909eefd4,93,IACOMINO SERGIO,IACOVINO SERGIO
per_84a4047383b88edb96ac,per_7e20c6b077d55f4acce5,93,IACOMINO SERGIO,IACOVINO SERGIO
per_109bae17466952eab5e8,per_7021d852bfd4484878f9,93,ITHUALDE MATEO,ITHUARALDE MATEO
per_52d79174fb1c95579002,per_f57783238d0f63e6ffb7,93,KAUFMAN RICHARD,KAUFMANN RICHAD
per_4a55c6c229a7d3aac1ef,per_2606bde594bb2da8c9ca,93,LANDELA EDUARDO,LANDERA EDUARDO
per_b86456ca0e0ecf8961af,per_1dc871c9bf7d8f73d92c,93,LECLERCQ GISEL,LECLERCQ GISELLE
per_7892ae90c059d1ce7b09,per_1dc871c9bf7d8f73d92c,93,LECLERCQ GISEL,LECLERCQ GISELLE
per_cb1bdef18a5d622d016c,per_7219fc0b79ee79e21b26,93,LEIS JUAN CARLOS,LUIS JUAN CARLOS
per_cb1bdef18a5d622d016c,per_e341664328f8ebb21eca,93,LEIS JUAN CARLOS,LUIS JUAN CARLOS
per_b6e7d434df7dd86627b9,per_00d1a3c83dabb34389d2,93,LEONAFF CLAUDIO,LEONOFF CLAUDIO
per_5b74e7c946f0087f8c0e,per_81a528312f2e344c0070,93,LI RUNQ,LI RUNQI
per_bcb90e85aeaae263d52b,per_a539586c9affbd05718b,93,LISSI LUCIANO ALEJANDRO,LIZI LUCIANO ALEJANDRO
per_6545d84afb5b128b6ff3,per_b9befcdc8709909f0bb0,93,LLANA GUILLERMO,LLAVA GUILLERMO
per_b6efd3daaad1b37aef29,per_f4a4b55d00f56579f615,93,LLANCIAFILO LOPEZ RODRIGO,LLANCOFILO LOPEZ RODRIGO
per_55b1be114637929468ac,per_5b528dd707219919f39d,93,LLARYOLA MARTIN,LLARYORA MARTIN
per_55b1be114637929468ac,per_91719cf9e5c0796dd5d8,93,LLARYOLA MARTIN,LLARYORA MARTIN
per_7fdd22601fa715ab323d,per_f5671703ad2b83711bb0,93,MACHERA RICARDO,MOCHERA RICARDO
per_62c0cccf70a8fcbd38d7,per_9379784f2a8448ad40e4,93,MADINELLI VANESA,MARINELLI VANESA
per_41c013609e405ad6cb01,per_1e9ce8d0e0f8e12a5880,93,MALDONADO MARIA,MALDONADO MARIANO
per_fd4a9ebc63b3c6d855ce,per_64e0ac08d02815c1292f,93,MARIA FERNANDEZ,MARTA FERNANDEZ
per_bcb717e0421d8f9cd4a0,per_6f8c2775834693986539,93,MARIANI BENJAMIN,MARIN BENJAMIN
per_2abb721bae660d23badc,per_1cd76024029405c0ff35,93,MARINI MARA INS,MARINI MARIA INES
per_2abb721bae660d23badc,per_7d191127028cae874617,93,MARINI MARA INS,MARINI MARIA INES
per_c1796c715056f68fea0b,per_9fa311e8b9ce5cab2c43,93,MARTIN FEDERICO,MARTINEZ FEDERICO
per_b3472c285bdffd96f542,per_712b2accab59ab75e3a5,93,MARTINEZ DAIANA,MARTINEZ DAMIAN
per_2a5e945b192f99215676,per_9158b50a536cebd9b192,93,MARZOLLO GERMAN,MARZULLO GERMAN
per_ca1e2573ac60ad566c69,per_bf2d6ca92a746354605a,93,MAYORANS NICOLAS,MAYORANZ NICOLAS
per_ce1d94ddd20f85972c3b,per_d2b2b18dd0bd60690da9,93,MAYORAS NICOLAS,MAYORAZ NICOLAS
per_ce1d94ddd20f85972c3b,per_ed67eb5d346c5ff5a34e,93,MAYORAS NICOLAS,MAYORAZ NICOLAS
per_a2daca5e2ccedc7ad26e,per_22651bea0512ae89639e,93,MECKIEVI ALFREDO,MICKIEVI ALFREDO
per_56ff859670197ab014d3,per_b2ffc7a9e784c1b0ffea,93,MENDY TOMAS MARIA,MENDY TOMS MARA
per_67071e6a81e96f21397a,per_c11462c260231cb2f5b8,93,MIRONOV NIKOLAI,MIRONOV NIKOLAS
per_67071e6a81e96f21397a,per_9f6e145194890455567d,93,MIRONOV NIKOLAI,MIRONOV NIKOLOI
per_67071e6a81e96f21397a,per_655321c00cb96b5c1a56,93,MIRONOV NIKOLAI,MIRONOV NIKOLOI
per_c903af7ed65a9905b38d,per_44f43fe6626203bd3eda,93,MOGETTTA FRANCO,MOGUETTA FRANCO
per_86351d70a5ecfc21b9f3,per_44f43fe6626203bd3eda,93,MOGETTTA FRANCO,MOGUETTA FRANCO
per_2b4fe625b37cc11d2373,per_c766e081e83aca469368,93,MONZO MARIA INES,MONZO MARIA INEZ
per_c59ea634482b9f09da8d,per_16bdc8c10273ddfe2bd0,93,OCNERIU VERONICA,ORNERIU VERONICA
per_058c04baf6db5e15233d,per_5267896648870505a16d,93,PAGKOJZ NICOLAS,PAKGOJZ NICOLAS
per_058c04baf6db5e15233d,per_cbfc8474802296741618,93,PAGKOJZ NICOLAS,PAKGOJZ NICOLAS
per_6c80ac29ade1763ac7f9,per_5267896648870505a16d,93,PAKGOJC NICOLAS,PAKGOJZ NICOLAS
per_6c80ac29ade1763ac7f9,per_cbfc8474802296741618,93,PAKGOJC NICOLAS,PAKGOJZ NICOLAS
per_7db1a266b273d1567d4a,per_d8cdc6a5c2d6c061d713,93,PEREA FERNANDO,PEREYRA FERNANDO
per_4d928c71582176b6b170,per_74ad4afe88a04fe1b7eb,93,REINOSO MARCELO,REYNOSO MARCELO
per_3da10179e0a25142d22d,per_a0a0f71b48f00943f496,93,RODRIGUEZ ANDREA,RODRIGUEZ ANDRES
per_4967b9343f2276c62232,per_2745aa3835f7244eb7b0,93,RODRIGUEZ JULIA,RODRIGUEZ JULIO
per_57f86dd922d5f87f664e,per_2745aa3835f7244eb7b0,93,RODRIGUEZ JULIA,RODRIGUEZ JULIO
per_d7e0826589f6c3d8b06d,per_7cad3267cdc4b1892c74,93,RODRIGUEZ LUCAS,RODRIGUEZ LUCIA
per_ba0862f5857c21897f15,per_7cad3267cdc4b1892c74,93,RODRIGUEZ LUCAS,RODRIGUEZ LUCIA
per_41fe01e13f79b7159b64,per_b85049e9a822dbee3884,93,ROMANO VALENTINA,ROMANO VALENTINO
per_6ada002c8485b682ae30,per_dcfab601ddc3cfe122cc,93,SAABEDRA JULIAN,SAAVEDRA JULIAN
per_c8b2863ef54b6fb0ae5a,per_765cae10ec99146718a5,93,SALAMONE DANIEL,SALOMONE DANIEL
per_330e206a34a7312dd023,per_765cae10ec99146718a5,93,SALAMONE DANIEL,SALOMONE DANIEL
per_1266aefbbb48b18ce3e7,per_17ea1e1b830ccd2f98be,93,SAMUDIO MARIANA,ZAMUDIO MARIANA
per_7383085d9b93d550a50b,per_7d6c1eaec0898d9db84d,93,SCHMUKLER MIGUEL,SCHUMUKER MIGUEL
per_6ac4307f01697bbc93f7,per_7d6c1eaec0898d9db84d,93,SCHMUKLER MIGUEL,SCHUMUKER MIGUEL
per_0889bb12305daf2c246b,per_bc75cfc498bed606d078,93,SEGOVIA EDGARDO,SEGOVIA EDUARDO
per_77d627404b22205ab445,per_71399c4eec5db705a902,93,SILVESTRI PABLO,SILVESTRINI PABLO
per_fb155ee386d6b6f741dd,per_60ca3296ef00d51e543e,93,SIRACUSA MARTIN,SORACUSA MARTIN
per_ecd8293d0b865eea8e5c,per_60ca3296ef00d51e543e,93,SIRACUSA MARTIN,SORACUSA MARTIN
per_45c3f0e8c8f4eea5e7d4,per_86633c3eef2f2bb2e1d8,93,STUCCHI LOPEZ RAYGADA PIERINO,STUCCHI M PIERINO
per_1d2e3d674dee7278028c,per_1fad8cf1cd0f77b2791c,93,SUJARCHUK ARIEL,SUKARCHUK ARIEL
per_6892aaebf4171cf489f6,per_048d247398b251c78c4e,93,SUJODOLES GAZZERO RODRIGO,SUJODONE GAZZERO RODRIGO
per_240c894e72a343f0b0fd,per_bd34ea03e5e831a0cbbb,93,TANOIRA GONZALO,TANORIA GONZALO
per_5fadf4ad2ab196894ad1,per_2accdb85f08d9fb79951,93,TEMBLADOR JOSH,TEMBLADOR JOSHUA
per_0d8a08ade623fe7374fd,per_d8970ba762b6201f642c,93,TOLABA CALARA VICENTINA,TOLABA CLARA VICENTA
per_1cca6ee6add247b12c0e,per_2e6c482e119e88880e62,93,VAHUTIER MARTIN,VAUTHIER MARTIN
per_1cca6ee6add247b12c0e,per_e72b106a47b862435653,93,VAHUTIER MARTIN,VAUTHIER MARTIN
per_5af428915e09e83c5642,per_024485d09e617086a2d0,93,VALENTINA MARINI,VALENTINI MARINI
per_1df3da1524d18ed766bf,per_5b706cd299f6c4ba7653,93,VANINA GONZALEZ,YANINA GONZALEZ
per_a0f98990bb754ff42971,per_5b706cd299f6c4ba7653,93,VANINA GONZALEZ,YANINA GONZALEZ
per_e2996e4a5630b8b0e83f,per_e88e5a0d2035b81149d6,93,VILELLA FERNANDO,VILELLI FERNANDO
per_055313004bf92869af59,per_e88e5a0d2035b81149d6,93,VILELLA FERNANDO,VILELLI FERNANDO
per_35564d17d29e28f0f24c,per_bce3c2b084bd6625b2c2,93,VILLEGAS ALFONSO,VILLEGAS ALFONZO
per_8ab55d224f0d29488e5c,per_bdb84986b01ccf514683,92,ACUNA EMANUEL,GAUNA EMANUEL
per_5fe3ddeccd42c7f50f9e,per_30ffc4c559fae9d99b1c,92,ACUNA PATRICIA,ACUNA PATRICIO
per_5fe3ddeccd42c7f50f9e,per_db0ddd9d2d096331e2e0,92,ACUNA PATRICIA,ACUNA PATRICIO
per_e1ae413f5feb95b8c260,per_3daa203ce669cf950fce,92,ADORNI MANUEL,ARDONI MANUEL
per_8f58f9ed4d83d4d4250c,per_3daa203ce669cf950fce,92,ADORNI MANUEL,ARDONI MANUEL
per_2915b314fd16bf8b6992,per_82443283ed6c7cca6ea3,92,AGUERO CAMILA,SALGUERO CAMILA
per_061da1c10c03effdc34c,per_bcb38b8517b6ea1b5790,92,ALBERTI GERMAN,ALBERTO GERMAN
per_7133dc81dfe75a6a3b3f,per_fe7df0884b851cc19d32,92,ALTUNA FACUNDO,LUNA FACUNDO
per_cc5d773e38cd9b2fc3cb,per_3837b582027faaa00014,92,ALTUNA MARCELO,LUNA MARCELO
per_cc5d773e38cd9b2fc3cb,per_c2370f74edcdf8f29341,92,ALTUNA MARCELO,LUNA MARCELO
per_e651a89f9e099c341121,per_461fab24db6ba1f6b3f6,92,ALVAREX CARLOS,ALVAREZ CARLOS
per_e651a89f9e099c341121,per_b966c9935236fde44abb,92,ALVAREX CARLOS,ALVAREZ CARLOS
per_e651a89f9e099c341121,per_50019fff636ce34e9ae0,92,ALVAREX CARLOS,ALVAREZ CARLOS
per_b0e0dc5f3e5ae7267723,per_4628c8dfd7e72cbb6855,92,AMELLINO HUGO,AMILLINO HUGO
per_b0e0dc5f3e5ae7267723,per_10783a1f8ccb45a6f477,92,AMELLINO HUGO,ARMELINO HUGO
per_96f28b61c3101430af4b,per_d48c57acd10487a26d3e,92,ANSALONE PABLO,ANSALONI PABLO
per_96f28b61c3101430af4b,per_432420a860b2f66e17f0,92,ANSALONE PABLO,ANSALONI PABLO
per_86b6a77fa0feca8757ca,per_9354dfe2c5de9c2072d8,92,ARAMAYO NAMCY,ARAMAYO NANCY
per_86b6a77fa0feca8757ca,per_f8bbc108ad64dec9cc4e,92,ARAMAYO NAMCY,ARAMAYO NANCY
per_9c413320a9630c3472a6,per_2a4b1b2f4c6623ee5747,92,ARIAS ADRIANA,RIVAS ADRIANA
per_9ad4f3851588f1d7af5e,per_f591820bdbe8277cb8d6,92,AYERNA MARCOS,AYERRA MARCOS
per_9ad4f3851588f1d7af5e,per_147d5830feaf745618bf,92,AYERNA MARCOS,AYERRA MARCOS
per_2db523a155340a8490bb,per_9ae9be64329b2edabb15,92,BARRIO MARIA FERNANDA,BERRI MARIA FERNANDA
per_2db523a155340a8490bb,per_31169f9d86f30f4957de,92,BARRIO MARIA FERNANDA,BERRI MARIA FERNANDA
per_b03c652106780aee72c2,per_31169f9d86f30f4957de,92,BARRIO MARIA FERNANDA,BERRI MARIA FERNANDA
per_23ceaa22994df1068b46,per_f2bff83f8203f60aa807,92,BARROZA HERNAN,BARROZO HERNAN
per_f2401db22afa3803dc5d,per_f2bff83f8203f60aa807,92,BARROZA HERNAN,BARROZO HERNAN
per_fbfc7ab04dcf94e6b19f,per_253a2a5064db0b033188,92,BAYER MARIANO,MAYER MARIANO
per_43a2c6adbbe8d0c1eed1,per_bc4c07a00cc89d9cfe51,92,BENITEZ MARIA,BENITEZ MARIO
per_5240934c32f12d167eef,per_db654c3d48fb5b55913b,92,BENNET BARRY PATRICK,BENNETT BARRY PATRYCK
per_0a2f023a67de5707feee,per_19784707c65167257931,92,BITELLI JULIO,VITELLI JULIO
per_b0761d668f2c7b21fcef,per_e1711734497fb17eba1e,92,BOGGIANI PABLO,BOGGIANO PABLO
per_118beb053e4ba2489c44,per_1d08b84f39879ae19496,92,BONGIOVANI ALEJANDRO,BONVIOVANNI ALEJANDRO
per_d25b50458e287db1243d,per_4cb7e82f4b2938a8a11a,92,BROM FERNANDO,BRUM FERNANDO
per_0ebeeea4845dbd16ea2c,per_4cb7e82f4b2938a8a11a,92,BROM FERNANDO,BRUM FERNANDO
per_4cb7e82f4b2938a8a11a,per_3898b10b7ec0160919b6,92,BRUM FERNANDO,BRUN FERNANDO
per_2e369cc8c70605d68481,per_ed8d73a4bb062c847bb8,92,CALVI MARTIN,CALVIS MARTINA
per_a61451164cf556c87ea5,per_645bccb18e841b05fd5b,92,CAPUTO SANTAGO,CAPUTO SANTIGO
per_8d47e60bc6f8aedfe034,per_ca437b97dfeefb651f94,92,CARDOSO MARINA,CARDOSO MARTIN
per_8d47e60bc6f8aedfe034,per_14e2a7f51d76330501df,92,CARDOSO MARINA,CARDOZO MARINA
per_12f64c2f4bea9e42867d,per_5e52fe53f4697b4e7f7d,92,CARRASCO MARIA,CARRASCO MARIO
per_9ce7563534e62af3bea8,per_a58815c2bf80153a9ff6,92,CARRIZO MARINA,CARRIZO MARTIN
per_164c3fba4f5e36b8a32f,per_0b589091b4423574438e,92,CASTRO MARIA,CASTRO MARIANA
per_27ceb4603d80f50d8b4f,per_fd32414341a12ea8e1d4,92,CASTRO W ALTER RUBEN,CASTRO WALTER RUBEN
per_431df7a0f01238086deb,per_e0d822f7cdeb8f9dce73,92,CATALAN KARINA,KATALAN KARINA
per_f4ba19a8408767157786,per_4c5a23a4e3c5fe358fc8,92,CIALLELLA CESAR,IALELLA CESAR
per_7bb81b604a71a37060aa,per_4c5a23a4e3c5fe358fc8,92,CIALLELLA CESAR,IALELLA CESAR
per_ffe13f9d1a5d91c411e5,per_593887bc0acbbc181c19,92,CINOSI GUSTAVO,SINOSI GUSTAVO
per_01306c93fa3f8b5c8ebb,per_02ba0e5ab1e216330682,92,COLELLA HECTOR,COLLA HECTOR
per_8081d8afe51f64b1b91f,per_4515e787dd970f775288,92,COLER CAROLINA,SOLER CAROLINA
per_2b9bb8e7d4585570a205,per_76a5c298f164d214d45a,92,CORDA GUSTAVO,CORIA GUSTAVO
per_76a5c298f164d214d45a,per_b9f8ee45847cdae6b10b,92,CORIA GUSTAVO,CORTINA GUSTAVO
per_9320619ec57f27974e65,per_be698a9b16dff8ff2147,92,CORRAL MARTIN,CORREA MARTIN
per_99457e0f59b6d29ad0fb,per_be698a9b16dff8ff2147,92,CORRAL MARTIN,CORREA MARTIN
per_ed8f60d41c08744b1bcd,per_d3000450668be579e200,92,CORTES WALTER,CORTEZ WALTER
per_79abede9e25fd3d50b49,per_217677f1314cb93816e5,92,CRUZ FEDERICO,RUIZ FEDERICO
per_4867fb277490ff3b9d7c,per_774036f949220af91047,92,D IORIO MARIO,DI ORIO MARIO
per_4867fb277490ff3b9d7c,per_6d534b644a532bf7a8b8,92,D IORIO MARIO,DI ORIO MARIO
per_c86c428a3ff7808910ba,per_8a1903f27c95426cef34,92,DAZA JOSE LUIS,LAZA JOSE LUIS
per_b3b36698770ccfe0f47c,per_770042df14e77f004d93,92,DEL RIO MARIA,DEL RIO MARIELA
per_1b5133923d3f7efa17e9,per_425b363412568366f21d,92,DIZZI GABRIEL,IEZZI GABRIEL
per_dbc51aac389cf574ad27,per_516ab957f8be891115ed,92,DOINO AGUSTIN,DOMINGO AGUSTIN
per_dbc51aac389cf574ad27,per_aabcca8505b5a3a6e465,92,DOINO AGUSTIN,DOMINGO AGUSTIN
per_a815f4affee64276a5a9,per_b679d95e8e446bdb49b3,92,ESPINOSA LUCAS,ESPINOZA LUCAS
per_979a2fd946aa68c414da,per_b679d95e8e446bdb49b3,92,ESPINOSA LUCAS,ESPINOZA LUCAS
per_a5e7f20d1733eb540f0a,per_efb65805265ab7b9cc3d,92,FERREIRA PABLO,FERREYRA PABLO
per_a728801ab1530f67ab17,per_c9cf53cfb9bba094338b,92,FERRERO MARIA,HERRERO MARIA
per_a969443e7fce733056ac,per_577b5312251e33203184,92,FLOCCO LEANDRO,FLORCO LEANDRO
per_3086ed74d2370d6c6756,per_c7a2d0e902408d772001,92,FLORES FATIMA,FLOREZ FATIMA
per_57654831343c617d0fd9,per_cba961e8badf18cc07cd,92,FRIAS FERNANDO,OFRIA FERNANDO
per_4f662f99edc473a547cb,per_cfcb2c0dfb879c4d1bcf,92,GABAY CECILIA,GARAY CECILIA
per_daacab2d31d5da765ce8,per_3051d10ee6faa35044b0,92,GAGO FERNANDO,ZAGO FERNANDO
per_c0a3da4759f05184be54,per_fac6ee7fdbddf300bc31,92,GAMEZ PATRICIA,GOMEZ PATRICIA
per_f6bf4e50d26607f7aa19,per_7af5861421fb501186d5,92,GARCIA EMILIANO,GARCIA EMILIO
per_f6bf4e50d26607f7aa19,per_68d8d394b05e3d58b81d,92,GARCIA EMILIANO,GARCIA EMILIO
per_615cdc7be1d5800c4d90,per_3a98d6e3ca154ace2e1a,92,GARCIA MARIA,GARCIA MARIANA
per_7bd48f6082cd0a8ea987,per_3a98d6e3ca154ace2e1a,92,GARCIA MARIA,GARCIA MARIANA
per_2012990dd670afbefea8,per_3a98d6e3ca154ace2e1a,92,GARCIA MARIA,GARCIA MARIANA
per_615cdc7be1d5800c4d90,per_3208f04c1d087ef34685,92,GARCIA MARIA,GARCIA MARTINA
per_7bd48f6082cd0a8ea987,per_3208f04c1d087ef34685,92,GARCIA MARIA,GARCIA MARTINA
per_2012990dd670afbefea8,per_3208f04c1d087ef34685,92,GARCIA MARIA,GARCIA MARTINA
per_3a98d6e3ca154ace2e1a,per_3208f04c1d087ef34685,92,GARCIA MARIANA,GARCIA MARTINA
per_34c6f213e0ef5df7a976,per_6be09d40c452fe6dc54d,92,GAZZERO SUAREZ MARTIN,GAZZEROSUARES MARTIN
per_6be09d40c452fe6dc54d,per_07e7531e5c22e4160f16,92,GAZZEROSUARES MARTIN,SUAREZ GAZZERO MARTIN
per_9dd8cf993d834ad63de7,per_48d3f80f894c011d4e06,92,GOMEZ W ALTER GUSTAVO,GOMEZ WALTER GUSTAVO
per_9dd8cf993d834ad63de7,per_6df92f185ed7dae05859,92,GOMEZ W ALTER GUSTAVO,GOMEZ WALTER GUSTAVO
per_c39ed6014b9f02e67526,per_f6a093100138718ad070,92,GONZALEZ CASARTELLI DANIEL,GONZALEZ CASARTETTI DANIEL
per_4b2d1792e2eb115ce6fd,per_03a383138e2f97b97d45,92,GONZALEZ D ALESANDRO CARLOS,GONZALEZ DALESSANDRO CARLOS
per_4b2d1792e2eb115ce6fd,per_1c12de4a3947cdfcf648,92,GONZALEZ D ALESANDRO CARLOS,GONZALEZ DALESSANDRO CARLOS
per_ca057eb10bbc6b43761e,per_9289514bee9866311079,92,GOYA FACUNDO,MIGOYA FACUNDO
per_e630b35c92fc68a49e53,per_e2260dc42928e80602ea,92,GROSO MARIANA,GROSSO MARINA
per_6f47b73fa942d2bb2dde,per_c9a706b4921764b8337e,92,GUILLAN LORENA,GUILLAR LORENA
per_89ce202a5b2723a412b2,per_6728d8aabb3266292a72,92,GUZMAN GONZALO,SUZMAN GONZALO
per_9fd30c4f347710d45db9,per_ea838af36879736d65d6,92,HAMPTON DIEGO CARLOS,HAPTOM DIEGO CARLOS
per_fda2f9e037b1b9312459,per_ea838af36879736d65d6,92,HAMPTON DIEGO CARLOS,HAPTOM DIEGO CARLOS
per_86aaf64288c3e090f107,per_9b733f739d5d1ecfa48e,92,HERRERA HERNAN,HERRERO HERNAN
per_c232ff50cd259b99de0d,per_237a40b78dee2bc88955,92,HERRERA MARCELO,HERRERA MARCO
per_074c3c22c0b932d92937,per_237a40b78dee2bc88955,92,HERRERA MARCELO,HERRERA MARCO
per_b1b334f663e6d8ff6749,per_237a40b78dee2bc88955,92,HERRERA MARCELO,HERRERA MARCO
per_8ffebfb7e5a7b3bb5714,per_237a40b78dee2bc88955,92,HERRERA MARCELO,HERRERA MARCO
per_399512218d9cd3d9a8b4,per_325a29adb9b2e96020f1,92,HUMENUK GLADIS,HUMENUK GLADYS
per_399512218d9cd3d9a8b4,per_4156e62f8ec4e1ae8f51,92,HUMENUK GLADIS,HUMENUK GLADYS
per_aaf77665e14d2d45773c,per_b1384e4dc796248887c8,92,IBANEZ MARIA,IBANEZ MARIANO
per_c868fea28ba2405089aa,per_7db43e96d36b7db2701c,92,IBARZABAL MURPHY MARIA SECRETARIA DE PLANEAMIENTO Y ESTRATEGIA NORMATIVA,IBARZABAL MURPHY MARIA SECRETARIA PLANEAMIENTO ESTRATEGICO NORMARTIVO
per_f93598bdb841c6c6f787,per_62d100c06bd6459a745f,92,INZA MARIA FERNANDA,VIZAN MARIA FERNANDA
per_09852024b6849b24d78b,per_89e08201b01b04ebe886,92,JALDO OSVALDO,SALDO OSVALDO
per_ca89c532f424c0ec5714,per_89e08201b01b04ebe886,92,JALDO OSVALDO,SALDO OSVALDO
per_41b92be53dfefb019067,per_89e08201b01b04ebe886,92,JALDO OSVALDO,SALDO OSVALDO
per_8ad27893fa13ebf66cba,per_b421453f35503a65cb4e,92,KALANO KARINA,KATALANO KARINA
per_8be9fa923a7a0b5cdd01,per_3f7c59ffeb0ad72507aa,92,KOPITO JESICA,KOPYTO JESICA
per_6006576210fff8608596,per_bd9b449084c6b6e0f7bd,92,KRAVERZ DIEGO,KRAVETZ DIEGO
per_bc5926a2a8dbf2a79079,per_2acadf6d776f16d8790a,92,LANDRA MARIA VICTORIA,LLANA MARIA VICTORIA
per_ae2c05629678a9a571f3,per_902629ce93a4585c3223,92,LANTOS NICOLAS,SANTOS NICOLAS
per_22142c34b48de7eaa0cc,per_d09ff29e70c1b7fdc838,92,LILIA LEMOIDE,LILIA LEMOINE
per_2acadf6d776f16d8790a,per_cada70c27b477366dc01,92,LLANA MARIA VICTORIA,LUNA MARIA VICTORIA
per_98c310153520113ad018,per_20064375fd8e05fa109a,92,LOPEZ IRALA CLARA LILIANA,LOPEZ IRALA CLAUDIA LILIANA
per_6159f390ab8db2bda343,per_20064375fd8e05fa109a,92,LOPEZ IRALA CLARA LILIANA,LOPEZ IRALA CLAUDIA LILIANA
per_85267d0903acb9ea37e6,per_1e630ca6b53dee4d1313,92,LOZZA MARIANA,LUZZA MARIANA
per_ad0ee9dbcb0f44ab5487,per_221061b3ac0b4fd82f49,92,MARIN HORACIO,MARTINO HORACIO
per_817d97c0bfa4b33d1711,per_221061b3ac0b4fd82f49,92,MARIN HORACIO,MARTINO HORACIO
per_15c10062cba6646bb2f7,per_221061b3ac0b4fd82f49,92,MARIN HORACIO,MARTINO HORACIO
per_bb21ac7e07cb170cb382,per_6fe840303f8a1a2e1a47,92,MARON GUSTAVO,MORON GUSTAVO
per_72f6f95af6cea290ad98,per_6fe840303f8a1a2e1a47,92,MARON GUSTAVO,MORON GUSTAVO
per_a9d1c64468b0f8cbfede,per_0dbe87f517028ae67bc0,92,MARTINEZ ALEX,MARTINEZ ALEXIS
per_a18814599c0e1ecc0966,per_290ce7ed3a67de68f98f,92,MEILAN MARTIN,MELIAN MARTIN
per_f3fb24c5d7f5221d82b7,per_d3bf8f027a3f2e85c093,92,MELWANI SUMIL,MELWANI SUNIL
per_70d09828c389ff623c92,per_d8c1e671aba14d57605d,92,MENE M JORGE HORACIO,MENEM JORGE HORACIO
per_cb0ce8c5df8ea835b72a,per_ce38b32bd09e39a01722,92,MENEM EDUARDO,MENEN EDUARDO
per_f224e5a001e17fe3ed38,per_ce38b32bd09e39a01722,92,MENEM EDUARDO,MENEN EDUARDO
per_7c94c69722bb1056e6c3,per_ce38b32bd09e39a01722,92,MENEM EDUARDO,MENEN EDUARDO
per_e066393877414e97b746,per_483e51f086f4669c2cd8,92,MIGUENS MARIA,MIGUENS MARIANO
per_a79af1b74c43522852e9,per_ea3f1afb05b8422536e7,92,MOGETTA FRANCO,MOGUETA FRANCO
per_f49b1850b9c363e6a951,per_ea3f1afb05b8422536e7,92,MOGETTA FRANCO,MOGUETA FRANCO
per_aed8dd6c11315c3f676d,per_b2fa2533cd66a7a98a16,92,MOJICA CLAUDIA,MUJICA CLAUDIA
per_210bfdc5ab6670b99483,per_b2fa2533cd66a7a98a16,92,MOJICA CLAUDIA,MUJICA CLAUDIA
per_ee25a971c2018388df2e,per_1dbe281dbf19e0d905ee,92,MORENO ROBERTO,MORO ROBERTO
per_ee25a971c2018388df2e,per_694cfa77129fd9a04ac6,92,MORENO ROBERTO,MORO ROBERTO
per_e873fa232d78274ab72a,per_50763ce6f9d115397824,92,MORILLO PABLO,MURILLO PABLO
per_e873fa232d78274ab72a,per_18e9fd904eb5e624f1ca,92,MORILLO PABLO,MURILLO PABLO
per_167343ad56faf5d83ab8,per_f4e1de6166e33ae33d5d,92,MUSETTI CAROLA,MUSSETI CAROLA
per_cefbdb42e5538b43fad5,per_44cd451a3d1e9800db3f,92,OLIVERA MARTIN,OLIVERO MARTIN
per_600fdf96c66fa08b4e8a,per_a18dea267c63cc93ab29,92,ONECA MARIANO,ONEGA MARIANO
per_ac0e5a74fe05f6c3b65b,per_a8636a7b58384fd6c7e2,92,OREA SANTIAGO,ORIA SANTIAGO
per_281466d7722e875bf411,per_bbd2b9f67e9522f26005,92,OROSCO EMILIA,OROZCO EMILIA
per_281466d7722e875bf411,per_a3d7e33c5e9137e28bf7,92,OROSCO EMILIA,OROZCO EMILIA
per_5d0a3c20e4ca9260d544,per_b32a869e5c659b218a40,92,OTERO NESTOR,SOTTERO NESTOR
per_aed5ec9cdcec986e8485,per_f2f7482b2c31f26fd280,92,PAEZ ENRIQUE,PELAEZ ENRIQUE
per_058c04baf6db5e15233d,per_ffc2bfe90eda7132d72e,92,PAGKOJZ NICOLAS,PAGOZ NICOLAS
per_ffc2bfe90eda7132d72e,per_5267896648870505a16d,92,PAGOZ NICOLAS,PAKGOJZ NICOLAS
per_ffc2bfe90eda7132d72e,per_cbfc8474802296741618,92,PAGOZ NICOLAS,PAKGOJZ NICOLAS
per_182a44be52478e3790ab,per_d959c5643e8b6a145b99,92,PEDRINI CARLOS,PEDRJNI CARLOS
per_f235b7219b6fdd61f856,per_cc14542b4965734e3ac4,92,PEREZ CRISTIAN,PEREZ CRISTINA
per_511597ed6f3aea988f25,per_7485f9495581a591c63e,92,PEREZ MARCELA,PEREZ MARCELO
per_e3ee02b491037408094f,per_baa23ed4873e22016897,92,RAMIREZ MARIA,RAMIREZ MARIANO
per_eeac170d4442b9fe7b89,per_66286e0515aa63cc6787,92,RANNO W ALTER HORACIO,RANNO WALTER HORACIO
per_e96929bef09687bdf806,per_81e582bb8177b262dd52,92,REIDEL DEMIAN,REYDEL DEMIAN
per_6ebf95249de8c00d7c83,per_81e582bb8177b262dd52,92,REIDEL DEMIAN,REYDEL DEMIAN
per_48178fdf864370da4b28,per_1e32d7342b28fba59a28,92,RIOS CRISTIAN,ROSS CRISTIAN
per_3b643908f11c111beb21,per_dce8090ed47feb7a2618,92,RODRIGUEZ JULIAN OMAR,RODRIGUEZ JULIO OMAR
per_a872be70fcd89c02d743,per_2a020c5f6bc3cd48e2fd,92,ROMANO AGUSTIN,ROMO AGUSTIN
per_1ce6468ca737c2ce0a95,per_65472575483314460354,92,ROMERO MARCELA,ROMERO MARCELO
per_c019e1b6f9307102794a,per_606d1cf2796c4bfd152f,92,ROZICHTNER ALEJANDRO,ROZITCHENER ALEJANDRO
per_4c2bef9e3b8ba2c8bb52,per_3d4135f24db45d6540ab,92,SAABEDRA LUCAS,SAAVEDRA LUCAS
per_eb395f335c1ab61854e9,per_67119a2a28339abbf348,92,SAEZ JOSEFINA,SANZ JOSEFINA
per_eb395f335c1ab61854e9,per_d5ab4142572ad28947e7,92,SAEZ JOSEFINA,SANZ JOSEFINA
per_eb395f335c1ab61854e9,per_6869d39a0146d05cd28f,92,SAEZ JOSEFINA,SANZ JOSEFINA
per_0383586fd463dbdc6602,per_34bee4c61a85f591d491,92,SANCHES CARLOS,SANCHEZ CARLOS
per_0383586fd463dbdc6602,per_966cf2e74a26ff41b2cd,92,SANCHES CARLOS,SANCHEZ CARLOS
per_0383586fd463dbdc6602,per_191a310d67e5710010e9,92,SANCHES CARLOS,SANCHEZ CARLOS
per_0383586fd463dbdc6602,per_13404355ce8990426dfd,92,SANCHES CARLOS,SANCHEZ CARLOS
per_c76d0b2120489a81f1d3,per_576527c8ca98fac3eb94,92,SANCHEZ ANDREA,SANCHEZ ANDRES
per_b328b2c29a989d46921b,per_925104ec417969ae960d,92,SANTILII DIEGO,SANTILLI DIEGO
per_b328b2c29a989d46921b,per_00717adeb7a325e8e3c8,92,SANTILII DIEGO,SANTILLI DIEGO
per_1737ff6369a583d856bc,per_3a199c3032d8a580ce65,92,SOTILLO REINA,SOTILLO REYNA
per_a9f8b954d7bc655a15c2,per_bbf18e59af09e6b6c571,92,STOILER ARIEL,STOLIER ARIEL
per_a5a7dd4c713b6de14ff3,per_3d335e9304a131ca5eba,92,STOKES MATHEW,STOKES MATTEW
per_ac42eeba7eea63bafde4,per_58e53c41a56b77c2ea95,92,STUEZENEGGER FEDERICO,STURZENEGER FEDERICO
per_ac42eeba7eea63bafde4,per_f60445778e95faf2ca92,92,STUEZENEGGER FEDERICO,STURZENEGGER FEDERIO
per_ac42eeba7eea63bafde4,per_260d502a24a031ce9a47,92,STUEZENEGGER FEDERICO,STURZENGGER FEDERICO
per_f60445778e95faf2ca92,per_8637aa089df43c71de71,92,STURZENEGGER FEDERIO,STURZENEGUER FEDERICO
per_f60445778e95faf2ca92,per_deabf2eb28f8e552ff57,92,STURZENEGGER FEDERIO,STURZENNEGER FEDERICO
per_f60445778e95faf2ca92,per_69c98840734f3216cd31,92,STURZENEGGER FEDERIO,STURZZENEGER FEDERICO
per_8637aa089df43c71de71,per_260d502a24a031ce9a47,92,STURZENEGUER FEDERICO,STURZENGGER FEDERICO
per_8637aa089df43c71de71,per_458eef600173aaea6d39,92,STURZENEGUER FEDERICO,STUZENEGGER FEDERICO
per_260d502a24a031ce9a47,per_deabf2eb28f8e552ff57,92,STURZENGGER FEDERICO,STURZENNEGER FEDERICO
per_260d502a24a031ce9a47,per_69c98840734f3216cd31,92,STURZENGGER FEDERICO,STURZZENEGER FEDERICO
per_deabf2eb28f8e552ff57,per_458eef600173aaea6d39,92,STURZENNEGER FEDERICO,STUZENEGGER FEDERICO
per_69c98840734f3216cd31,per_458eef600173aaea6d39,92,STURZZENEGER FEDERICO,STUZENEGGER FEDERICO
per_a4ba7743b3f3ddea019c,per_78dad69cff60c613564d,92,SUCARI AGUSTIN,ZUCARI AGUSTIN
per_065730299f6bd701edcb,per_1ea812391ecaf2a4ecc5,92,SURALLE BETINA,SURBALE BETINA
per_658c05736fb36c84be04,per_fe2c0f89606fd25a216f,92,TOLABA MIRIAM,TOLABA MIRIAN
per_658c05736fb36c84be04,per_bdd14ec5d9da6864b107,92,TOLABA MIRIAM,TOLABA MIRIAN
per_658c05736fb36c84be04,per_78f418c2cef3660ae458,92,TOLABA MIRIAM,TOLABA MIRYAM
per_c8921f568dd825cbd713,per_6be5693fb3fbe76e6ee8,92,TORRES IGNACIO,TORREZ IGNACIO
per_308dec1069769e2691e0,per_6be5693fb3fbe76e6ee8,92,TORRES IGNACIO,TORREZ IGNACIO
per_f3c504ecc49dbc9d18d3,per_397e47ecfd5e476d0922,92,TORRES MARCELA,TORRES MARCELO
per_eb7fb4d5eb6b041b826b,per_c15f2694d8ba2c2b2e4d,92,TORRES SILVANA,TORRES SILVINA
per_eb7fb4d5eb6b041b826b,per_30c44200806e22361418,92,TORRES SILVANA,TORRES SILVINA
per_73b34d211c15800a4f75,per_f2e8db166ab60bb8b609,92,VALDES GUSTAVO,VALDEZ GUSTAVO
per_56532b1f56e720147f84,per_5f3ed3db4d08320891ed,92,VASQUEZ ANDRES,VAZQUEZ ANDRES
per_ecafedbb6d7f3d14a09d,per_d783dcece35b0090e6a2,92,VEGA VIRGINIA,VERA VIRGINIA
per_2e3a883151773e2988f7,per_3edce4042e677457a5b3,92,W EIGAND CAROLINA LUZ,WEIGAND CAROLINA LUZ
per_acf1d6a0786a51f90134,per_4c9883779fd5d5f25b8b,92,ZHANG RUNZHAD,ZHANG RUNZHAO
per_83ecf08633ca27152ae8,per_d7bb98171ee5396c1ea8,91,ALACA ANDRES,HALAC ANDRES
per_411c9103b41231f9a2e8,per_1c711667dfcae7215496,91,ARAN RICARDO,LARA RICARDO
per_c034eeca91cc7a0f011d,per_1c711667dfcae7215496,91,ARAN RICARDO,LARA RICARDO
per_a4878d58b3bcb2688b3a,per_e048b2c778608bd6b23c,91,ARANO MARIA LAURA,ARNEJO MARIA LAURA
per_a4878d58b3bcb2688b3a,per_8491ffe3594c94185109,91,ARANO MARIA LAURA,ARNEJO MARIA LAURA
per_af39ec2f36c129be78a3,per_2f46609820fd60b0ce43,91,BELSITO PABLO,ELSIO PABLO
per_f09a624f89d57bd9b7f2,per_5e546c37c6dd93cfc97f,91,BURDMAN JULIO DARIO,GURMAN JULIO DARIO
per_be0fb3b51272f899d1ae,per_553a7579097beeb61b2d,91,CAGLIANONE MARCELO,SCAGLIONE MARCELO
per_529b27f24cbce5d96958,per_ecfd5eb227b0a85e7bec,91,CAPO NOELIA,OCAMPO NOELIA
per_8cd9d2a0cbc4c4bb8702,per_bff0c3c5094ec4f6d439,91,CASTANEIRA RAMIRO,CASTINEIRAS RAMIRO
per_997ce20dd4f29e486d30,per_c343ef19c876bafad68d,91,CONDE MARIA,CONDE MARIELA
per_5f5cf942322c60e5159b,per_1532db312a74627eed2b,91,DE LORENZI MARIANO,DILORENZI MARIANO
per_33df34e622867178c76d,per_c58f6dd994fdcb3c2d1a,91,DEIZ NICOLAS,DIAZ NICOLAS
per_b3cb0a5e92aa7f927bb7,per_fd10aa94458b8c412551,91,DELORENZI MARIANO,DI LORENZI MARIANO
per_1f1850d411cc084602d0,per_fd10aa94458b8c412551,91,DELORENZI MARIANO,DI LORENZI MARIANO
per_0170bafc36392d7b4619,per_03cd6f7228e9146cfdfe,91,FARINA MAXIMILIANO,FARIS MAXIMILIANO
per_137d91ebc08e89943bc7,per_8e603d6eac4203c6fb33,91,FERNANDEZ MARIA SABINA,FERNANDEZ MARINO SABRINA
per_89557365804424586829,per_558745c9ed7067de4662,91,FERRARIS GUILLERMO,FERRARO GUILLERMO
per_89557365804424586829,per_39a9b3936d30d0712ed5,91,FERRARIS GUILLERMO,FERRARO GUILLERMO
per_89557365804424586829,per_fa2ace6e408eb2827c8d,91,FERRARIS GUILLERMO,FERRARO GUILLERMO
per_45a63327b70c717f1fca,per_40dfc4c230460bc7aa05,91,FERREYRA ALEJANDRO,HERRERA ALEJANDRO
per_e59b17c6ec4cd429a444,per_463c0dc40b1f23d2eafe,91,GARCIA PAOLA,GARCIA PAULA
per_115a53671759c56c28f3,per_c0b177ff769a8a0b6d4f,91,GIOVANE LUIS,GIOVANI LUIS
per_115a53671759c56c28f3,per_117900b3ff54b68714ee,91,GIOVANE LUIS,GIOVINE LUIS
per_115a53671759c56c28f3,per_2b7d1a7e02a805ef8cd1,91,GIOVANE LUIS,GIOVINE LUIS
per_566a57524fc259a042b2,per_a807e1a54df9c945e46f,91,GOMEZ MARIA,GOMEZ MARIANO
per_566a57524fc259a042b2,per_41cad2fb7f8078ddf1b0,91,GOMEZ MARIA,GOMEZ MARIELA
per_be164800be39900558fa,per_01e21f7a3f5ebb5b313f,91,GORI MARIANO,ORSI MARIANO
per_9587d4b54086856b8f24,per_01e21f7a3f5ebb5b313f,91,GORI MARIANO,ORSI MARIANO
per_6f8dd507bcfbe55d5541,per_c78bb8a66e3a34f67956,91,GORINI MARIA,GORINI MARTA
per_fb8a836b74bd14bdea8c,per_d8c2dce8d9ad94fc50f1,91,GRECO MARIANO,GRECO MARIO
per_cd803794283400a1e208,per_d8c2dce8d9ad94fc50f1,91,GRECO MARIANO,GRECO MARIO
per_9c8cc0654adb927ca7ea,per_8cda7ae3cc1aac0ee780,91,GUASTI LUIS,GUASTINI LUIS
per_8aceecbe6d670c17e0c4,per_5c6280634feee5790cfa,91,HORTA SOLANO HERNAN,HORTAZOLANO HERNAN
per_bc5d55ee931814f9cd01,per_743ae6e168a1b198e6cd,91,IBANEZ ELBIO,IBANEZ ELVIO
per_743ae6e168a1b198e6cd,per_a8de03305a9cfc777477,91,IBANEZ ELVIO,YBANEZ ELVIO
per_743ae6e168a1b198e6cd,per_86f2a7bd7c549fe6e8ae,91,IBANEZ ELVIO,YBANEZ ELVIO
per_a82af9400a279b3220cb,per_e5bef38dd43386d592ad,91,ISAAC XAVIER,ISACC XAVIER
per_78c3565626c4b83170f6,per_c20216f54b83239b8385,91,JARA GUSTAVO,LARA GUSTAVO
per_e3af3c7756af459081fa,per_efa4d6eb8f8572737c6d,91,JIMENO CLAUDIA ALEJANDRA,MERINO CLAUDIA ALEJANDRA
per_2f13c2d9cb31df243a8f,per_e0e841b9a4bd6180c7b3,91,JUAN CARLOS CASSIN,MASSINI JUAN CARLOS
per_03db6859a6662d7e5b59,per_6ba86fc8f059a5b53f8b,91,JUAREZ DIEGO,SUAREZ DIEGO
per_03db6859a6662d7e5b59,per_480e61d09f7bfc9b5f2a,91,JUAREZ DIEGO,SUAREZ DIEGO
per_03db6859a6662d7e5b59,per_d11250b5af250e4b435b,91,JUAREZ DIEGO,SUAREZ DIEGO
per_64a7a8d7aebb6c7939a7,per_6ba86fc8f059a5b53f8b,91,JUAREZ DIEGO,SUAREZ DIEGO
per_5a0add0afa555b39df58,per_78d185408aced9d03ae5,91,JUAREZ PABLO,SUAREZ PABLO
per_9aa1ebf025a32bdaabb0,per_bfe4999b2783913e45bf,91,LIPI IGNACIO,LUPI IGNACIO
per_9aa1ebf025a32bdaabb0,per_e5b6b5c12652a635531f,91,LIPI IGNACIO,LUPI IGNACIO
per_6c06493c672c35982bed,per_706b2baf01e5b4110ed6,91,LOPEZ GABRIELA ALEJANDRA,LOPEZ MARIEL ALEJANDRA
per_4ae3f645cd1037973e79,per_4b7ad1860f82d907f860,91,LUC NICOLAS,LUCES NICOLAS
per_49e6bb970e0d921960b6,per_f73821a2d569f15bd083,91,LUCAS DARIO,LUCAS DAVERIO
per_61a76767b09d63a1157a,per_bfa67b32c9fecafcad4b,91,MACCARIBE MARTIN NICOLAS,MACCARONE MARTIN NICOLAS
per_c38572065bc4dc4eea9d,per_3b5a622862a45e93383c,91,MARCO MLYNARZEWICH,MARCOS MLYNARZEWICZ
per_177c8fe6abe8c3e11b2b,per_eb7841defb977b5288ce,91,MARQUES JOSE MARA,MARQUEZ JOSE MARIA
per_b56c51ae1b777d1176f1,per_9fa5d4688db3dfc8ca18,91,MARTIN JUAN,MARTINEZ JUAN
per_dc4c4d2c46576c5e9669,per_e0e841b9a4bd6180c7b3,91,MASNIK JUAN CARLOS,MASSINI JUAN CARLOS
per_8157a7816fe1683ddbfe,per_96b045e69e023b047a82,91,MEDINA SERGIO,MENA SERGIO
per_fcca69f4c0437131b6b2,per_94b2aa4d023ce81f1951,91,MENEM MARTIN,MENEN MARTIN
per_fcca69f4c0437131b6b2,per_4949db6e21434acd751c,91,MENEM MARTIN,MENEN MARTIN
per_d5e1d29d18aceabaa0f6,per_94b2aa4d023ce81f1951,91,MENEM MARTIN,MENEN MARTIN
per_b20c93c6b0fd3d0eeed0,per_0179dfdcf952e5253f69,91,MISROHI FLORENCIA,MISRRAHI FLORENCIA
per_0179dfdcf952e5253f69,per_08694931c8c6b9b7d408,91,MISRRAHI FLORENCIA,MIZRAHI FLORENCIA
per_0179dfdcf952e5253f69,per_e3dbf22d9aa2b2f0379f,91,MISRRAHI FLORENCIA,MIZRAHI FLORENCIA
per_54efa2875b42c81161cd,per_fa253bd91849431d741b,91,MONGE MARIA,MONGE MARIELA
per_5c9f1437760604e270fa,per_87a4e18bbb4eb89e71d3,91,MOTTA MARIA,MOTTA MARIANA
per_522e9c7eaa536f797bf6,per_d9e9aa3edf2d442fed0f,91,MUNOZ MARIA,MUNOZ MARIANO
per_5e0e00283ca062024a89,per_d9e9aa3edf2d442fed0f,91,MUNOZ MARIA,MUNOZ MARIANO
per_12ceaafd57831927db7c,per_73d9d219245b2afe7a24,91,NICOLETTI FABRICCIO,NICOLETTI FABRIZIO
per_4974848cf51fbe72f8f1,per_cbe0b498fb550d33cf89,91,NOBOA DANIEL,NOVOA DANIEL
per_ac0e5a74fe05f6c3b65b,per_89b01bd75dacae1a5ccb,91,OREA SANTIAGO,RE SANTIAGO
per_0aaa9985ab4bca021afc,per_0b515aba934732e589e0,91,OTERO MARIA,OTERO MARIANA
per_1c1632de9b001938c1e5,per_6765c6ff7328cf1f5621,91,PALLEJA JOSE,PALLEJO JOSE
per_67aab34e7b917d7a4ebf,per_88c2c6e86bbf0a3e3198,91,PEPE PAULA NATALIA,PEREZ PAULA NATALIA
per_48cd9a3a806763a8e9b1,per_6771c198892c0ee86180,91,PEREZ ARVIZA TOMAS,PEREZ ARZIVIA TOMAS
per_7ee5b8b3583b75f18591,per_1c31c33f001db1891b8a,91,PONTE MIGUEL ANGEL,SPONER MIGUEL ANGEL
per_a1451602437914191f6c,per_1f578dd6fffb7f7d0fb6,91,REYES MARIA,REYES MARIANO
per_84668db10644e8455fa9,per_d57045ea7f073dce30eb,91,RIVERA ANDRES,VERA ANDRES
per_25455f13f2da59614fdd,per_7f99545dcaa4d3cf0fbc,91,ROCCA MARIA,ROCCA MARIANA
per_daa69ca30de615bbe68a,per_2a020c5f6bc3cd48e2fd,91,ROJO AGUSTIN,ROMO AGUSTIN
per_cb6b5b8f6eb2302bd9ab,per_2a020c5f6bc3cd48e2fd,91,ROJO AGUSTIN,ROMO AGUSTIN
per_c1f0c4a81c9b410a3f71,per_f0b48d78210f9658f8db,91,ROLANDI JOSE,ROLANDO JOSE
per_a54fd7b0539c7ba7cac7,per_f0b48d78210f9658f8db,91,ROLANDI JOSE,ROLANDO JOSE
per_49c306df774a97cb4855,per_a93f1c2d49443a3bbe84,91,RUIZ CASTRO VIEJO MARIA,RUIZ DE CASTROVIEJO MARIA
per_622db1735608bbf47f53,per_9ae87539ccef6332323b,91,RUSSO MARIANO,RUSSO MARIO
per_04107c4ac67b4aa1b8a4,per_ecaaf2c2c82ebda5f290,91,SAENZ DE TEJADA MATIAS,SANCHEZ DE TEJADA MATIAS
per_e4b98b4990c11d0f7f27,per_a8222195860d4cbd6b05,91,SANTIUSE LEONARDO,SANTUISTE LEONARDO
per_e4b98b4990c11d0f7f27,per_87ce76028b8c57e6b093,91,SANTIUSE LEONARDO,SANTUISTE LEONARDO
per_3daf176236fac1718408,per_0859000ee4ae96195e51,91,SANTIUSTE LEONARDO,SANTUISE LEONARDO
per_21e2c30a6464bdebbcd8,per_0859000ee4ae96195e51,91,SANTIUSTE LEONARDO,SANTUISE LEONARDO
per_8836dcd9819872ee50b2,per_9dcc790d24dcd7dcccd0,91,SCHVARTMAN MARTIN,SCHWARTZMAN MARTIN
per_8836dcd9819872ee50b2,per_d583abb9ff7afe4739f6,91,SCHVARTMAN MARTIN,SCHWARTZMAN MARTIN
per_6b366e69161465d0e202,per_cb01b20b407b6c6a8f7b,91,SOTO HERNAN,SPOUTO HERNAN
per_6e2d9b19ab13a808c12f,per_84eb2741f653f95fca94,91,SPAGNUOLO DIEGO ORLANGO,SPANGUOLO DIEGO ORLANDO
per_4bc1b9ca0396da89f935,per_4273d1a20b857d566c03,91,TORRE MARIA,TORRES MARINA
per_8b743458de4fdd10c0dd,per_8576fccf4f9036287619,91,VIERA LUCIA,VIERA LUCIANA
per_860e750cc2bcc97ed2f7,per_8576fccf4f9036287619,91,VIERA LUCIA,VIERA LUCIANA
per_f3d8adfbcd2c00d1912c,per_270e9ec497baa7ff51fa,91,VISCEGLIE PATRICIO,VISCEGUE PATRICIO
per_d8639497255899875161,per_1ab4f022197c90463346,91,W ENCESLAO MAISLIN,WENCESLAO MAISLIN
per_b33bfa5145fd1591dadf,per_7e17899435a6632080ee,91,WANG ZHONGYI,WANG ZHONGYL
per_d7c65c5a307fff274e41,per_07f9451ef32027d5bddc,91,XIE ZHICHENG,XUE ZHICHENG
per_51a7b8cc9ba846a51e4d,per_640e64b6435496da178c,91,YANES YAMILA,YANEZ YAMILA
per_055148a172306cb00ec9,per_640e64b6435496da178c,91,YANES YAMILA,YANEZ YAMILA
per_7524260e7f59a3c18d94,per_d5583387725b807bcb6a,91,YANEZ MARIO,YANXXEZ MARIO
per_6b9c4a4945f9eaedb6da,per_f28311537c3fcb359b3d,90,AGUADRA CRISTIAN,AUGUARDA CRISTIAN
per_7546f9bb97e86d717fc4,per_c7a4a8ce2cc6fa8a91d4,90,ALASINO GRACIELA INES,BASSINO GRACIELA INES
per_744975483b96144f2955,per_0bcdf0f8a05fdaa26f51,90,ALMENA CARLOS ALBERTO,BALINA CARLOS ALBERTO
per_d69710c14692a2660553,per_ffa6d14e739b2c7356b1,90,AMARANTE ALEJANDRO,AMARE ALEJANDRO
per_89fe7ef2d0b2468623f7,per_efb621717dedc09793e2,90,AMARILLA EZEQUIEL,MARIA EZEQUIEL
per_7b014d1a01b58d2f8cea,per_92069902e79cb4d3caa8,90,ARANA CARLOS ADRIAN,GARAVENTA CARLOS ADRIAN
per_7b014d1a01b58d2f8cea,per_93a60e8329db0482feed,90,ARANA CARLOS ADRIAN,GARAVENTA CARLOS ADRIAN
per_49d0bbbe7809a2bb9264,per_2f24014bc83cc5a76ae0,90,ARCE MARA,ARCE MARINA
per_dd559400295cfc16afa4,per_c3a5c6be75285f227431,90,ARDILA SANTIAGO,ARDILES SANTIAGO
per_c3a5c6be75285f227431,per_0a7203d9e8335b340144,90,ARDILES SANTIAGO,HARDIE SANTIAGO
per_c3a5c6be75285f227431,per_49c2fb28f2895b41f380,90,ARDILES SANTIAGO,HARDIE SANTIAGO
per_3129f2ce91e3dbc1c68b,per_893be502748823fbc176,90,ASTRADA ALEJANDRO,LASTRA ALEJANDRO
per_ab4fc66c4276c59aacf4,per_3fac7e303a51d1b5792a,90,AYALA MARIA FLORENCIA,VALIA MARIA FLORENCIA
per_ab4fc66c4276c59aacf4,per_0ca32606769d41dff383,90,AYALA MARIA FLORENCIA,VALIA MARIA FLORENCIA
per_0bcdf0f8a05fdaa26f51,per_86a591fd5bd611046c6e,90,BALINA CARLOS ALBERTO,BARILA CARLOS ALBERTO
per_0e22408595a3b6e4cf7b,per_6b27f1561cf5d6dca3a1,90,BALINO MARIA EUGENIA,SALINI MARIA EUGENIA
per_797cbdd42b9b9a82cd33,per_dc800d4b790b3f27de38,90,BARCA JUAN MANUEL,JARA JUAN MANUEL
per_797cbdd42b9b9a82cd33,per_bb2d175f17c494ca4dc0,90,BARCA JUAN MANUEL,JARA JUAN MANUEL
per_fa6bf0e2f05218eca159,per_dc800d4b790b3f27de38,90,BARCA JUAN MANUEL,JARA JUAN MANUEL
per_ce02bf127bcf1464dcf9,per_f5b3a602808579d216b2,90,BAUSILI SANTIADO,BAUSILLI SANTIAGO
per_223852cc807b299d8669,per_9a13b90688d00aed9683,90,BIANCO JUAN,BLANCO JUAN
per_223852cc807b299d8669,per_bfe294d1552f06d8aaef,90,BIANCO JUAN,BLANCO JUAN
per_68f3b599b44de3c00a33,per_b35d0d4e8a8c5eb86bb4,90,BONGIONE MARIANO,BONGIORNO MARIANO
per_50f286225333f8733092,per_e3c58d402a87be1702d8,90,BULLRICH PATRICIA,BULRICH PARTICIA
per_e3c58d402a87be1702d8,per_533a2df831a7b9d40afb,90,BULRICH PARTICIA,BULRRICH PATRICIA
per_b3186c2ac5c673216c48,per_76123be05883e27875ef,90,BULRICH PATRICIA,BULRRICH PARTICIA
per_d7302b59055f5eecb8f5,per_76123be05883e27875ef,90,BULRICH PATRICIA,BULRRICH PARTICIA
per_c1761865958d4e4267c6,per_44403e3ab045a5bb915c,90,CAFIERO FRANCISCO,CAVERO FRANCISCO
per_4a14a6ae8718feefb865,per_397db010cccf44c4c717,90,CALLA JORGE,CELLA JORGE
per_46caf90fb06ca376c42d,per_397db010cccf44c4c717,90,CALLA JORGE,CELLA JORGE
per_4a551aa321bd0f8acb92,per_44403e3ab045a5bb915c,90,CALVO FRANCISCO,CAVERO FRANCISCO
per_26d80178517988025654,per_77f8b600941eee2df01f,90,CANCHI EXEQUIEL,FRANCHI EXEQUIEL
per_7e660b55b755e2247f09,per_54b2e8f0397894ac34e8,90,CANDI ELIAS,KANDI ELIAS
per_e165c851d2f22971af4d,per_430f7971b06af7ae81f3,90,CARDOZO ALEJANDRA,CARO ALEJANDRA
per_1ef83f5b436fa2dcb06d,per_b3cfbab2c0bf989354c5,90,CASTA PABLO,COSTA PABLO
per_6cf8bbb23b56c8dd5df0,per_041e910540e445d3d6d9,90,CASTELANI CARLOS,CASTELLANO CARLOS
per_3ad039177d268e8e5b3d,per_90edab8cef2621a75c24,90,CASTINEIRA RAMIRO,CASTINEIRA RAMON
per_5a4755d32f20b9fde879,per_12111463297b45e08e8a,90,CASTRIOTA ALEJANDRO EZEQUIEL,MON ALEJANDRO EZEQUIEL
per_fa84b4b243d7976eeec0,per_5a06988e3cdb74f5f58c,90,CATA VICTOR,MATA VICTOR
per_2b4601dd2537581716b6,per_41ccd531fbb039204180,90,CATANIO ANGEL CARLOS,CATTNEO ANGEL CARLOS
per_4b69a7252cfef0478ef2,per_bd23e5f7d86ebd944791,90,CIFELLI LEONARDO,SIFELI LEONARDO
per_50f39343cfb78be52033,per_bd23e5f7d86ebd944791,90,CIFELLI LEONARDO,SIFELI LEONARDO
per_a7baf265c10563ccab86,per_b7155a439834c057f0e2,90,CONDE MARIA GUADALUPE,JONES MARIA GUADALUPE
per_fe455edcfd88cc1183c1,per_7f87c66b6a82387940bc,90,CONSTANTIN PABLO,CONSTANZI PABLO
per_5796a272cf86106f19ea,per_2d965d909df0bf8fbecd,90,D ADDARIO GERMAN,DADDARIO GERMAN
per_0e70c237f0eb40484790,per_f23e2e42934e63beb321,90,DANZA JUAN MANUEL,DIAZ JUAN MANUEL
per_51a1c884ab62528a4aa8,per_e0e8c5d9caf5d3116e7d,90,DE ESTRADA ISABEL,SMITH ESTRADA MARIA ISABEL
per_364c33d0d54b32e36611,per_65031ebbf9339be22f6a,90,DE MARCO VICTORIA,MARCO MARIA VICTORIA
per_364c33d0d54b32e36611,per_4ca2bb65e9f4762b80b9,90,DE MARCO VICTORIA,MARCO MARIA VICTORIA
per_18e37808b0c56102a700,per_65031ebbf9339be22f6a,90,DE MARCO VICTORIA,MARCO MARIA VICTORIA
per_364c33d0d54b32e36611,per_107b0b744183d932b120,90,DE MARCO VICTORIA,MARIA ELENA MAZZANTINI MARCO MARIA VICTORIA
per_18e37808b0c56102a700,per_107b0b744183d932b120,90,DE MARCO VICTORIA,MARIA ELENA MAZZANTINI MARCO MARIA VICTORIA
per_364c33d0d54b32e36611,per_ec39fe03a52035bf6ae1,90,DE MARCO VICTORIA,ROSSI MONICA GRACIELA MARCO MARIA VICTORIA
per_18e37808b0c56102a700,per_ec39fe03a52035bf6ae1,90,DE MARCO VICTORIA,ROSSI MONICA GRACIELA MARCO MARIA VICTORIA
per_364c33d0d54b32e36611,per_0a23d45291d093255242,90,DE MARCO VICTORIA,TENGUERIAN LEONARDO MARCO MARIA VICTORIA
per_18e37808b0c56102a700,per_0a23d45291d093255242,90,DE MARCO VICTORIA,TENGUERIAN LEONARDO MARCO MARIA VICTORIA
per_459307fc5784d915cb67,per_5d558a3eab0e36a7f925,90,DI LUCA SEBASTIAN,GARCIA DE LUCA SEBASTIAN
per_459307fc5784d915cb67,per_00e583ede32d6112bd09,90,DI LUCA SEBASTIAN,GARCIA DE LUCA SEBASTIAN
per_5e145587ee68b88ece5a,per_1c26c9185cd3d6283312,90,DIAZ LUCAS,DIAZ LUCIA
per_0b510d28c76c345fabcd,per_3973346fd773130fbcef,90,DIAZ MARIA ALEJANDRA,MEDINA MARIA ALEJANDRA
per_bc66590c84af2030f4f2,per_50fdedfed4a8ba41facb,90,DIAZ ROMINA,DIEZ ROMINA
per_c5cacab1ff0777e51951,per_c6aeaeee2f74ade717df,90,DIAZ SERGIO,DIEZ SERGIO
per_6062d354e88ae1e41f8c,per_c73f81355f22c38b0cfc,90,EDUARDO MONTAMAT,EDUARDO MORTANMAT
per_dbeffafa93326d6bccda,per_b90d09c9e86168884011,90,ESCUDERO MARIA,ESCUDERO MARIANAA
per_cd6a891e458eb248b241,per_3fcbd22b985d7feb5ad4,90,FARIAS JORGE ANTONIO,GARCIA JORGE ANTONIO
per_e3292fa12b01b754b7f4,per_cfe1563b04b45d8d1f04,90,FERNANDEZ MARIANO,FERNANDEZ MARTIN
per_e3292fa12b01b754b7f4,per_e16cd235d7351283155e,90,FERNANDEZ MARIANO,FERNANDEZ MARTIN
per_e3292fa12b01b754b7f4,per_99ac77be990da4252c74,90,FERNANDEZ MARIANO,FERNANDEZ MARTIN
per_e3292fa12b01b754b7f4,per_2cda55d8a951e0be96d4,90,FERNANDEZ MARIANO,FERNANDEZ MARTIN
per_8cba5010fbd31725a708,per_cfe1563b04b45d8d1f04,90,FERNANDEZ MARIO,FERNANDEZ MARTIN
per_8cba5010fbd31725a708,per_e16cd235d7351283155e,90,FERNANDEZ MARIO,FERNANDEZ MARTIN
per_8cba5010fbd31725a708,per_99ac77be990da4252c74,90,FERNANDEZ MARIO,FERNANDEZ MARTIN
per_8cba5010fbd31725a708,per_2cda55d8a951e0be96d4,90,FERNANDEZ MARIO,FERNANDEZ MARTIN
per_cbc1d7aae006eccedf79,per_cfe1563b04b45d8d1f04,90,FERNANDEZ MARTA,FERNANDEZ MARTIN
per_cbc1d7aae006eccedf79,per_e16cd235d7351283155e,90,FERNANDEZ MARTA,FERNANDEZ MARTIN
per_cbc1d7aae006eccedf79,per_99ac77be990da4252c74,90,FERNANDEZ MARTA,FERNANDEZ MARTIN
per_cbc1d7aae006eccedf79,per_2cda55d8a951e0be96d4,90,FERNANDEZ MARTA,FERNANDEZ MARTIN
per_19f15aac297f7450baa8,per_e60c1496df5ce2331932,90,FERNANDEZ SILVERA,FERNANDEZ SILVIA
per_4b3afad5d9a54fe662f3,per_40dfc4c230460bc7aa05,90,FERRER ALEJANDRO,HERRERA ALEJANDRO
per_2f01a002ad4d7e24d1c1,per_79d717a53d3642bb7447,90,FERREYRA NICOLAS,HERRERA NICOLAS
per_2f01a002ad4d7e24d1c1,per_5e420487fc910c5e3ad8,90,FERREYRA NICOLAS,PEREYRA NICOLAS
per_f6ad3b44cbf0914d6343,per_77b228fbcbef92004d4c,90,FIALA FRANCISCO,IRAOLA FRANCISCO
per_587fbb77d150f54f99d3,per_d66b0edfe4b1604aba00,90,FORTE MARIA,MORTE MARIA
per_a1616c31e80c0a725563,per_32fac47e4da3657feebd,90,FUCKS ANDRE,FUKS ANDRES
per_69d263d5466ac9da0a72,per_f0056ab7a682083b71dd,90,GAGO PABLO,LAGO PABLO
per_861aff56c675e7503c59,per_cf8c13639b75a5506f6c,90,GALLARDO MARCELO,GALLARDO MARCOS
per_8939d23942ba4c458fa6,per_45af7c57e859786a7b0b,90,GARCIA CAROLINA,IGNACIA CAROLINA
per_8939d23942ba4c458fa6,per_a0be7fa9e9b6888bd30a,90,GARCIA CAROLINA,IGNACIA CAROLINA
per_ad52f9391177de35f8c4,per_c1859c351d0667f9f903,90,GARCIA MARIA SOL,GUARDIA MARIA SOL
per_14c7d6d133e66b464071,per_d169c0c088de64423b93,90,GODOY MARIA,GODOY MARIO
per_5f8fd29d27ec55f23072,per_cd9417f0d28e5f3ec649,90,GOMES JORGE,GOMEZ JORGE
per_5f8fd29d27ec55f23072,per_e231785d46a2abf22e3c,90,GOMES JORGE,GOMEZ JORGE
per_5992016a95a7c3692342,per_af3902a06d3954b09e6e,90,GOMEZ MARIA FLORENCIA,LOPEZ MARIA FLORENCIA
per_70d850ee08d5e3e98b79,per_f84f6521f551ba772b7e,90,GONZALES SILVIA,GONZALEZ SILVINA
per_447cd24e98a43fc58469,per_de90cd9f14eb1d000bb7,90,GONZALEZ LUCIANA,GONZALEZ LUCILA
per_92954f2ae50b9f4235e9,per_6c1fb31271aefe6cdd87,90,GONZALEZ MARIANO,GONZALEZ MARTIN
per_4b8d3f8887e18cd06f50,per_e1008d8aed6159fc8c13,90,GORBERGER PEDRO,GRONBERGER PEDRO
per_4b8d3f8887e18cd06f50,per_c88e142e1188ad42755b,90,GORBERGER PEDRO,GRONBERGER PEDRO
per_3b1353c13a0c2e57a192,per_c5ad2e5c2261c0eeecb6,90,HUSMI URIEL,HUSNI URIEL
per_f6783c9fdfa6ca0293f6,per_e4fee6db19163f226975,90,JACQUELIN CLAUDIO,YAQUELIN CLAUDIO
per_f6783c9fdfa6ca0293f6,per_6053d52540106a98e4ba,90,JACQUELIN CLAUDIO,YAQUELIN CLAUDIO
per_52d79174fb1c95579002,per_a1a57dc4aa7938480a64,90,KAUFMAN RICHARD,KAUFMANANN RICHARD
per_a1a57dc4aa7938480a64,per_f57783238d0f63e6ffb7,90,KAUFMANANN RICHARD,KAUFMANN RICHAD
per_e50b0aafcf165b45a6dc,per_4f0c9e920ab445250428,90,KEER WALTER,KERR WALTER
per_e50b0aafcf165b45a6dc,per_b28556979683f53de3b7,90,KEER WALTER,KERR WALTER
per_32f3d6cc65d8f08528ee,per_e678617771cfd38ef166,90,LANDIN ADAM,LUNDIN ADAM
per_028896b43e940d573766,per_d6a914055537a4bbe62b,90,LANDIN JACK,LUNDIN JACK
per_bc5926a2a8dbf2a79079,per_cada70c27b477366dc01,90,LANDRA MARIA VICTORIA,LUNA MARIA VICTORIA
per_cb1bdef18a5d622d016c,per_49e9f2bd39b5fd864cba,90,LEIS JUAN CARLOS,SELIS JUAN CARLOS
per_ef24d561bcacded620ab,per_33f4073330f7b401da68,90,LEMA JOSE,LEZAMA JOSE
per_47a504afb93f4010818a,per_59ab69f964363c9dd0a1,90,LIER MARIA FERNANDA,WALKER MARIA FERNANDA
per_7219fc0b79ee79e21b26,per_49e9f2bd39b5fd864cba,90,LUIS JUAN CARLOS,SELIS JUAN CARLOS
per_e341664328f8ebb21eca,per_49e9f2bd39b5fd864cba,90,LUIS JUAN CARLOS,SELIS JUAN CARLOS
per_6396b34f2560482992a6,per_2dc67a43edf87dee2a49,90,LUPO SUSA,LUPO SUSANA
per_6396b34f2560482992a6,per_26bdddafde816acdae2d,90,LUPO SUSA,LUPO SUSANA
per_33cf7353bf1323a61562,per_ad866fd03aa31e9c2a11,90,MAER FRANK ERIK,MAIER FRANK ERIC
per_98b41d5f969250bd09a9,per_d8babbbcb6db734b7f9f,90,MANEIRO MARIA EUGENIA,MARCO MARIA EUGENIA
per_80bcb8714685159cca64,per_dc1ef528fffb6e0941a8,90,MARIN JUAN,MARTINI JUAN
per_264f3fd5d64ce57fc932,per_c8f84d561c21a9b5d516,90,MARTINEZ CARLA,MARTINEZ CAROLINA
per_abe58b1a314258a6b815,per_192104931138d27f11b6,90,MARTINEZ FABIO,MARTINEZ FABRICIO
per_1207ed80d59ba89b32fd,per_d2986f22a43abc303b27,90,MARTINEZ FRANCISCO,MARTINEZ FRANCO
per_a884175929f13b1765bb,per_900f1d5b3d8e6a4331b7,90,MARTINEZ GRACIELA,MARTINO GRACIELA
per_991694dd1bb1d621648c,per_221061b3ac0b4fd82f49,90,MARTINEZ HORACIO,MARTINO HORACIO
per_15148d37fb26d91ea27b,per_595118b977d349e79a66,90,MARTIOLO AGUSTIN,MARTOGLIO AGUSTIN
per_e4edbe2f15a4249191ce,per_f0d9e37264c4e87141e8,90,MATTIO FRANCISCO,RATTO FRANCISCO
per_ca1e2573ac60ad566c69,per_d2b2b18dd0bd60690da9,90,MAYORANS NICOLAS,MAYORAZ NICOLAS
per_ca1e2573ac60ad566c69,per_ed67eb5d346c5ff5a34e,90,MAYORANS NICOLAS,MAYORAZ NICOLAS
per_bf2d6ca92a746354605a,per_ce1d94ddd20f85972c3b,90,MAYORANZ NICOLAS,MAYORAS NICOLAS
per_5237ed10771a94c3e506,per_a6e11b32cdde447682d7,90,MEDINA ERIC,MEDINA ERIK
per_5237ed10771a94c3e506,per_02720e44cc105e2aa1a2,90,MEDINA ERIC,MEDINA ERIK
per_0f91b7c98c9a47b270b7,per_f5e4fca5e35a7a9230e5,90,MINA ANA PAULA,MINADEO ANA PAULA
per_8c72ea4fd1169f19444d,per_d97207798a06b1f736f7,90,MIRANDA GABRIEL,MIRANDE GABRIELA
per_75fe9b8790eab23cbdc2,per_e6a85096e3e0006e8019,90,MOLINARI NICOLAS,OLIVARI NICOLAS
per_0029f97d83c237a71d70,per_d88d96d328971a721b20,90,MONTERO FERNANDO,MONTES FERNANDO
per_549e6e889deddbae33e5,per_595be7043479c6bfe474,90,MONTES FRANCISCO,MONTI FRANCISCO
per_a2d27e5f86fec3b0494b,per_50801d8d8ab1fa2999d8,90,MOREL JUAN PABLO,MORENO JUAN PABLO
per_4bf67aa0919465e83cdd,per_1d55a660666120cbb9b8,90,MOREYRA GABRIEL HERNAN,PEREYRA GABRIEL HERNAN
per_f6a51bea91397d34a931,per_881d121bf238d8756879,90,MORO MARCELO ALEJANDRO,NIMO MARCELO ALEJANDRO
per_25e1e79b3a1163afc387,per_881d121bf238d8756879,90,MORO MARCELO ALEJANDRO,NIMO MARCELO ALEJANDRO
per_18893e9805c7d96a791d,per_3a237222144a60867026,90,NAGAN ERAN,NEGAN ERAN
per_fa4fada6ea1f8bcf22bf,per_eca7517cea085a1efaf8,90,NEEIGFERT LAUTARO,NEIFFERT LAUTARO
per_2b96821a29be0bac7f11,per_dbc25ff5ec03e1e3e98f,90,OROZ MARIA,OROZCO MARIA
per_922c26e20eb23e8bc593,per_bcda04ac0d85aa57367a,90,PAIS JUAN MANUEL,PAZOS JUAN MANUEL
per_6291d401f68bb448fc9f,per_4cea8999d6bb8da6cd4b,90,PALAU DIEGO,PALMA DIEGO
per_de04d57e3e4d24e3254d,per_72e486a7c8760bb839aa,90,PALAZZI GUSTAVO,PALAZZO GUSTAVIO
per_fdc46f449cb5de1b5197,per_75536bcba67dc2ac48cd,90,PEREZ MARIA,PEREZ MARIO
per_75536bcba67dc2ac48cd,per_c0676743eae9c6f6450b,90,PEREZ MARIO,PIREZ MARIO
per_2b8fde7f65938cddb9e3,per_17645f42189b6dc1835c,90,PERSICO JOSE LUIS,RICO JOSE LUIS
per_8da182dd98b992468c94,per_fa1ffea20f0034a4369c,90,PETOVELLO SANDRA,PETTOBELLO SANDRA
per_06f1f59207e938161e19,per_ba249ca59a5dee85a154,90,PETR LUIS,PIETRI LUIS
per_d7bedc7300a490adca0e,per_659c89edf9dc21c42d07,90,PETRA JUAN,PETRO JUAN
per_89e46f42dd5a6b3afc6a,per_659c89edf9dc21c42d07,90,PETRA JUAN,PETRO JUAN
per_4cb00693e0b516c036ec,per_31e1911b7ddfd71d0ed5,90,ROBELO FERNANDO,ROVELLO FERNANDO
per_cf101fc0009b2f1e27ec,per_3da10179e0a25142d22d,90,RODRGUEZ ANDRES,RODRIGUEZ ANDREA
per_019d927531f839341745,per_77567935853b90ed773e,90,RODRIGUEZ MARIANA,RODRIGUEZ MARTIN
per_6cffa01e7aaf7918b110,per_77567935853b90ed773e,90,RODRIGUEZ MARTA,RODRIGUEZ MARTIN
per_6cffa01e7aaf7918b110,per_42a8438328f72a1dbfd0,90,RODRIGUEZ MARTA,RODRIGUEZ MATIAS
per_56f8e4b2e8ec95c702f3,per_53e8582cbe90f272eda8,90,RODRIGUEZ YANIL,RODRIGUEZ YANINA
per_ac1bb05c7bb861bd149f,per_3dd3d5913997a1d352dc,90,ROJAS ANDRES,ROS ANDRES
per_f9097a24e74a30f50b71,per_104d2b61a0f3b12a50c2,90,ROMERO KRAUS BALTAZAR,ROMERO KRAUSSE BALTASAR
per_3d98bc21495497b466a5,per_912b758c0aa69d1f11f9,90,ROSAS MAXIMILIANO,VOSS MAXIMILIANO
per_3d98bc21495497b466a5,per_16ffba6a40687c298ac9,90,ROSAS MAXIMILIANO,VOSS MAXIMILIANO
per_2ece5b6269ee9762d95a,per_107d0b50808b4460f2a9,90,SAGLIONE GUSTAVO,SCAGRIONE GUSTAVO
per_c6f0204b75898238ce34,per_e26aaeac265a89ebb3dd,90,SALVIO MARIA CELESTE,SOLIMO MARIA CELESTE
per_7a35c913bc44d6174f73,per_3595d6942b890b975fb5,90,SCAGLIONE GUSTAVO,SCAKIONE GUSTAVO
per_107d0b50808b4460f2a9,per_3595d6942b890b975fb5,90,SCAGRIONE GUSTAVO,SCAKIONE GUSTAVO
per_44dff4bc52c84b987ee2,per_82680eb516ceac339ead,90,SILVEYRA CAREM SOLEDAD,SILVEYRA KAREN SOLEDAD
per_7850a0130c0466337ebd,per_64802834afb64222d36e,90,SOCCA JUAN MANUEL,SOSA JUAN MANUEL
per_7850a0130c0466337ebd,per_de1177565f1103f9b8c8,90,SOCCA JUAN MANUEL,SOSA JUAN MANUEL
per_ffed6d089e4267974e27,per_9c6d8056cb982bc39ee1,90,SOLA GASTON,SOSA GASTON
per_ac42eeba7eea63bafde4,per_8637aa089df43c71de71,90,STUEZENEGGER FEDERICO,STURZENEGUER FEDERICO
per_ac42eeba7eea63bafde4,per_deabf2eb28f8e552ff57,90,STUEZENEGGER FEDERICO,STURZENNEGER FEDERICO
per_ac42eeba7eea63bafde4,per_69c98840734f3216cd31,90,STUEZENEGGER FEDERICO,STURZZENEGER FEDERICO
per_065730299f6bd701edcb,per_7fb207d74adb1922cc9c,90,SURALLE BETINA,SURBAALLE BETYINA
per_7fb207d74adb1922cc9c,per_1ea812391ecaf2a4ecc5,90,SURBAALLE BETYINA,SURBALE BETINA
per_f5c3470cc54789694cc7,per_c6bd5a537910e7e8e3e5,90,TAMAGNO ANA,TAMAYNO ANA
per_e5fcaeeea882c8e55b52,per_54bccbe1b28d48402c17,90,VARA JORGE,VARELA JORGE
per_d3ddd159fd2acebf13d2,per_e20be213bf728ce4656c,90,VAZQUEZ GUSTAVO,VELEAZQUEZ GUSTAVO
per_1a7dbf41768d60bfac51,per_96b91e7fb653fd771aac,90,VAZQUEZ KARINA CELIA,VAZQUEZ MARIA CELINA
per_08b46573d354742b80ef,per_96b91e7fb653fd771aac,90,VAZQUEZ KARINA CELIA,VAZQUEZ MARIA CELINA
per_01984dd7deeef898abe7,per_c928a8fefefac93072b6,90,VELA HERNAN,VERA HERNAN
per_8b697a969b39a54b6965,per_4743665e939d1622f0c7,90,VERON AGUSTINA,VERONESI AGUSTINA
per_0c6f4338ee2158e96d73,per_4743665e939d1622f0c7,90,VERON AGUSTINA,VERONESI AGUSTINA
per_8b743458de4fdd10c0dd,per_30f18dd1996f137dbc8e,90,VIERA LUCIA,VIERA LUCUA
per_860e750cc2bcc97ed2f7,per_30f18dd1996f137dbc8e,90,VIERA LUCIA,VIERA LUCUA
per_edbc66d7305b5d0e8929,per_e88e5a0d2035b81149d6,90,VILELA FERNANDO,VILELLI FERNANDO
per_5b1bdf0fc0a19b6ba69b,per_c4e26f38bdfb77c69dc4,90,W AISSBEIN ARIEL,WAISSBEIN ARIEL
per_3ffa03b32f66ee81b186,per_5774b207fa074a18b179,90,W ALDMAN EZEQUIEL,WALDMAN EZEQUIEL
per_e7e354dc3e41e979389c,per_58c29d409dd5d1fda610,90,W ASSERMAN DARIO,WASSERMAN DARIO
per_e7e354dc3e41e979389c,per_bc50bde685182f595feb,90,W ASSERMAN DARIO,WASSERMAN DARIO
per_abcbac2de88e0a2d5c2a,per_0732879e6b77a4fca6da,90,W ERNING VLADIMIR,WERNING VLADIMIR
per_61154aed07f14b71b3ef,per_f03eb337a31f4b2247b0,90,W ERTEIN GERARDO,WERTEIN GERARDO
per_f99dd30e91ba7ab3024b,per_868c4dbf038ea96ce285,90,W ERTHEIN GERARDO,WERTHEIN GERARDO
per_f99dd30e91ba7ab3024b,per_b652f01580a50d6fc6c1,90,W ERTHEIN GERARDO,WERTHEIN GERARDO
per_ab042517c8d0301a72dc,per_1959729dbba1ecf2b745,90,W ITTING CLAUDIA,WITTING CLAUDIA
per_ab042517c8d0301a72dc,per_cd6b328234bc234a4700,90,W ITTING CLAUDIA,WITTING CLAUDIA
per_518c09ea2818f647901e,per_e7a573f1296bf809ecfc,90,ZHANG JUN,ZHANG JUNRU
per_b1f1e25f2adb2436aa30,per_e7a573f1296bf809ecfc,90,ZHANG JUN,ZHANG JUNRU
per_2915b314fd16bf8b6992,per_b919eebe3432d41af57e,89,AGUERO CAMILA,AGUERRIDO CAMILA
per_26bc310efab2fd0b1dc7,per_986c7d9a327438935b0a,89,ALBACIDES MARIN,ALCIDES MARINO
per_26bc310efab2fd0b1dc7,per_24e8bb30eb6ab78fdf54,89,ALBACIDES MARIN,ALCIDES MARINO
per_061da1c10c03effdc34c,per_6b6a0d342f5d119f9b4a,89,ALBERTI GERMAN,LAMBERTI GERMAN
per_f96c2ae38321ea546955,per_25993671c2e65838b06a,89,ALIVERA IGNACIO,LOVERA IGNACIO
per_ec620fc8596ffef5ba7f,per_92c23f46dee607dcfba5,89,ALIVERA IGNACIO,RIVERA IGNACIO
per_f96c2ae38321ea546955,per_92c23f46dee607dcfba5,89,ALIVERA IGNACIO,RIVERA IGNACIO
per_f96c2ae38321ea546955,per_703569c96a1e4df81ffe,89,ALIVERA IGNACIO,RIVERA IGNACIO
per_d1a97f04efa1ad24bedb,per_bf707ef68707c66bd9db,89,ALMADA MAXIMILIANO,CALANDRA MAXIMILIANO
per_e6bc104aa825930dd6d2,per_911b96db4f50f5f2b4a3,89,ALVARE DANIEL,ALVAREZ DANIELLE
per_aace2f0104f3b9a2bf80,per_694842e1ef70b91f717e,89,AMARI PATRICIA,MARTIN PATRICIA
per_c7b9ad8f6852705d1932,per_ed29373e9a359b54612d,89,AMENDOLA MARTIN,MENDOZA MARTIN
per_0a35f608791f2623b881,per_71df635fda83eebfa6d4,89,ANTELO FACUNDO,CANTERO FACUNDO
per_fb0f65be33a27df246d1,per_cc36f5929b65c426b97b,89,ANTELO IGNACIO,DANGELO IGNACIO
per_fb0f65be33a27df246d1,per_6cbbe606fbb23eede005,89,ANTELO IGNACIO,DANGELO IGNACIO
per_58329a21bfb2ad3efbcf,per_f6bf4e50d26607f7aa19,89,ARIAS EMILIANO,GARCIA EMILIANO
per_b98393c3270c71ca0e27,per_4b8f9f0c107b469bfa3e,89,ARIAS VERONICA,FABRIS VERONICA
per_b31c9b0540fdb733d86b,per_68240c3c4a27178a3e3f,89,AVAD JAVIER EDUARDO,VEGA JAVIER EDUARDO
per_3f374c1d78a17632ee69,per_0e22408595a3b6e4cf7b,89,BAIS MARIA EUGENIA,BALINO MARIA EUGENIA
per_b7ecf65b979b9fc30a84,per_5982fc1d17d746f6ae2a,89,BENITEZ MARCELO,BENITEZ MARCOS
per_b7ecf65b979b9fc30a84,per_421dac1dac173cbcf898,89,BENITEZ MARCELO,BENITEZ MARCOS
per_c2cc49cb817083ce3f21,per_8d3bdc8780a3d7eefb15,89,BERDASCO MARIA,BERDASCO MARITE
per_c2cc49cb817083ce3f21,per_6d00bb1194563c5573d3,89,BERDASCO MARIA,BERDASCO MARITE
per_352dc6bb36f34b9af777,per_5fbb571aa7d2f3deb25c,89,BERTI VERONICA,ROBERT VERONICA
per_111119d2f40b6b98322b,per_b31630068cd17934d36a,89,BOLULLOSA VAZQUES MANUEL,BOULLOSA VASQUEZ MANUEL
per_a3bc1752e478c3e86268,per_aee1d1fce12997dbfc03,89,BOSIO SEBATIAN,BOSLO SEBASTIAN
per_1014840e015c1ebff4ef,per_0e4a9619093f5a1f6be6,89,BOTANA RICARDO,FONTANA RICARDO
per_e45c1afa784654b0d3d9,per_0e4a9619093f5a1f6be6,89,BOTANA RICARDO,FONTANA RICARDO
per_1e90a8152ab1de718714,per_785030d55d8a5c85449b,89,BREA JOSE LUIS,MOREA JOSE LUIS
per_6ae1026a9e623d3e6b5a,per_a1dd875a4c602d1190b4,89,BRIZUELA MARCOS,BRIZUELA MAURO
per_5a76ed2cae5a4c8f8158,per_83b487634717cc7b13a6,89,BROSA ALEJANDRO,ROCA ALEJANDRO
per_3b95fea260dabe4b9fef,per_7fcc03e98717dafda7b4,89,CAIRO GUSTAVO,CARNIERO GUSTAVO
per_3b95fea260dabe4b9fef,per_00d66a184117b09e60a1,89,CAIRO GUSTAVO,CARNIERO GUSTAVO
per_a166e46e417151770c42,per_275beac9cd0cd081f3dd,89,CALAVERA BRAIAN,TALAVERA BRIAN
per_a166e46e417151770c42,per_d4e25b9a91e7cf0db824,89,CALAVERA BRAIAN,TALAVERA BRIAN
per_035e0afafaa82f965966,per_82d373f1cba410df63a4,89,CALO GUILLERMO,GALLO GUILLERMO
per_035e0afafaa82f965966,per_3fd317109e5d53f2acb2,89,CALO GUILLERMO,GALLO GUILLERMO
per_a3b408c52cd3ad1437f1,per_3fd317109e5d53f2acb2,89,CALO GUILLERMO,GALLO GUILLERMO
per_6fcd8c7d5b913563de53,per_430f7971b06af7ae81f3,89,CALVO ALEJANDRA,CARO ALEJANDRA
per_eb451f19260ca3dbc666,per_212a4f74d10cd740b647,89,CAMANO AGUSTIN,CARMAN AGUSTINA
per_5fefde3ab24cf0692408,per_0e78660ebeef2373a16d,89,CANEPA JUAN IGNACIO,CAPRIA JUAN IGNACIO
per_5fefde3ab24cf0692408,per_c8313c417d6048922a88,89,CANEPA JUAN IGNACIO,CAPRIA JUAN IGNACIO
per_241717bb2c88c1221f68,per_52a4e5c2735af954794b,89,CAPISTO CARLOS,CAPUSOTO CARLOS
per_241717bb2c88c1221f68,per_6f2c9adc29b77c7eb4f3,89,CAPISTO CARLOS,CAPUSOTO CARLOS
per_430f7971b06af7ae81f3,per_e9639c6ce988f4540e0f,89,CARO ALEJANDRA,SCARO ALEJANDRO
per_2d8ebbfa08a9cfdce801,per_ca7838dcfcd60f42d042,89,CASSANI MIGUEL ANGEL,CATAN MIGUEL ANGEL
per_2a60051e759e4411c11c,per_788d7206c8014e1519a7,89,CASSIA MARCELO,CASSINO MARCELO
per_2a60051e759e4411c11c,per_4e5571ee836405c9398b,89,CASSIA MARCELO,CASSINO MARCELO
per_431df7a0f01238086deb,per_b421453f35503a65cb4e,89,CATALAN KARINA,KATALANO KARINA
per_f711ac1fec98d8451f96,per_e0d822f7cdeb8f9dce73,89,CATALANI KARINA,KATALAN KARINA
per_8a0aebf19c1acac38839,per_e0d822f7cdeb8f9dce73,89,CATALANI KARINA,KATALAN KARINA
per_122c6b51cf05ab95dea4,per_6afb533f5bd8a40fae9e,89,CATALANO DANIEL,CATALDO DANIEL
per_c2db4cf779cd544e4dca,per_a050ddfb081bb3e5d7d3,89,CHERVO LUIS ALBERTO,LUCERO LUIS ALBERTO
per_0cbbf0a60461704bc29b,per_6eaa942c16138462b007,89,CHUECO GIULIANA ANTONELLA,ZOCCO GIULIANA ANTONELLA
per_253a5b9a35ee9c577fe8,per_ef2f4f011366ac1c9b99,89,COLOMBO SILVINA,COLOMBO SILVIO
per_da90ab98ea1a5e6d4eff,per_ef2f4f011366ac1c9b99,89,COLOMBO SILVINA,COLOMBO SILVIO
per_a7baf265c10563ccab86,per_7e9917373bd39d099802,89,CONDE MARIA GUADALUPE,DEMARIA GUADALUPE
per_cf46cfcf2b4bec5e3f49,per_c3b844d6cbd1332d9f15,89,COSTA MARIA DEL ROSARIO,ESCOLA MARIA DEL ROSARIO
per_4f45b74c31417161a19a,per_73f89924efa0eb53e8b5,89,COTO AGUSTIN PEDRO ZICKER MARIA LORENA MENEM EDUARDO,DE PEDRO EDUARDO
per_0d77f4c679f3234db51b,per_0985a31bf94c20c48bfe,89,DAMONTE IGNACIO,LAMOTE IGNACIO
per_d7908cbfc257acfddae0,per_2f31379c891ac1571d38,89,DE BOERO BABY ENRIQUE FIGUERAS LUCAS,DE BOERO BABY ENRIQUE LUIS
per_2e2c17e9c2c877d84419,per_5c80b62d357405b61940,89,DIEGO DE NICOLAS,FERRADA DIEGO NICOLAS
per_02aa86face4cbf6e755c,per_2a6ad33520293daf0841,89,ESTEBAN CLAUDIA,STERBA CLAUDIA
per_c565d81ff2cb86180532,per_2a6ad33520293daf0841,89,ESTEBAN CLAUDIA,STERBA CLAUDIA
per_3466b6445d85b0a6003e,per_b675438115caae51955b,89,FERNADEZ PAULA,FERNANDEZ PAOLA
per_e36bb7a0d30103e500fa,per_fcfa1c5818a990c36525,89,FERREYRA LORENA,PEREYRA LORENA
per_2bc89d532c354c8ce4bb,per_fcfa1c5818a990c36525,89,FERREYRA LORENA,PEREYRA LORENA
per_2bc89d532c354c8ce4bb,per_0c9ec0860f69c26ae398,89,FERREYRA LORENA,PEREYRA LORENA
per_1bff7193c0fe57615d5c,per_d7233fd737c16f9cd02b,89,FERREYRA MARIA,FERREYRA MATIAS
per_6c7530ec8249ef7e5988,per_7c9e44dfafcc5a41f695,89,FIRISONE HERNAN,FRIZONE HERNAN
per_57f09b526e510d750474,per_bb1317dffd7fd628640f,89,FOLE FLORENCIA,FORTE FLORENCIA
per_e973505bc2731e299496,per_2d0ca3539104ccbe4124,89,FORTIN GONZALO,FRATINI GONZALO
per_861aff56c675e7503c59,per_d2e841e2152c83bce3e4,89,GALLARDO MARCELO,GALLO MARCELO
per_85af1164fb41b51e337e,per_e3078ee59f2007ef068b,89,GARCIA NEGRE FRANCISCO JAVIER,GARCIA RE JAVIER
per_282b0a695b6b503d39e6,per_5615257365aac6d0278f,89,GHILLIONE PABLO,GRILLONE PABLO
per_619a65345d7c57ed7ca8,per_32151d7cc0e97d3f0df2,89,GLOS ALEJANDRO,OLMOS ALEJANDRO
per_b332a174999e330b7241,per_de90cd9f14eb1d000bb7,89,GONZALEZ LUCAS,GONZALEZ LUCILA
per_15478915bedf33492b18,per_de90cd9f14eb1d000bb7,89,GONZALEZ LUCAS,GONZALEZ LUCILA
per_b48267a4fb5022684fa0,per_de90cd9f14eb1d000bb7,89,GONZALEZ LUCAS,GONZALEZ LUCILA
per_b341876c164d0bbe8ba4,per_6c1fb31271aefe6cdd87,89,GONZALEZ MARIA,GONZALEZ MARTIN
per_544b98e6253c25354a0d,per_d3cf1979c74dd51c7d4b,89,GUBERY ARMANDO,GUIBERT ARMANDO
per_544b98e6253c25354a0d,per_b247b31ac5becf63b5f5,89,GUBERY ARMANDO,GUIBERT ARMANDO
per_cc1bc0118880c6651f98,per_a22eaaeeb609e51d0176,89,HASSAN VICTORIA,MASSA VICTORIA
per_2d29e11d934371787f29,per_399512218d9cd3d9a8b4,89,HUMENUCK GLADYS,HUMENUK GLADIS
per_be06691905ceeb144928,per_ca4f1553a4b5dbb18230,89,KRISOL SANTIAGO,KRSUL SANTIAGO
per_a1770d140317006cc897,per_ca4f1553a4b5dbb18230,89,KRISOL SANTIAGO,KRSUL SANTIAGO
per_3838d3a812606be0c02c,per_df5b83e193fe1fb8d160,89,LEDESMA MARTINA,LEDESMA MATIAS
per_55b1be114637929468ac,per_b13b0dc540ecec5e4f1d,89,LLARYOLA MARTIN,LLAYORA MARTIN
per_5678779104ccf79b4a9c,per_b84215d4a4649446fec2,89,LUCAS RODRIGUEZ,LUIS RODRIGUEZ
per_bfa67b32c9fecafcad4b,per_c54b1f3af0ef72ee5173,89,MACCARONE MARTIN NICOLAS,MACCARRONE MATIAS NICOLAS
per_0983d489b895609a7af6,per_138f90e3127fd27dffa6,89,MACRI MAURICIO,MARTIN MAURICIO
per_bf03e3cc760d9fb10fa7,per_4f01d2d5e0af06681a38,89,MANZELLA DANIEL,MATELLA DANIEL
per_6c0f3dc476484befde75,per_988f48e3e695ffd395bf,89,MARCELO HERRERA,MARCOS HERRERA
per_efb621717dedc09793e2,per_66f8ac4bcf2c86a8225f,89,MARIA EZEQUIEL,MARTIN EZEQUIEL
per_ad0ee9dbcb0f44ab5487,per_991694dd1bb1d621648c,89,MARIN HORACIO,MARTINEZ HORACIO
per_817d97c0bfa4b33d1711,per_991694dd1bb1d621648c,89,MARIN HORACIO,MARTINEZ HORACIO
per_15c10062cba6646bb2f7,per_991694dd1bb1d621648c,89,MARIN HORACIO,MARTINEZ HORACIO
per_8aa26bf4b10787d872d6,per_760da55a677d4f98bd6e,89,MARINONE FRANCO,MARTINO FRANCO
per_66c257e99aa9b0ea77a4,per_760da55a677d4f98bd6e,89,MARINONE FRANCO,MARTINO FRANCO
per_687c79fff08e758e69f6,per_6a0608f9d3fbd2e6006b,89,MARITINI GERMAN,MARTINS GERMAN
per_6a5abb60aa3706313aa3,per_b1438b320593b29cf4f8,89,MARRO FEDERICO,MARTOS FEDERICO
per_fbb7edabe1e3fee31518,per_cb9c769b347d4ba09926,89,MARTIHN DANIEL,MARTINEZ DANIEL
per_fbb7edabe1e3fee31518,per_bbc1b0d805899d83c271,89,MARTIHN DANIEL,MARTINEZ DANIEL
per_d2986f22a43abc303b27,per_760da55a677d4f98bd6e,89,MARTINEZ FRANCO,MARTINO FRANCO
per_fa7f6d721608d54bab03,per_3a8e00c90e5a803fd18a,89,MARTINEZ JOSE SEBASTIAN,SAENZ MARTINEZ SEBASTIAN
per_24b9cb8784131e4a8179,per_71ea936c06e03154ecb7,89,MARTINEZ MARIA,MARTINEZ MARTHA
per_24b9cb8784131e4a8179,per_f368784b5c87075ebf2b,89,MARTINEZ MARIA,MARTINEZ MATIAS
per_8c1bc51f4d4b218dfe11,per_ed29373e9a359b54612d,89,MENDOZA MARIANO,MENDOZA MARTIN
per_5f6e62fd15b6b8d3ea74,per_f9d38119bee8d07b806a,89,MENGO FERNANDO,MORENO FERNANDO
per_5f6e62fd15b6b8d3ea74,per_364cdf0dd7965d6d2e00,89,MENGO FERNANDO,MORENO FERNANDO
per_740af2f3fee081458a1a,per_4205a145e5132581c758,89,MESSINA VERONICA,MINA VERONICA
per_c903af7ed65a9905b38d,per_ea3f1afb05b8422536e7,89,MOGETTTA FRANCO,MOGUETA FRANCO
per_86351d70a5ecfc21b9f3,per_ea3f1afb05b8422536e7,89,MOGETTTA FRANCO,MOGUETA FRANCO
per_ba1178262966f479254a,per_a805e68b17a25b48bbbf,89,MUNOZ MARIA EUGENIA,MUZIO MARIA EUGENIA
per_ba1178262966f479254a,per_1c76f33581d646f85c17,89,MUNOZ MARIA EUGENIA,MUZIO MARIA EUGENIA
per_ba1178262966f479254a,per_e91bde40cf871dca1afa,89,MUNOZ MARIA EUGENIA,NUNEZ MARIA EUGENIA
per_8a8a310e0058d111fe4e,per_755c7135cd5ac69a9963,89,NIERI LISANDRO,PIERRI LISANDRO
per_c8c5bfa978b48e50ae26,per_755c7135cd5ac69a9963,89,NIERI LISANDRO,PIERRI LISANDRO
per_f1543ad0fe6921e20a47,per_3893d2ab84177d5d15fc,89,NIMO ALEJANDRO,SIMON ALEJANDRO
per_cba961e8badf18cc07cd,per_c74636673c3cf79ef5b4,89,OFRIA FERNANDO,ORIETA FERNANDO
per_6c80ac29ade1763ac7f9,per_eca54254af669be55707,89,PAKGOJC NICOLAS,PAKGOS NICOLAS
per_5267896648870505a16d,per_eca54254af669be55707,89,PAKGOJZ NICOLAS,PAKGOS NICOLAS
per_cbfc8474802296741618,per_eca54254af669be55707,89,PAKGOJZ NICOLAS,PAKGOS NICOLAS
per_4c0eec55e7c0ca67ee67,per_0f8c29919c25bc650e6f,89,PALACIO MARIA,PALACIOS MARIANO
per_4c0eec55e7c0ca67ee67,per_44901ef6ee80f277f3c4,89,PALACIO MARIA,PALACIOS MARIANO
per_4c0eec55e7c0ca67ee67,per_d7dec48ac3e8c83999c5,89,PALACIO MARIA,PALACIOS MARIANO
per_ee1e738087b111ed52b9,per_1d1c874ad328b741642d,89,PAVLICHENCOF ANDREY,PAVLICHENKOV ANDREY
per_d3a7576b40309dfd9e51,per_87603fd5a5c4ba5672de,89,PIANA FERNANDO,POVINA FERNANDO
per_a708b48d924690ada755,per_0b0ce4e14fae068a6bf2,89,QUINTAR MANUEL,QUINTERO MANUEL
per_e7a23bc08a9b86dd5766,per_0b0ce4e14fae068a6bf2,89,QUINTAR MANUEL,QUINTERO MANUEL
per_baa23ed4873e22016897,per_60ac1b7c5543ad1d3eaf,89,RAMIREZ MARIANO,RAMIREZ MARTIN
per_92c23f46dee607dcfba5,per_d2f6c6a7ffbc6129339a,89,RIVERA IGNACIO,RIVEROL IGNACIO
per_703569c96a1e4df81ffe,per_d2f6c6a7ffbc6129339a,89,RIVERA IGNACIO,RIVEROL IGNACIO
per_83b487634717cc7b13a6,per_069ae149f31278b2d6fa,89,ROCA ALEJANDRO,ROJAS ALEJANDRO
per_d7e0826589f6c3d8b06d,per_fb4e9f0aeaa60bfcaefb,89,RODRIGUEZ LUCAS,RODRIGUEZ LUIS
per_ba0862f5857c21897f15,per_fb4e9f0aeaa60bfcaefb,89,RODRIGUEZ LUCAS,RODRIGUEZ LUIS
per_7cad3267cdc4b1892c74,per_fb4e9f0aeaa60bfcaefb,89,RODRIGUEZ LUCIA,RODRIGUEZ LUIS
per_6e81f39b1f77abfd732e,per_e4da7634bbf3770949ac,89,RODRIGUEZ MARIA CECILIA,RODRIGUEZ MONICA CECILIA
per_29508b0cc6756c8516bd,per_a57406f847d41a093f49,89,RODRIGUEZ PABLO,RODRIGUEZ PACO
per_909f653ba8882301bc83,per_ee90e8e1447431e8b194,89,ROLANDO ALFREDO,ROMANO ALFREDO
per_24186f01b6cf53e0c39c,per_91bdfea47c8866b436ac,89,ROMERO FERNANDO,TOMEO FERNANDO
per_24186f01b6cf53e0c39c,per_177579b8e4cdf2b5278c,89,ROMERO FERNANDO,TOMEO FERNANDO
per_976ab14b9453028b2ca9,per_84302154327ee88ca902,89,SALERA SOLEDAD,VALERIA SOLEDAD
per_bd23e5f7d86ebd944791,per_64d593921c9b65c74bc6,89,SIFELI LEONARDO,SILIO LEONARDO
per_27075bb5ba4042da4510,per_78dad69cff60c613564d,89,SUCARDI AGUSTIN,ZUCARI AGUSTIN
per_1ceee74c14fafedbed36,per_91bdfea47c8866b436ac,89,TOLEDO FERNANDO,TOMEO FERNANDO
per_922b4c4110b489f72c5d,per_334c159c7068c352f58e,89,TRAVIZANO MAT,TRAVIZANO MATIAS
per_013779495add7f92a42c,per_bee452f78140039fc037,89,VIDELA SANTIAGO,VIOLA SANTIAGO
per_013779495add7f92a42c,per_ab833985597f881f66ab,89,VIDELA SANTIAGO,VIOLA SANTIAGO
per_bf4cf50e267d10bec1a1,per_ffaea35aa865456fbc75,89,VILA JORGE LUIS,VILA JOSE LUIS
per_bf4cf50e267d10bec1a1,per_3a75ea2b5691adcea76a,89,VILA JORGE LUIS,VILA JOSE LUIS
per_1e4ad131971eeeb1afdf,per_bf98601c57bc742bbc7d,89,VILLALBA JUAN MANUEL,VILLAR JUAN MANUEL
per_e48cd3ea40b277769680,per_3e0dfad062c8ee087668,89,W ERETILNEK ALBERTO,WERETILNECK ALBERTO
per_ccbdc5a104092534d5bd,per_47c6e88b19125859887f,89,W HERTEIN JORGE,WHERTEIN JORGE
per_d4b70e7bcfd73689b6e8,per_873d8f6f6388b4436c9e,89,WILLIAMS MARCOS,WILLIAMS MAURO
per_049abc21245577949833,per_873d8f6f6388b4436c9e,89,WILLIAMS MARCOS,WILLIAMS MAURO
per_58b0cc3ca146afc71412,per_025ffbab240f6a36c7c9,88,ABAD JULIETA,ABRAS JULIETA
per_a64ed3d6afbc6a113517,per_d1a97f04efa1ad24bedb,88,ABAD MAXIMILIANO,ALMADA MAXIMILIANO
per_22516b9076141dc40202,per_d1a97f04efa1ad24bedb,88,ABAD MAXIMILIANO,ALMADA MAXIMILIANO
per_7af4ad3e000f8a958245,per_f26f4b533c4c8e863c0c,88,ACUNA CARLOS,MACENA CARLOS
per_d8aada0e2b7ca89d4f69,per_9fd7407573fab2a03a83,88,ADEM ANASTASIA MARIA DE LOS ANGELES,MATA MARIA DE LOS ANGELES
per_d8aada0e2b7ca89d4f69,per_8402888979f4290c2ccc,88,ADEM ANASTASIA MARIA DE LOS ANGELES,OIIK MARIA DE LOS ANGELES
per_ce1f23ff40069ea3e327,per_3daa203ce669cf950fce,88,ADORNIS MANUEL,ARDONI MANUEL
per_3e510dba1e653e2f5412,per_c07eff992dbff22050a7,88,AEDO MARIANA,PRADO MARIANA
per_2ef970538f54710f1190,per_dbbca4899e83573100c5,88,AGUERO ALEJANDRO,GUERRERO ALEJANDRO
per_4824919d4e56fa3656d9,per_afe6723b66875fa1d4a9,88,AGUILAR RAMIRO,AGULLA RAMIRO
per_d2574895e71935e3c1cc,per_14be1cb8f9a8f09a0d19,88,ALARCON MARIA FLORENCIA,ALONSO MARIA FLORENCIA
per_39857bbf979fd62b02a0,per_69fcd26329587a8399ea,88,ALBERTO JUAN IGNACIO,UZ JUAN IGNACIO
per_2615769d4750896baf27,per_e5775f432c8ea9bccfdd,88,ALFONSI CARLOS,ALONSO CARLOS
per_aec7a5fee9311e417c56,per_0f63db16cac94c4272d7,88,ALLAN JUAN PABLO,FULLANA JUAN PABLO
per_6c8ffb49e38822f750a6,per_0f63db16cac94c4272d7,88,ALLAN JUAN PABLO,FULLANA JUAN PABLO
per_aec7a5fee9311e417c56,per_5b392a2c99c7ff0d7150,88,ALLAN JUAN PABLO,GALEANO JUAN PABLO
per_6c8ffb49e38822f750a6,per_5b392a2c99c7ff0d7150,88,ALLAN JUAN PABLO,GALEANO JUAN PABLO
per_26868786519a92d6c186,per_69fcd26329587a8399ea,88,ALONSO JUAN IGNACIO,UZ JUAN IGNACIO
per_6542fb338e6c266c48ea,per_7e7ca085454e363e5d2b,88,ALVAREZ MARIA,ALVAREZ MATIAS
per_ac80124651a286d485b2,per_350631d9e383b06ecac0,88,AMARELLE GUSTAVO ALBERTO,CAO GUSTAVO ALBERTO
per_256211b68a77b365f93d,per_67ee7c075a4d00667fd7,88,AMARU MARCELO,FAMA MARCELO
per_5c54831dbde1f7df332c,per_4b4ac3f6e046aab9fd5f,88,AMIGO FEDERICO,AMOS FEDERICO
per_4628c8dfd7e72cbb6855,per_0360bc58a519207d105e,88,AMILLINO HUGO,ARMELLINO HUGO
per_38226b57cf9e3c9b6e0c,per_3d0986a1ba936c072f89,88,AMORO MARIA CLARA,MOLLO MARIA CLARA
per_08dc600bdec1208d77b4,per_dbbd2888ddc695ac76c4,88,ANDERLIC ALEJANDRO,DANERI ALEJANDRO
per_e9cc7e5712e34f6ae177,per_d7e6e9323b9b7d42fc53,88,ANDERSON GUILLERMO,MADERO GUILLERMO
per_f8ba6266823812ac7c50,per_d7e6e9323b9b7d42fc53,88,ANDERSON GUILLERMO,MADERO GUILLERMO
per_699f3f46a86f93c49ce8,per_c03c63e199c5e4aeec2e,88,ANTELO GUILLERMO,CASTELLO GUILLERMO
per_0a4c5850751aedf4932b,per_e2c33a7786752504c5a5,88,APARICIO LEONARDO,TALARICO LEONARDO
per_ebd54ac66af21814204e,per_e8bfc1886340528b402b,88,AQUINO JUAN CARLOS,MARINO JUAN CARLOS
per_411c9103b41231f9a2e8,per_1f6b41ced509ce8d6092,88,ARAN RICARDO,ARIAS RICARDO
per_c034eeca91cc7a0f011d,per_1f6b41ced509ce8d6092,88,ARAN RICARDO,ARIAS RICARDO
per_411c9103b41231f9a2e8,per_d42604283b351c6e2647,88,ARAN RICARDO,ARMOA RICARDO
per_c034eeca91cc7a0f011d,per_d42604283b351c6e2647,88,ARAN RICARDO,ARMOA RICARDO
per_9e647551db5860fdfd16,per_41e8424c25321a211c59,88,ARANA MARTIN,SARANO MARTIN
per_fdbb988e718cd6a123b1,per_a0b1d9815df48789dd3d,88,ARANCIBIA RODRIGUEZ LUIS ALBERTO,ARRACIBIA RODRIGUEZ ALBERTO
per_fdbb988e718cd6a123b1,per_5c6035dea18b12abc823,88,ARANCIBIA RODRIGUEZ LUIS ALBERTO,ARRACIBIA RODRIGUEZ ALBERTO
per_a8715007aa693fbb0e52,per_dc800d4b790b3f27de38,88,ARANDA JUAN MANUEL,JARA JUAN MANUEL
per_a8715007aa693fbb0e52,per_bb2d175f17c494ca4dc0,88,ARANDA JUAN MANUEL,JARA JUAN MANUEL
per_a4878d58b3bcb2688b3a,per_3a9ee0ce3d69e6279e50,88,ARANO MARIA LAURA,SERRANO MARIA LAURA
per_a2acc256d6774ca077d8,per_ca7838dcfcd60f42d042,88,ARATA MIGUEL ANGEL,CATAN MIGUEL ANGEL
per_66e4c262a072e6318cef,per_27371bd5f0672ef16b3f,88,ARBIA CARLOS,GARCIA CARLOS
per_66e4c262a072e6318cef,per_34ad47ab7b87f007684d,88,ARBIA CARLOS,GARCIA CARLOS
per_66e4c262a072e6318cef,per_15c03890cb7b19b7306c,88,ARBIA CARLOS,GARCIA CARLOS
per_fe80677272de5f1500f3,per_15c03890cb7b19b7306c,88,ARBIA CARLOS,GARCIA CARLOS
per_5330baed8afe39716b87,per_0a8606626dfcb1146d60,88,ARCE MIGUEL ANGEL,CERF MIGUEL ANGEL
per_5330baed8afe39716b87,per_c6b320e9fd0bf6a4f9e8,88,ARCE MIGUEL ANGEL,COLACE MIGUEL ANGEL
per_35f15ed22b636a7ba1fd,per_69fb12beece149f6b412,88,ARECCO CARLOS,GRECO CARLOS
per_9c413320a9630c3472a6,per_dd66914a3fb16d011096,88,ARIAS ADRIANA,CARI ADRIANA
per_73a75e608a10058d2bd9,per_440e61c53bfc730a82aa,88,ARIAS MARTIN,BARGAS MARTIN
per_73a75e608a10058d2bd9,per_21e5bb741611ba6fd67d,88,ARIAS MARTIN,GARCIA MARTIN
per_1f6b41ced509ce8d6092,per_746ac87b95e2efa29e3f,88,ARIAS RICARDO,GARCIA RICARDO
per_1f6b41ced509ce8d6092,per_1c711667dfcae7215496,88,ARIAS RICARDO,LARA RICARDO
per_ba92df7d17056499bba4,per_537ccb6e8c047c544c07,88,ARIAS SERGIO,ARRIBA SERGIO
per_ba92df7d17056499bba4,per_ae0a3d6cd4678b1a88c0,88,ARIAS SERGIO,GARCIA SERGIO
per_7ca87aa4e5126e3386c4,per_06eab5ac9b9522b1977a,88,ARMAS RODRIGO,VARGAS RODRIGO
per_9d608dc9c039aa68ed33,per_03db8dfc580f8878e40f,88,ARMELIN MARIA DE LOS ANGELES,CARLI MARIA D ELOS ANGELES
per_9d608dc9c039aa68ed33,per_9fd7407573fab2a03a83,88,ARMELIN MARIA DE LOS ANGELES,MATA MARIA DE LOS ANGELES
per_9d608dc9c039aa68ed33,per_8402888979f4290c2ccc,88,ARMELIN MARIA DE LOS ANGELES,OIIK MARIA DE LOS ANGELES
per_d42604283b351c6e2647,per_1c711667dfcae7215496,88,ARMOA RICARDO,LARA RICARDO
per_537ccb6e8c047c544c07,per_90da08550009afe326bb,88,ARRIBA SERGIO,ARRIETA SERGIO
per_3566b9a324816425c898,per_faa159d830176f1d6225,88,ARRIBAS DIEGO,MARIAS DIEGO
per_0b90664820a85bed5109,per_50d46fc07415cbf5139a,88,ATTIE JUAN PABLO,LATTION JUAN PABLO
per_667654bf8dea2d3072ac,per_3e9d50efee05571db6c5,88,AVALOS JUAN MANUEL,VALDES JUAN MANUEL
per_323e3f14490dba556194,per_8b697a969b39a54b6965,88,AVERO AGUSTIN,VERON AGUSTINA
per_323e3f14490dba556194,per_0c6f4338ee2158e96d73,88,AVERO AGUSTIN,VERON AGUSTINA
per_490a27f44e10ff027a77,per_bcda04ac0d85aa57367a,88,BANOS JUAN MANUEL,PAZOS JUAN MANUEL
per_a5dea505e005c6900a4b,per_b39c0fbd2d644c7f9b0b,88,BAR FRANCISCO,BRUN FRANCISCO
per_7ea59797c116dfb93cd4,per_9613f6366a9766bea548,88,BARBA GUSTAVO,FABA GUSTAVO
per_bdd5e17777b0fe84636f,per_9613f6366a9766bea548,88,BARBA GUSTAVO,FABA GUSTAVO
per_7ea59797c116dfb93cd4,per_78c3565626c4b83170f6,88,BARBA GUSTAVO,JARA GUSTAVO
per_bdd5e17777b0fe84636f,per_78c3565626c4b83170f6,88,BARBA GUSTAVO,JARA GUSTAVO
per_7ea59797c116dfb93cd4,per_c20216f54b83239b8385,88,BARBA GUSTAVO,LARA GUSTAVO
per_bdd5e17777b0fe84636f,per_c20216f54b83239b8385,88,BARBA GUSTAVO,LARA GUSTAVO
per_8392b48c2908ee44cad9,per_69fcd26329587a8399ea,88,BARCCACIA JUAN IGNACIO,UZ JUAN IGNACIO
per_dfc158289aceba2081ff,per_b7bf8ded52502ffdbe94,88,BAREA CAMILA,VARELA CAMILA
per_86a591fd5bd611046c6e,per_54e370621f90c60816a6,88,BARILA CARLOS ALBERTO,CAROSIA CARLOS ALBERTO
per_20de5c165cccd876fc2a,per_3c6e2ffd705d8aa4f8cc,88,BARONI MARIA VICTORIA,BARRETO MARIA VICTORIA
per_51cb6910fe47ba6320ac,per_6a8f4ef6fef86a108462,88,BARREIRO JUAN,BARRETO JUAN
per_1a1f479a1c8e0dbcee5e,per_952086b32ebc16e9b1ad,88,BARRERA MARIA GUADALUPE,CORREA MARIA GUADALUPE
per_3c6e2ffd705d8aa4f8cc,per_9e1f57cf737375ae7429,88,BARRETO MARIA VICTORIA,PRIETO MARIA VICTORIA
per_cef8406f9c403ba3d7bd,per_69fcd26329587a8399ea,88,BASABE JUAN IGNACIO,UZ JUAN IGNACIO
per_7c6c7942efaeeb496ac8,per_9fd7407573fab2a03a83,88,BAYTLEY BUSTAMANTE MARIA DE LOS ANGELES,MATA MARIA DE LOS ANGELES
per_7c6c7942efaeeb496ac8,per_8402888979f4290c2ccc,88,BAYTLEY BUSTAMANTE MARIA DE LOS ANGELES,OIIK MARIA DE LOS ANGELES
per_3b8d536c1406e8b4875b,per_46561e1bfc8f71d79068,88,BEDIA RICARDO,DIAB RICARDO
per_040d20859820f984e062,per_69fcd26329587a8399ea,88,BELBI JUAN IGNACIO,UZ JUAN IGNACIO
per_5e7fea9a5acbb56e57a1,per_4ec48a8817b62e440e50,88,BELRT CARLOS,HUBERT CARLOS
per_5982fc1d17d746f6ae2a,per_bc4c07a00cc89d9cfe51,88,BENITEZ MARCOS,BENITEZ MARIO
per_421dac1dac173cbcf898,per_bc4c07a00cc89d9cfe51,88,BENITEZ MARCOS,BENITEZ MARIO
per_87bf6b4534141155b9c7,per_d59b9d7a54a8319819f7,88,BERNARDI ROMINA,NARDI ROMINA
per_e93e8045f697407958cb,per_9fd7407573fab2a03a83,88,BERTOLO MARIA DE LOS ANGELES,MATA MARIA DE LOS ANGELES
per_e93e8045f697407958cb,per_8402888979f4290c2ccc,88,BERTOLO MARIA DE LOS ANGELES,OIIK MARIA DE LOS ANGELES
per_6c685108592d75c08375,per_68f3b599b44de3c00a33,88,BIONGIORNO MARIANO,BONGIONE MARIANO
per_f836b8e4ed4728a34c85,per_68f3b599b44de3c00a33,88,BIONGIORNO MARIANO,BONGIONE MARIANO
per_d135827e6c54cf8b7efb,per_d54837e07afa127aa0a2,88,BLANCO MUINO FERNANDO MARTIN,BLANCO SPROVIERI FERNANDO MARTIN
per_804f76b5f282ebb9c2e4,per_d54837e07afa127aa0a2,88,BLANCO MUINO FERNANDO MARTIN,BLANCO SPROVIERI FERNANDO MARTIN
per_cd1c5b03575e95e290b3,per_4cb7e82f4b2938a8a11a,88,BLUM FERNANFDO,BRUM FERNANDO
per_758b012b52ea4ff8e8fe,per_bcb6fd1b05361d142244,88,BOGGIANO MIGUEL ANDRES,BOGGIANO MIGUEL ANGEL
per_c1550dcc50dae945c6a6,per_69fcd26329587a8399ea,88,BOJANICH JUAN IGNACIO,UZ JUAN IGNACIO
per_333924c3f712ff746e8d,per_9fd7407573fab2a03a83,88,BORDON MARIA DE LOS ANGELES,MATA MARIA DE LOS ANGELES
per_333924c3f712ff746e8d,per_8402888979f4290c2ccc,88,BORDON MARIA DE LOS ANGELES,OIIK MARIA DE LOS ANGELES
per_d723af985ad32e8c7b0d,per_8243fab6386b3dfa7f24,88,BORELLI ALEJANDRO,CARELLI ALEJANDRO
per_d582d7a1219f02b250a6,per_665fe35ed383018ca1c8,88,BOTELHO CARLOS,SOTELO CARLOS
per_229f9045c6a1fcba6d8d,per_c89610ed76796c09de48,88,BOTTO FERNANDO,SOTO FERNANDO
per_229f9045c6a1fcba6d8d,per_83430878a7fa5e6d69d8,88,BOTTO FERNANDO,SOTO FERNANDO
per_810a9f7cb2d9505152b7,per_c89610ed76796c09de48,88,BOTTO FERNANDO,SOTO FERNANDO
per_42409463d3c3fb8d0721,per_69fcd26329587a8399ea,88,BOUTET JUAN IGNACIO,UZ JUAN IGNACIO
per_99a5dabc9e71939ecb64,per_69fcd26329587a8399ea,88,BRAVO JUAN IGNACIO,UZ JUAN IGNACIO
per_0c45cfcc05be38e7d4fd,per_42c8c997fb146fcb5c10,88,BRENNAN CECILIA,RENA CECILIA
per_cba85142d45ca7561fe3,per_96a9ba35d94883bd7643,88,BRIA JOSE IGNACIO,BRUERA JOSE IGNACIO
per_637a0c55b52fe20989fb,per_f1b63610354d0e8b7281,88,BRITO MARCOS,PRIETO MARCOS
per_6904f38d1802bd71bd57,per_ffcd7a0b6903ad1b77b3,88,BRITO MAXIMILIANO,CORIO MAXIMILIANO
per_520fb9f100f452aa3820,per_b5d63584b10bd0173868,88,BRITOS GUILLERMO ALEJANDRO,CANO GUILLERMO ALEJANDRO
per_0cc2159c8fae9c51840c,per_18422065d89fa961a684,88,BULLIN CAMILA,BURALLI CAMILA
per_50f286225333f8733092,per_76123be05883e27875ef,88,BULLRICH PATRICIA,BULRRICH PARTICIA
per_feda47a648bda48080c1,per_6ad4af4b522b31b5dd5a,88,BURGO EZEQUIEL,MURO EZEQUIEL
per_feda47a648bda48080c1,per_f16f815d8be481891300,88,BURGO EZEQUIEL,MURO EZEQUIEL
per_f29992fa1c516dbbcc22,per_d267c4ab8274912027df,88,BURMAN DANIEL,ROMAN DANIEL
per_c7381609cfdac9c11f40,per_ad08e780f0c8560d692d,88,BUSSO SERGIO,BUSTOS SERGIO
per_7551d5bd30680139e912,per_739ccad7647fbc340d06,88,CABRAL SERGIO,CABRERA SERGIO
per_7551d5bd30680139e912,per_db1e4b29e7efff1fe5d0,88,CABRAL SERGIO,CABRERA SERGIO
per_9151b69f4782ea927ae0,per_e2d337d327c7cecdf0ba,88,CAMARA JULIO,COMADRA JULIO
per_86848e8401b0e43c7fef,per_34250ddf7245e62bd8ee,88,CAMARINO MARIA DE LOS ANGELES,MADRONERO MARIA DE LOS ANGELES
per_86848e8401b0e43c7fef,per_9fd7407573fab2a03a83,88,CAMARINO MARIA DE LOS ANGELES,MATA MARIA DE LOS ANGELES
per_86848e8401b0e43c7fef,per_8402888979f4290c2ccc,88,CAMARINO MARIA DE LOS ANGELES,OIIK MARIA DE LOS ANGELES
per_3bca2289bc2ffd95e281,per_69fcd26329587a8399ea,88,CAMPO JUAN IGNACIO,UZ JUAN IGNACIO
per_0bcea7356c8eebcc4dcf,per_3e96e0e45598d12a208a,88,CAMPOS ADRIAN DIEGO,DE CAMPOS DIEGO
per_5fefde3ab24cf0692408,per_69fcd26329587a8399ea,88,CANEPA JUAN IGNACIO,UZ JUAN IGNACIO
per_9d810a02ab1e84bdfea0,per_1b8cad26e5b75da990d7,88,CANO ADRIAN,CINZANO ADRIAN
per_b5d63584b10bd0173868,per_5cacb24f15ad8ebc0c01,88,CANO GUILLERMO ALEJANDRO,GIMENEZ GUILLERMO ALEJANDRO
per_f2b6ea43e3e3d79bae21,per_164c3fba4f5e36b8a32f,88,CANTERO MARIA,CASTRO MARIA
per_e7a5ba77a0ad4bebffc6,per_727a8b26adc81e9cad70,88,CANTILLO SEBASTIAN,SANTILLI SEBASTIAN
per_e7a5ba77a0ad4bebffc6,per_1632058b8999eb364e56,88,CANTILLO SEBASTIAN,SANTILLI SEBASTIAN
per_8d039d416160af85a290,per_7e29fb140537cea1ab11,88,CAPRANI MAXIMILIANO,PRAIZ MAXIMILIANO
per_c8313c417d6048922a88,per_69fcd26329587a8399ea,88,CAPRIA JUAN IGNACIO,UZ JUAN IGNACIO
per_d3554757927f9553ff0b,per_f1850502672e7a7959b2,88,CAPRIA MATIAS,CAPRILE MATIAS
per_d3554757927f9553ff0b,per_54571e1015b936dc1e69,88,CAPRIA MATIAS,TAPIA MATIAS
per_093c3b370d5120c72ed6,per_ca437b97dfeefb651f94,88,CARDOSO MARIA,CARDOSO MARTIN
per_093c3b370d5120c72ed6,per_14e2a7f51d76330501df,88,CARDOSO MARIA,CARDOZO MARINA
per_8b5318dbbf67fccdc9b4,per_e6b0432d331e17ef15ee,88,CARLOS PAZ ALEJANDRO,CELIS CARLOS ALEJANDRO
per_8b5318dbbf67fccdc9b4,per_e3c0d4e4681c78587991,88,CARLOS PAZ ALEJANDRO,LUIS JUAN CARLOS BELIZAN RAMON MATIAS GUZMAN HUGO ALEJANDRO
per_54e370621f90c60816a6,per_d807722049e08f28ac29,88,CAROSIA CARLOS ALBERTO,CASTILLA CARLOS ALBERTO
per_80663acbf5acc9c7a2a3,per_d24375e768c1c2e1a0d1,88,CARRANCIO ALEJANDRO,CARRIZO ALEJANDRO
per_d9ff4cf31af060ca3e11,per_9fd7407573fab2a03a83,88,CARRANZA MARIA DE LOS ANGELES,MATA MARIA DE LOS ANGELES
per_d9ff4cf31af060ca3e11,per_8402888979f4290c2ccc,88,CARRANZA MARIA DE LOS ANGELES,OIIK MARIA DE LOS ANGELES
per_9e09374549f051492407,per_dcb541b0ac6ab9dfdbef,88,CARRIZO CAMILA SOLEDAD,CARRIZO MARIA SOLEDAD
per_9e09374549f051492407,per_ce06082f75de3aa20264,88,CARRIZO CAMILA SOLEDAD,CARRIZO MARIA SOLEDAD
per_544b590d4e71aa20f37a,per_e5147e8826d3bbbc77fb,88,CARRIZO CARLA,CARRIZO CARLOS
per_9a857f366012ae7797e7,per_d2e1339942c0cfd9233e,88,CARUGO AGUSTIN,CAULO AGUSTIN
per_eca5c24690ab1c62d75f,per_2a60051e759e4411c11c,88,CASAL MARCELO,CASSIA MARCELO
per_643406054d41d93431b6,per_9fd7407573fab2a03a83,88,CASAZOLA LEAL MARIA DE LOS ANGELES,MATA MARIA DE LOS ANGELES
per_643406054d41d93431b6,per_8402888979f4290c2ccc,88,CASAZOLA LEAL MARIA DE LOS ANGELES,OIIK MARIA DE LOS ANGELES
per_493dca52c6d81090b8f9,per_2a60051e759e4411c11c,88,CASSI MARCELA,CASSIA MARCELO
per_7e4ed79258227bde15c1,per_c829341290e46a993ce0,88,CASTANO PAULA,CASTRO PAULA
per_687875650215c3a70e29,per_b9102f82c628cb9b782f,88,CASTANO PEDRO,CASTRO PEDRO
per_eeeb04b6c2b075fca067,per_7a6e7b063653dd48df72,88,CASTILLA GABRIELA,MANSILLA GABRIELA
per_90edab8cef2621a75c24,per_bff0c3c5094ec4f6d439,88,CASTINEIRA RAMON,CASTINEIRAS RAMIRO
per_3296b6463d8c473f8549,per_d800017008a04f54e999,88,CASTRO MARCOS,CASTRO MAURO
per_164c3fba4f5e36b8a32f,per_cbb6cb3d36f9daaece4f,88,CASTRO MARIA,CASTRO MARTIN
per_0b589091b4423574438e,per_cbb6cb3d36f9daaece4f,88,CASTRO MARIANA,CASTRO MARTIN
per_42cd7fc9e45f2c029c3a,per_bb0514c4889e3e8074be,88,CAVERO MARCELO,VERON MARCELO
per_d3a8e972cf92f5d9ed24,per_69fcd26329587a8399ea,88,CEBRON JUAN IGNACIO,UZ JUAN IGNACIO
per_a11469d9420731856d82,per_85eea0cdefac68f8df34,88,CENA AGUSTIN,ESNAL AGUSTIN
per_81dfd7e6bdac8ead1dc6,per_8761c6051851f58c0534,88,CEPERNICH NATALIA,CEPERNICH NATASHA
per_ccf42a86a425763bfd6b,per_8b26f2822f2491a4df1c,88,CERROTA JUAN MANUEL,SERRA JUAN MANUEL
per_1c822b712881b7c71263,per_57b53f935bb9220c470a,88,CHAPARRO NORMA BEATRIZ,CHAPARRO SANDRA BEATRIZ
per_a77ba026e596709dff41,per_b60d1d554ac9fe752e2a,88,CHAPUIS JUAN JOSE,CHAUQUI JUAN JOSE
per_12432f5d7a071bd87f04,per_ac67fda58bdf38487fc6,88,CINTO AGUSTIN,COTO AGUSTIN
per_c1beadf1e268df9f6931,per_05ece8dad9a6915660a2,88,CITRONE ROB,CITRONE ROBERT
per_7181ab86d0f761236458,per_7850a0130c0466337ebd,88,COCCO JUAN MANUEL,SOCCA JUAN MANUEL
per_c6b320e9fd0bf6a4f9e8,per_10d126a0cc43abfb01f4,88,COLACE MIGUEL ANGEL,COPA MIGUEL ANGEL
per_bc86e82eec63b4615dd6,per_69fcd26329587a8399ea,88,COLOMBO JUAN IGNACIO,UZ JUAN IGNACIO
per_a7baf265c10563ccab86,per_952086b32ebc16e9b1ad,88,CONDE MARIA GUADALUPE,CORREA MARIA GUADALUPE
per_3633fbe46d9dfc133a32,per_6db9347b52fc04eb97f8,88,COPA CRISTIAN EZEQUIEL,ROJAS CRISTIAN EZEQUIEL
per_26a9072e503581c060ca,per_a45592f8e6b9ed1318e6,88,CORDERO FEBRES PLAZA MARIA SOLEDAD,PLAZA PENA MARIA SOLEDAD
per_7b41bfdeff801a36cd6f,per_a6adb51f08e5e061835d,88,CORE JUAN CARLOS,ORIETA JUAN CARLOS
per_ffcd7a0b6903ad1b77b3,per_168bcdb86f70fa1047b0,88,CORIO MAXIMILIANO,MACRI MAXIMILIANO
per_ffcd7a0b6903ad1b77b3,per_319bbc9e70ca6a6b0a26,88,CORIO MAXIMILIANO,ORTIZ MAXIMILIANO
per_ffcd7a0b6903ad1b77b3,per_0aedfecd72a84ef3f7f0,88,CORIO MAXIMILIANO,SORIA MAXIMILIANO
per_8ba3cdbbcc562a6ebea2,per_a6adb51f08e5e061835d,88,CORREA JUAN CARLOS,ORIETA JUAN CARLOS
per_8ba3cdbbcc562a6ebea2,per_da0d43d783bed5dfa31e,88,CORREA JUAN CARLOS,REAL JUAN CARLOS
per_dc971922490d09666455,per_ce0cfb61e5785a95440a,88,CORTEZ JAVIER,ORTIZ JAVIER
per_7543578896a2cde22b55,per_ce0cfb61e5785a95440a,88,CORTEZ JAVIER,ORTIZ JAVIER
per_d3000450668be579e200,per_4115fec6d98adc5a2f32,88,CORTEZ WALTER,ORTIZ WALTER
per_d717cf567393d7f594af,per_94241e10fe1b2bdab5de,88,COSTA EDUARDO,SOSA EDUARDO
per_998f06b3cb095220ff47,per_eefe3b8a2c654bc2bd1a,88,COUTO RODRIGO,SOTO RODRIGO
per_2e91b5ecef12f1ef7e3d,per_2e6b17fb104127a0676b,88,CREMONTE ALEJANDRO,MONTES ALEJANDRO
per_bd77e2d7b3281f74b719,per_b496b70d6a99882ab422,88,CRUZ DANIEL,CRUZADO DANIEL
per_b6a4f1cf4510ef6e84f8,per_b496b70d6a99882ab422,88,CRUZ DANIEL,CRUZADO DANIEL
per_f4eea65c19c885c36557,per_9eacc5cd371ed76b63ba,88,D AMICO HECTOR,DAMICO HECTOR
per_50600151e3ceae569a56,per_61d0c26dbe58367f1796,88,DAMIAN MARTIN,MILAN MARTIN
per_96d1874871fd25a92e88,per_46561e1bfc8f71d79068,88,DAPIA RICARDO,DIAB RICARDO
per_59d2b2af43979f135b34,per_d7a5ada916b331e41fa3,88,DAPIA RICARDO,DIAB RICARDO
per_59d2b2af43979f135b34,per_46561e1bfc8f71d79068,88,DAPIA RICARDO,DIAB RICARDO
per_2493834ab6bdae57e440,per_b564b05e28347e57b9d3,88,DE MARTINO FERNANDO,MARINO FERNANDO
per_249bceeaeb7966e02eac,per_60cd7b54bed5512c336a,88,DE PABLO DIEGO,GRECO PABLO TILLARD DANIEL SPAGNUOLO DIEGO
per_0a55fcfa07cc553f5b52,per_fdddf95b0ce6992fbf0b,88,DEL RIO JORGE,DEL RIO JOSE
per_5ae75a366b8ac127b428,per_fdddf95b0ce6992fbf0b,88,DEL RIO JORGE,DEL RIO JOSE
per_0a55fcfa07cc553f5b52,per_e1111ac40c7efef6639d,88,DEL RIO JORGE,DELL ORO JORGE
per_5ae75a366b8ac127b428,per_e1111ac40c7efef6639d,88,DEL RIO JORGE,DELL ORO JORGE
per_ae8781789398cb9b873b,per_b564b05e28347e57b9d3,88,DI MARTINO FERNANDO,MARINO FERNANDO
per_cfd8c6582394db5c0ebe,per_c58f6dd994fdcb3c2d1a,88,DIANA NICOLAS,DIAZ NICOLAS
per_ac47e9ce123fc3e16ae9,per_c58f6dd994fdcb3c2d1a,88,DIANA NICOLAS,DIAZ NICOLAS
per_661a26a795ba68f45a12,per_69fcd26329587a8399ea,88,DIMO JUAN IGNACIO,UZ JUAN IGNACIO
per_0d1e937e10a5c332627b,per_217677f1314cb93816e5,88,DIZ FEDERICO,RUIZ FEDERICO
per_0d1e937e10a5c332627b,per_c627de0f6075bee7e670,88,DIZ FEDERICO,RUIZ FEDERICO
per_7be789451e68d607c0af,per_1fc6820941328438b3ef,88,DIZ RAMOS ALEJANDRO,RAMOS PADILLA ALEJANDRO
per_ad3daf6de3d5c27fc3cb,per_c2ebc69ae3d3c4650610,88,DOMATO DANIELA,DOTO DANIEL
per_efa74b27b0ff2de0f38e,per_77c95a59035ff073f88c,88,DOMINGUEZ DIACOLUCA MARIA CECILIA,DOMINGUEZ DIAOLUCA CECILIA
per_5e2de226d08aedcd605c,per_416983dc29aa18a364ee,88,DOMINGUEZ GONZALO,DOMINIQUE GONZALO
per_6d27c5ea17b2958006ba,per_7a8019b222dd65b8be5c,88,DOVENA MARIA FLORENCIA,VENTOSA MARIA FLORENCIA
per_56307b63b24edaf1f3aa,per_10d13a4d914875a7ff71,88,ECHARGROSDKY IVAN,SCHARGRODSKY IVAN
per_56307b63b24edaf1f3aa,per_96807a78891991fb6eb1,88,ECHARGROSDKY IVAN,SCHARGRODSKY IVAN
per_4815232768e53244008d,per_69fcd26329587a8399ea,88,EHLERS JUAN IGNACIO,UZ JUAN IGNACIO
per_5f4c15511cae20576b13,per_f4f4e944dbf41eddf691,88,ELGUERO MARIA,LUCERO MARIA
per_6ade46e05acd3e2dc2ba,per_2c429c3df75ca6977152,88,EMA NICOLAS,GERMAN NICOLAS
per_6ade46e05acd3e2dc2ba,per_fce84ac41a78f03c6ba1,88,EMA NICOLAS,GERMAN NICOLAS
per_baf143d0a5f377afeddf,per_d267c4ab8274912027df,88,ERDMAN DANIEL,ROMAN DANIEL
per_b65931d57791435eae99,per_69fcd26329587a8399ea,88,ESCOBAR JUAN IGNACIO,UZ JUAN IGNACIO
per_6163dab4289ab5c51166,per_436d6abc7b8abe9c4553,88,ESPINOLA ALEJANDRO,SAPINO ALEJANDRO
per_af5918e75a5b6b1e8ce0,per_f7f5e1408b547980f212,88,ETCHEVERS MARTIN FRANCOS GUILLERMO,SAN MARTIN GUILLERMO
per_ca8ab3ef365354d42803,per_453a2d34f671e098a74c,88,FABBRI FACUNDO,FARIA FACUNDO
per_7a0704239f05fd06dfcf,per_cd11c30b29fc6b9b2b66,88,FACUNDO MUSA,FACUNDO MUSSI
per_e2865ed8661ca1612ce6,per_0170bafc36392d7b4619,88,FAILIA MAXIMILIANO,FARINA MAXIMILIANO
per_b1bd8c10c887c4a760a4,per_a6b9024797ad61dd5319,88,FAILIA MAXIMILIANO,FARINA MAXIMILIANO
per_b1bd8c10c887c4a760a4,per_0170bafc36392d7b4619,88,FAILIA MAXIMILIANO,FARINA MAXIMILIANO
per_6c9e20418a2f75a17f94,per_8888190dd4f6627b589c,88,FARINA CLAUDIO,FRINO CLAUDIO
per_03cd6f7228e9146cfdfe,per_168bcdb86f70fa1047b0,88,FARIS MAXIMILIANO,MACRI MAXIMILIANO
per_78d3d9bf5bc0f9acf1b8,per_44d856f3dd70ef991731,88,FERNANDEZ GAVILAN VIRGINIA,FERNANDEZ MARIA VIRGINIA
per_ab57059b099e81888589,per_69fcd26329587a8399ea,88,FERNANDEZ JUAN IGNACIO,UZ JUAN IGNACIO
per_d96de075e27ef0a59f9a,per_9fd7407573fab2a03a83,88,FERNANDEZ MARIA DE LOS ANGELES,MATA MARIA DE LOS ANGELES
per_d96de075e27ef0a59f9a,per_8402888979f4290c2ccc,88,FERNANDEZ MARIA DE LOS ANGELES,OIIK MARIA DE LOS ANGELES
per_c296574343bdc049a958,per_69fcd26329587a8399ea,88,FERNANDEZ MUGICA JUAN IGNACIO,UZ JUAN IGNACIO
per_4b3afad5d9a54fe662f3,per_dbbca4899e83573100c5,88,FERRER ALEJANDRO,GUERRERO ALEJANDRO
per_4b3afad5d9a54fe662f3,per_30351cc7f10387b93f1a,88,FERRER ALEJANDRO,GUERRERO ALEJANDRO
per_a728801ab1530f67ab17,per_1bff7193c0fe57615d5c,88,FERRERO MARIA,FERREYRA MARIA
per_a728801ab1530f67ab17,per_bd198dffd5c7ea4b94b3,88,FERRERO MARIA,GUERRERO MARIA
per_efb65805265ab7b9cc3d,per_ffe639a5719fb7ff999a,88,FERREYRA PABLO,PEREYRA PABLO
per_bf72fcea2b328d9869d2,per_f8ffbbf72bb9bd60af9e,88,FERREYRA RICARDO HORACIO,ROA RICARDO HORACIO
per_8e724087f4ba128600a6,per_dd900fec29c0e0b1109e,88,FIGUEROA JORGE,FIGUEROA JOSE
per_52cf68a8353c4fa7e4d7,per_687c9ea74f91dbc845a8,88,FILAS GABRIEL,FRIAS GABRIELA
per_e8615e73a4447c203eb4,per_69fcd26329587a8399ea,88,FIORI JUAN IGNACIO,UZ JUAN IGNACIO
per_2c4ef5d7b9bf57e1bcdf,per_d5e3dae48d494dc412a8,88,FOGANTE MARIELA,FONT MARIELA
per_7c6afa0af45fe8603fad,per_d9bdb0da66f10e21c26f,88,FORT EDUARDO,ORTIZ EDUARDO
per_e973505bc2731e299496,per_4311c89b005fba9ca2b0,88,FORTIN GONZALO,ORTIZ GONZALO
per_e0b7918021b73c6bfc02,per_702835c1597a8a56650a,88,FRANCOS FELIPE,FRANCOS FELIX
per_1cf3db6ce259567a828c,per_702835c1597a8a56650a,88,FRANCOS FELIPE,FRANCOS FELIX
per_d622036e8474f6af6d9f,per_5f723858cdcd566bb207,88,FRANCOS GUILLERMINA,FRANCOS GUILLERMO
per_d622036e8474f6af6d9f,per_dc80d73bb7913e2fe033,88,FRANCOS GUILLERMINA,FRANCOS GUILLERMO
per_841a8f8bd098c1625083,per_cf490547b2daf5327583,88,FRANCOS MARIA,FRANCOS MARTIN
per_841a8f8bd098c1625083,per_d8422aa569a567861a63,88,FRANCOS MARIA,FRANCOS MARTIN
per_4619a11b70ea0c2e59ef,per_cf490547b2daf5327583,88,FRANCOS MARIA,FRANCOS MARTIN
per_8888190dd4f6627b589c,per_0664ef9e91374b45eef0,88,FRINO CLAUDIO,MERINO CLAUDIO
per_cfada969a6eec9edd2e9,per_69fcd26329587a8399ea,88,FURIASSE JUAN IGNACIO,UZ JUAN IGNACIO
per_daacab2d31d5da765ce8,per_af560a4d4d6e4491e978,88,GAGO FERNANDO,GAYOL FERNANDO
per_2825a47e9eeb9c4d81b0,per_21e450799d20b141d881,88,GAGO GUSTAVO,GAONA GUSTAVO
per_e22e347f204b1736686c,per_21e450799d20b141d881,88,GAGO GUSTAVO,GAONA GUSTAVO
per_e01dfd07d5c29150cab5,per_8cf1e90f9b42046c41aa,88,GALAN SEBASTIAN,GALMARINI SEBASTIAN
per_b6f5a7b2b41687314ebb,per_d59b27a40708860d5d1c,88,GALLARDO MARIA,GALLO MARIA
per_023c4b7922abe049394e,per_9fd7407573fab2a03a83,88,GALLELA MARIA DE LOS ANGELES,MATA MARIA DE LOS ANGELES
per_023c4b7922abe049394e,per_8402888979f4290c2ccc,88,GALLELA MARIA DE LOS ANGELES,OIIK MARIA DE LOS ANGELES
per_8e0a60ed9211f80e2073,per_69fcd26329587a8399ea,88,GALLIND JUAN IGNACIO,UZ JUAN IGNACIO
per_2f264534aa35fdb151bd,per_69fcd26329587a8399ea,88,GALLINO JUAN IGNACIO,UZ JUAN IGNACIO
per_d2e841e2152c83bce3e4,per_f922040a6aac6b919148,88,GALLO MARCELO,GRILLO MARCELO
per_49e766c2c6a0de8980ed,per_21e450799d20b141d881,88,GAMBOA GUSTAVO,GAONA GUSTAVO
per_2bcd2988a8b4f918c41a,per_3208f04c1d087ef34685,88,GARAY MARTINA,GARCIA MARTINA
per_2bcd2988a8b4f918c41a,per_62e11faf95c0421b1e77,88,GARAY MARTINA,RAYA MARTINA
per_ecf2dd4a9bd3f334fb62,per_69fcd26329587a8399ea,88,GARCETE JUAN IGNACIO,UZ JUAN IGNACIO
per_43f76b0008828e6b74ff,per_aa8c5478819fcbc24763,88,GARCIA CREMADES JAVIER FRANCISCO,ZEA GARCIA FRANCISCO
per_362d60cbaf312f189538,per_8aa450027c05f945b1e8,88,GARCIA GERARDO ANDRES,GARCIA HERNANDO ANDRES
per_647ac87f54fe75e25a6d,per_943a9307cbbf69a8c897,88,GARCIA LIDIA,GARCIA LILIAN
per_615cdc7be1d5800c4d90,per_21e5bb741611ba6fd67d,88,GARCIA MARIA,GARCIA MARTIN
per_615cdc7be1d5800c4d90,per_d720e3a290b1d7fd171d,88,GARCIA MARIA,GARCIA MATIAS
per_615cdc7be1d5800c4d90,per_451a4b098b796b1bb16f,88,GARCIA MARIA,GARCIA MATIAS
per_615cdc7be1d5800c4d90,per_a0600f5401dbc92510dd,88,GARCIA MARIA,GARCIA MATIAS
per_7bd48f6082cd0a8ea987,per_d720e3a290b1d7fd171d,88,GARCIA MARIA,GARCIA MATIAS
per_2012990dd670afbefea8,per_d720e3a290b1d7fd171d,88,GARCIA MARIA,GARCIA MATIAS
per_3a98d6e3ca154ace2e1a,per_21e5bb741611ba6fd67d,88,GARCIA MARIANA,GARCIA MARTIN
per_3208f04c1d087ef34685,per_d720e3a290b1d7fd171d,88,GARCIA MARTINA,GARCIA MATIAS
per_3208f04c1d087ef34685,per_451a4b098b796b1bb16f,88,GARCIA MARTINA,GARCIA MATIAS
per_3208f04c1d087ef34685,per_a0600f5401dbc92510dd,88,GARCIA MARTINA,GARCIA MATIAS
per_e61e4cda7f11b7a73f69,per_dc55e26baefcd65db30b,88,GARCIA MIGUEL,GUARI MIGUEL
per_2469458c24acd8da3d08,per_aa8c5478819fcbc24763,88,GARCIA MIGUEL FRANCISCO,ZEA GARCIA FRANCISCO
per_e32b82933352a9f3ac97,per_aa8c5478819fcbc24763,88,GARCIA NEGRE FRANCISCO,ZEA GARCIA FRANCISCO
per_4c3be793b3be77fb049a,per_e59b17c6ec4cd429a444,88,GARCIA PAMELA,GARCIA PAOLA
per_4c3be793b3be77fb049a,per_463c0dc40b1f23d2eafe,88,GARCIA PAMELA,GARCIA PAULA
per_54336bdf00e5f840f6c3,per_2d78daeb03678fe0fa78,88,GIACOBBR JORGE,GIACOBE JORGE
per_fe85957c0aa7a2f58334,per_2d78daeb03678fe0fa78,88,GIACOBBR JORGE,GIACOBE JORGE
per_db13393b990aa750ace7,per_59ae348d1a6e57fc6e16,88,GIALDI CAROLINA,GIL CAROLINA
per_5f8785ade3e0203d3085,per_59ae348d1a6e57fc6e16,88,GIALDI CAROLINA,GIL CAROLINA
per_1e17013d8b70a12213c6,per_18aa351fd9f54f487511,88,GIANA CARLOS,GIANELLA CARLOS
per_b8696f563cd3a2688c20,per_619a65345d7c57ed7ca8,88,GIL ALEJANDRO,GLOS ALEJANDRO
per_b8696f563cd3a2688c20,per_03ff6cc995c586ade67b,88,GIL ALEJANDRO,ILLY ALEJANDRO
per_6665c02f0c9325c59e1e,per_17bb7047bbee063cfc1b,88,GIL PRADO SEBASTIAN,GIRAUDO SEBASTIAN
per_5478ba7125f4c49153ec,per_8caf3b549e4b95cbd0ed,88,GIMENEZ MARIO,GIMENEZ MARTIN
per_e3560434652cce33a872,per_be164800be39900558fa,88,GOBBI MARIANO,GORI MARIANO
per_e3560434652cce33a872,per_9587d4b54086856b8f24,88,GOBBI MARIANO,GORI MARIANO
per_a807e1a54df9c945e46f,per_2629a4e610e0610bac8f,88,GOMEZ MARIANO,GOMEZ MARTIN
per_0ad616504d0387077220,per_f6a093100138718ad070,88,GONZALES CASARTELLI DANIEL,GONZALEZ CASARTETTI DANIEL
per_38f6d48f7e1d2e609d0e,per_e097eced9961381a78fa,88,GONZALES CRISTIAN,GONZALEZ CRISTINA
per_971aa14590476540b1cc,per_69fcd26329587a8399ea,88,GONZALES JUAN IGNACIO,UZ JUAN IGNACIO
per_32ec569ebfc7afef7443,per_b3bc8e03be990e4631f3,88,GONZALEZ DANTE DANIEL,GONZALEZ WALTER DANIEL
per_c5ff95e8268bc7a43a70,per_8551589824e1098b2381,88,GOYA JUAN IGNACIO,MOYANO JUAN IGNACIO
per_c5ff95e8268bc7a43a70,per_69fcd26329587a8399ea,88,GOYA JUAN IGNACIO,UZ JUAN IGNACIO
per_1150a5315fa54607bb14,per_89b01bd75dacae1a5ccb,88,GRECO SANTIAGO,RE SANTIAGO
per_f922040a6aac6b919148,per_af04ae2fcd7ea570fd76,88,GRILLO MARCELO,RIO MARCELO
per_b855923da7b3aec52723,per_af04ae2fcd7ea570fd76,88,GRILLO MARCELO,RIO MARCELO
per_dbb9788a609d4cb57c2a,per_7a1a002acf7df01e712c,88,GRILLONE PABLO CASAL VICTORIA,GRILLONE PABLO TOLABA MIRIAM ROXANA FRANZOLINI ZUANET VICTORIA
per_9ad0d0cef17fda06c7a3,per_7823353ceaba00a3583f,88,GUBERMAN CARLOS JORGE,GURVEGMAN CARLOS JORGE
per_bd198dffd5c7ea4b94b3,per_c9cf53cfb9bba094338b,88,GUERRERO MARIA,HERRERO MARIA
per_5e02203c9beb3fee3d46,per_9fd7407573fab2a03a83,88,HERNANDEZ MARIA DE LOS ANGELES,MATA MARIA DE LOS ANGELES
per_5e02203c9beb3fee3d46,per_8402888979f4290c2ccc,88,HERNANDEZ MARIA DE LOS ANGELES,OIIK MARIA DE LOS ANGELES
per_6909c667a6172263a677,per_abb3b91f13255d268aa8,88,JASTREBLANSKI MAIA,JASTRENBLASKY MAIA
per_12bd95f380993aef26a1,per_3d98bc21495497b466a5,88,JONAS MAXIMILIANO,ROSAS MAXIMILIANO
per_8ad27893fa13ebf66cba,per_e0d822f7cdeb8f9dce73,88,KALANO KARINA,KATALAN KARINA
per_8be9fa923a7a0b5cdd01,per_8126baa6b64e796b470e,88,KOPITO JESICA,KOPYTO JESSICA
per_296c81bad81611f8129c,per_d2ca30652abb3db69f7e,88,LAGO JUAN CARLOS,PAGANO JUAN CARLOS
per_296c81bad81611f8129c,per_99dec8dec24022f23684,88,LAGO JUAN CARLOS,PAGOTO JUAN CARLOS
per_a8ff0fd820714af57ffa,per_c20216f54b83239b8385,88,LAMAS GUSTAVO,LARA GUSTAVO
per_1ebceaa37707b434ec14,per_cee51dd14f71cc8051ba,88,LANDA MARTINA,LANDAU MARIANA
per_1c711667dfcae7215496,per_d89cb4299e9c99731e32,88,LARA RICARDO,LASCA RICARDO
per_1c711667dfcae7215496,per_0871570c13dfe3826b2b,88,LARA RICARDO,LLERA RICARDO
per_0c50c070a36b8c6a38f6,per_d89cb4299e9c99731e32,88,LASALA RICARDO,LASCA RICARDO
per_67f998cdf651b2335abe,per_c9bcf29494fef20fb782,88,LATASTE ELIAS,LATRISTE ELIAS
per_8692009bb0ca625889ff,per_9b4be0aafd27139123eb,88,LAUDA GONZALO,LUNA GONZALO
per_e4c0495716ced4468539,per_5fd34794373f96c8a3c1,88,LEAL LEONARDO,VAL LEONARDO
per_6d33cfd4c7c1b3830fa3,per_fe32e5c4c73a0bba89ee,88,LEIVA MARIANO,LESA MARIANO
per_ca273336f138895f27ad,per_fe32e5c4c73a0bba89ee,88,LEIVA MARIANO,LESA MARIANO
per_4c7ae030bde254c36bc8,per_69fcd26329587a8399ea,88,LEONARDI JUAN IGNACIO,UZ JUAN IGNACIO
per_9aa1ebf025a32bdaabb0,per_2807b93260cb05fbf589,88,LIPI IGNACIO,LUPPI IGNACIO
per_659ab3391a491dfbbc4a,per_abe10c570cbc59cfc350,88,LOPEZ FACUNDO,PAEZ FACUNDO
per_c3091e27a1228d313698,per_253872d4ef1e553facb0,88,LOPEZ FERNANDO,PERZ FERNANDO
per_dbe71ae503a2dbf632c1,per_af5e0d66ce0a55af20ef,88,LOPEZ GABRIELA VALERIA,LOPEZ SABRINA VALERIA
per_10534ff8db6be1e46eb0,per_7b4711d2ebd24201e388,88,LOPEZ MARCELO,LOPEZ MARCOS
per_3db04e373d93defae310,per_9c8f138d20ebdb48c680,88,LOPEZ MAXIMILIANO,LORENZO MAXIMILIANO
per_5c2702d5b3b2d8c9d5fd,per_3c5563f941f708153df6,88,LOPEZ SABRINA,PAEZ SABRINA
per_84031e3e653ffc0b0d11,per_ba1314aae2799e263539,88,LOU ANRAN,LUO ANRAN
per_6fcae8c0aa56917a5e04,per_0b85fd2dd8b34b36a826,88,LUCENTINI FABRIZIO,LUSENTINI FABRICIO
per_53a8c24f854211ac1c5c,per_d09c16a24c1012113fd5,88,LUDER JUAN MANUEL,SOLER JUAN MANUEL
per_b52176b9141c2c50d5fa,per_4b09b8207ea975255751,88,MACANA DIEGO,MAIDANA DIEGO
per_3a81fd2e6ca963a7b0ac,per_0681f3284439ccfed232,88,MACCHI MARIA,MAROCHI MARIA
per_d6aceca7822c87236975,per_0681f3284439ccfed232,88,MACCHI MARIA,MAROCHI MARIA
per_55d0890ab590480bd52b,per_69fcd26329587a8399ea,88,MACEDO MORESI JUAN IGNACIO,UZ JUAN IGNACIO
per_34250ddf7245e62bd8ee,per_9fd7407573fab2a03a83,88,MADRONERO MARIA DE LOS ANGELES,MATA MARIA DE LOS ANGELES
per_34250ddf7245e62bd8ee,per_8402888979f4290c2ccc,88,MADRONERO MARIA DE LOS ANGELES,OIIK MARIA DE LOS ANGELES
per_161ea3373a952884f2b9,per_c885a06d27906982ed40,88,MAFFIA MATIAS,MAHIA MATIAS
per_ad6714e9a4bc09fb9a68,per_2b856bf8d89a12753257,88,MALAGNA MATIAS,MANA MATIAS
per_ad6714e9a4bc09fb9a68,per_dfdbcdeeb77ed5768898,88,MALAGNA MATIAS,MANA MATIAS
per_3d6e4ecb8babc016cfc1,per_9fd7407573fab2a03a83,88,MALDONADO MARIA DE LOS ANGELES,MATA MARIA DE LOS ANGELES
per_3d6e4ecb8babc016cfc1,per_8402888979f4290c2ccc,88,MALDONADO MARIA DE LOS ANGELES,OIIK MARIA DE LOS ANGELES
per_f3a64d751de49704bb23,per_b30243aa411df7539139,88,MANCUELLO ALEJANDRO,MANCUSO ALEJANDRO
per_aaa8b127987f65d6972f,per_3d39633020a460be19ac,88,MARANA AGUSTIN,MARRA AGUSTIN
per_be5ac6ac653b5f225f4d,per_5e10ddd480467c2760ce,88,MARIANO MARIA,MARTIN MARIANO
per_4bc5b8b282266fc6e11c,per_c8b3bae524295747ad7f,88,MARIN DIEGO,MARTINEZ DIEGO
per_a72e3ea2687e45a3ac61,per_d959612b9ebf12c879e8,88,MARINI VALENTINA,MARTINEZ VALENTINA
per_24624cd15e7827e58bcd,per_d959612b9ebf12c879e8,88,MARINI VALENTINA,MARTINEZ VALENTINA
per_8680511b304c07e385ed,per_d959612b9ebf12c879e8,88,MARINI VALENTINA,MARTINEZ VALENTINA
per_bb21ac7e07cb170cb382,per_8a59e705c577d160b974,88,MARON GUSTAVO,MONI GUSTAVO
per_72f6f95af6cea290ad98,per_8a59e705c577d160b974,88,MARON GUSTAVO,MONI GUSTAVO
per_593982d7e4c58e14c5e1,per_69fcd26329587a8399ea,88,MARTIN JUAN IGNACIO,UZ JUAN IGNACIO
per_5e10ddd480467c2760ce,per_41e8424c25321a211c59,88,MARTIN MARIANO,SARANO MARTIN
per_c8f84d561c21a9b5d516,per_3468bc710b8b14e25223,88,MARTINEZ CAROLINA,MARTINEZ CATALINA
per_0f1a292b18f3e162df4b,per_dc1ef528fffb6e0941a8,88,MARTINEZ JUAN,MARTINI JUAN
per_9fa5d4688db3dfc8ca18,per_dc1ef528fffb6e0941a8,88,MARTINEZ JUAN,MARTINI JUAN
per_80f43a6457cf4af60f34,per_f005c6d131b993c75e8d,88,MARTINEZ PABLO,MARTINO PABLO
per_d959612b9ebf12c879e8,per_060912a8e10d00521b0e,88,MARTINEZ VALENTINA,MARTINEZ VALERIA
per_6a0608f9d3fbd2e6006b,per_dcfd8824d4b6320a5684,88,MARTINS GERMAN,MARTOS GERMAN
per_dcfd8824d4b6320a5684,per_86c84c7a67f7a9224b90,88,MARTOS GERMAN,SMART GERMAN
per_9fd7407573fab2a03a83,per_8402888979f4290c2ccc,88,MATA MARIA DE LOS ANGELES,OIIK MARIA DE LOS ANGELES
per_9fd7407573fab2a03a83,per_767d0b9b808c1ce46c66,88,MATA MARIA DE LOS ANGELES,QUIROGA MARIA DE LOS ANGELES
per_9fd7407573fab2a03a83,per_177010e446447fce894b,88,MATA MARIA DE LOS ANGELES,VIOLA MARIA DE LOS ANGELES
per_fece66f9d37bc55b7e7e,per_5a678439a3d4c3a4549e,88,MAYO CARLOS,MAYORAS CARLOS
per_07b8df5d0bbfa2fd6f93,per_e05556dbe254ee7d6d07,88,MEDRANO ALEJANDRO,PERSANO ALEJANDRO
per_ea2b2ce8e006fd300800,per_e05556dbe254ee7d6d07,88,MEDRANO ALEJANDRO,PERSANO ALEJANDRO
per_ea2b2ce8e006fd300800,per_32cf1060d7bff52d8a24,88,MEDRANO ALEJANDRO,PERSANO ALEJANDRO
per_ea2b2ce8e006fd300800,per_e620d0d129c5ae6f92a5,88,MEDRANO ALEJANDRO,PERSANO ALEJANDRO
per_f71304a6e56cc706298a,per_c6d1cac8fc734c804c62,88,MELE SANTIAGO,MENEM SANTIAGO
per_f71304a6e56cc706298a,per_1ed31afa964c8b0b0c95,88,MELE SANTIAGO,MENEM SANTIAGO
per_2165e226b8427ec92bc2,per_16963e9c75f92314e619,88,MENDEZ ADRIAN,MENEM ADRIAN
per_2165e226b8427ec92bc2,per_ba6c2b9f9d0d2bd5d4ef,88,MENDEZ ADRIAN,MENEM ADRIAN
per_8b79ea7d85003fa8dd51,per_7c94c69722bb1056e6c3,88,MENDEZ EDUARDO,MENEM EDUARDO
per_8b79ea7d85003fa8dd51,per_ce38b32bd09e39a01722,88,MENDEZ EDUARDO,MENEN EDUARDO
per_ce38b32bd09e39a01722,per_2a582701c9ea3afecba3,88,MENEN EDUARDO,MENIEM EDUARDO
per_4c2810dc43e71467750f,per_24385f088ca166a8c656,88,MERLO DANIEL,ROMERO DANIEL
per_f457066cb3173cf70216,per_efdd53bafea39a0f4ff1,88,MIER JUAN IGNACIO,RIVERA JUAN IGNACIO
per_caaf02e18300961ec0db,per_efdd53bafea39a0f4ff1,88,MIER JUAN IGNACIO,RIVERA JUAN IGNACIO
per_caaf02e18300961ec0db,per_69fcd26329587a8399ea,88,MIER JUAN IGNACIO,UZ JUAN IGNACIO
per_377921d1cb451dce7a75,per_e0fa4fd6799766d0d639,88,MIERES MATIAS,TERES MATIAS
per_e066393877414e97b746,per_0f585c8d58b0df8c9124,88,MIGUENS MARIA,MIGUENS MATIAS
per_4205a145e5132581c758,per_81f121de050a1fbe87ab,88,MINA VERONICA,SMINK VERONICA
per_28ab21b03e65bf812bf8,per_69fcd26329587a8399ea,88,MINGRONE JUAN IGNACIO,UZ JUAN IGNACIO
per_b20c93c6b0fd3d0eeed0,per_08694931c8c6b9b7d408,88,MISROHI FLORENCIA,MIZRAHI FLORENCIA
per_b20c93c6b0fd3d0eeed0,per_e3dbf22d9aa2b2f0379f,88,MISROHI FLORENCIA,MIZRAHI FLORENCIA
per_8a59e705c577d160b974,per_6fe840303f8a1a2e1a47,88,MONI GUSTAVO,MORON GUSTAVO
per_8a59e705c577d160b974,per_0cda049e4dd4a89bf56d,88,MONI GUSTAVO,TONDI GUSTAVO
per_c34bf28fa03b04cbd35d,per_1de05934e5a3c4fcdb71,88,MONTERO JUAN CRUZ,ONTIVEROS JUAN CRUZ
per_8d2b72218cad95a7e3ab,per_e9b910b86d650f6e2fc6,88,MONZO CARLOS,MORENO CARLOS
per_1bdac0cbf95b7fa3bb51,per_832e76290a427358523e,88,MORALES MARIA BELEN,NORES MARIA BELEN
per_e9b2e06cf5d3f3552dba,per_18e9fd904eb5e624f1ca,88,MORDILLO PABLO,MURILLO PABLO
per_e9b910b86d650f6e2fc6,per_351bee91974fd9085d5d,88,MORENO CARLOS,MORON CARLOS
per_1b52c35d8e9222dc12ce,per_910eaf9ea7573d534ef5,88,MORENO SUSANA,MORON SUSANA
per_f6a51bea91397d34a931,per_6ee27cefe3e14376659f,88,MORO MARCELO ALEJANDRO,ROZAS MARCELO ALEJANDRO
per_25e1e79b3a1163afc387,per_6ee27cefe3e14376659f,88,MORO MARCELO ALEJANDRO,ROZAS MARCELO ALEJANDRO
per_43e754362a3cb34e06f7,per_a07efc58eecfbbe5e5e0,88,MUINO JOSE MARIA,QUIJANO JOSE MARIA
per_1e54f0b447894a343ee8,per_08fdcd9749db7337db34,88,MUNOZ JUAN CARLOS,QUINO JUAN CARLOS
per_8389358cd012413df184,per_fefdda2142dd58c9ece6,88,MUNOZ JULIETA,UNCO JULIETA
per_abdce28224a99d6fae01,per_929449f8e177349e4d80,88,NATELLA ALBERTO,TELL ALBERTO
per_8825aa1eaa5c5f0bae8c,per_9ff3b8a4667ccc4a5572,88,NAVONE WALTER,PAVON WALTER
per_de530b2f8ba38d953795,per_404b457df6387a639a18,88,NICOLAS MUNAFO,NICOLAS MUNOZ
per_f1543ad0fe6921e20a47,per_8605aae451b50af25ed3,88,NIMO ALEJANDRO,RIO ALEJANDRO
per_eab81f336abc4ed234e0,per_69fcd26329587a8399ea,88,OGALLAR JUAN IGNACIO,UZ JUAN IGNACIO
per_8402888979f4290c2ccc,per_767d0b9b808c1ce46c66,88,OIIK MARIA DE LOS ANGELES,QUIROGA MARIA DE LOS ANGELES
per_8402888979f4290c2ccc,per_177010e446447fce894b,88,OIIK MARIA DE LOS ANGELES,VIOLA MARIA DE LOS ANGELES
per_bd88a32198f515cc595a,per_7c918648902b60f61413,88,OJEDA MARIO,OJEDA MAURICIO
per_7c5d8ee4a52aa251add2,per_64d2955d6ad632f97027,88,OLLOLA RICARDO,OYOLA RICARDO
per_7c5d8ee4a52aa251add2,per_e64adeb33d40cf5884de,88,OLLOLA RICARDO,SOLLA RICARDO
per_ac0e5a74fe05f6c3b65b,per_6fe9725cee473725e53e,88,OREA SANTIAGO,TORRE SANTIAGO
per_a6adb51f08e5e061835d,per_090fd37f7c15ac04d778,88,ORIETA JUAN CARLOS,REAL JUAN CARLOS
per_a6adb51f08e5e061835d,per_da0d43d783bed5dfa31e,88,ORIETA JUAN CARLOS,REAL JUAN CARLOS
per_a6adb51f08e5e061835d,per_b395652cec241eaf4e53,88,ORIETA JUAN CARLOS,RIVERA JUAN CARLOS
per_72ec4833d0cf7d60f8e4,per_217677f1314cb93816e5,88,ORTIZ FEDERICO,RUIZ FEDERICO
per_72ec4833d0cf7d60f8e4,per_c627de0f6075bee7e670,88,ORTIZ FEDERICO,RUIZ FEDERICO
per_319bbc9e70ca6a6b0a26,per_7e29fb140537cea1ab11,88,ORTIZ MAXIMILIANO,PRAIZ MAXIMILIANO
per_319bbc9e70ca6a6b0a26,per_0aedfecd72a84ef3f7f0,88,ORTIZ MAXIMILIANO,SORIA MAXIMILIANO
per_bf348e3c25f0ea4c3b8e,per_d9acfc8ea627590f07b4,88,PAEZ JUAN CARLOS,PANIZO JUAN CARLOS
per_d2ca30652abb3db69f7e,per_d9acfc8ea627590f07b4,88,PAGANO JUAN CARLOS,PANIZO JUAN CARLOS
per_ffc2bfe90eda7132d72e,per_eca54254af669be55707,88,PAGOZ NICOLAS,PAKGOS NICOLAS
per_cae06614ba6005741106,per_69fcd26329587a8399ea,88,PAIRE CAMPANINI JUAN IGNACIO,UZ JUAN IGNACIO
per_922c26e20eb23e8bc593,per_dfeee7e1d33e3e3ffa0f,88,PAIS JUAN MANUEL,PARODI JUAN MANUEL
per_6765c6ff7328cf1f5621,per_c0b93977e698413ac58c,88,PALLEJO JOSE,VALLEJOS JOSE
per_0928d272587c131034f9,per_e2ae73ed3a6426c45cfb,88,PARODI MARIELA,RODIO MARIELA
per_5097d2cb6262964b042d,per_e2ae73ed3a6426c45cfb,88,PARODI MARIELA,RODIO MARIELA
per_06c7469ebe3098ed1e56,per_4678f6f5729b2b6247ab,88,PASCAL ARTHER MATIAS,PASCALL ARTHUR MATTHIAS
per_4534b54d8d259404248b,per_11ed6fa6144137f1f405,88,PASO JUAN,PAZO JUAN
per_4534b54d8d259404248b,per_debdfa3acf1419f5c06f,88,PASO JUAN,PAZO JUAN
per_fdface74b44df4759774,per_a191e8700d17dafe330b,88,PAZ EZEQUIEL,SPAK EZEQUIEL
per_eba6b3e2763186d1754e,per_bcdf36b207f31a37d6c1,88,PEER DOR,PEER DORON
per_9ca59b89ffe9a0b1b2f6,per_0faf4978c469f3a01acd,88,PEPE GABRIELA,PEREZ GABRIELA
per_153578e29f1d08b1d48e,per_0faf4978c469f3a01acd,88,PEPE GABRIELA,PEREZ GABRIELA
per_97c40882ab96f77602b6,per_ac8bfbc121291d5006df,88,PERAZZO JUAN PABLO,PEREZ JUAN PABLO
per_7db1a266b273d1567d4a,per_253872d4ef1e553facb0,88,PEREA FERNANDO,PERZ FERNANDO
per_ddd1706e4c432e509ddb,per_518c5ca9d0d542df8e79,88,PEREIRA CARLOS ALBERTO,PRESTI CARLOS ALBERTO
per_24be93ce0352961d136f,per_6878a0ce153c3f8b18d1,88,PEREIRA DIEGO,PERREYRA DIEGO
per_8168e56e35d92770589f,per_6878a0ce153c3f8b18d1,88,PEREIRA DIEGO,PERREYRA DIEGO
per_907f15e59f946e0ba39b,per_04ac1a60608fc6c19cce,88,PEREIRA JUAN CARLOS,PIERE JUAN CARLOS
per_750bd0964402b90a6df3,per_04ac1a60608fc6c19cce,88,PEREYRA JUAN CARLOS,PIERE JUAN CARLOS
per_510cacfcf6c8d1e9ee55,per_699f9ce8e5800a0d80b6,88,PEREZ ANDRES,PRADEZ ANDRES
per_6771c198892c0ee86180,per_9690e68a95809ba366b9,88,PEREZ ARZIVIA TOMAS,PEREZ RIVAS TOMAS
per_cca8c6fcd6a73f3bb580,per_27a6e47564df33d7b0fe,88,PERNAS OSVALDO,SPENA OSVALDO
per_821621d47bcd4a648cef,per_69fcd26329587a8399ea,88,PETRA JUAN IGNACIO,UZ JUAN IGNACIO
per_b1f93acf22c666474f3f,per_7c9aef2c4d5a3533b5d7,88,PIERRI SILVINA,PRIERI SILVIA
per_d7192550f34fc0efc952,per_69fcd26329587a8399ea,88,PIES CARATOZZOLO JUAN IGNACIO,UZ JUAN IGNACIO
per_cc23e1e2830e8c7d7fe5,per_e2325015b40eefdd580b,88,PINEDO ENRIQUE,PINTO ENRIQUE
per_c47803bbf6cd78f68e9a,per_1b3dfbac28e4a51a6879,88,PINTO MARTIN,PRIETO MARTIN
per_6ab16c90c374eb8c0587,per_d5eb0d4975c7673c8187,88,POGGI CLAUDIO,POLI CLAUDIO
per_d5d11a52b6d423924d34,per_d5eb0d4975c7673c8187,88,POGGI CLAUDIO,POLI CLAUDIO
per_ce8e3b555c0958ec4a7a,per_652997df5ea9a329f7de,88,POGGI CLAUDIO,POLI CLAUDIO
per_ce8e3b555c0958ec4a7a,per_d5eb0d4975c7673c8187,88,POGGI CLAUDIO,POLI CLAUDIO
per_eb4acc968a52f56820d4,per_eefe3b8a2c654bc2bd1a,88,PORTO RODRIGO,SOTO RODRIGO
per_ca25678951357f6620d6,per_f6ab8347eef80c45fdf8,88,PRATESI JUAN CARLOS,RASPI JUAN CARLOS
per_767d0b9b808c1ce46c66,per_177010e446447fce894b,88,QUIROGA MARIA DE LOS ANGELES,VIOLA MARIA DE LOS ANGELES
per_ecd507a95ac2146ef1cc,per_7346332e5a39231dd868,88,RAIMONDO JORGE,RAIMONDO JOSE
per_bacafdadacc25f1d36c2,per_baa23ed4873e22016897,88,RAMIEZ MARIA,RAMIREZ MARIANO
per_e0d32d00d1e3f64d0129,per_9aa65f1f74ee2ad8eafc,88,RAMIREZ ANA,RAMIREZ ANALIA
per_e3ee02b491037408094f,per_60ac1b7c5543ad1d3eaf,88,RAMIREZ MARIA,RAMIREZ MARTIN
per_e3ee02b491037408094f,per_c58ddc8f24700c38f829,88,RAMIREZ MARIA,RAMIREZ MATIAS
per_eff0ca8e921441c33524,per_2e3df9aad9a2702d60c5,88,RAMOS FACUNDO,ROMO FACUNDO
per_0c40abde98baf0a968bc,per_304b613c55998d14d08d,88,RAMOS JOAQUIN,RIOS JOAQUIN
per_89b01bd75dacae1a5ccb,per_6fe9725cee473725e53e,88,RE SANTIAGO,TORRE SANTIAGO
per_da0d43d783bed5dfa31e,per_b395652cec241eaf4e53,88,REAL JUAN CARLOS,RIVERA JUAN CARLOS
per_e983e8c0ecb25538e9b9,per_960f78f03263941aba89,88,REBOK NICOLAS,REOS NICOLAS
per_f2a438ae1c5b8d707e11,per_7c0525e44720206c079b,88,REICH KAREN,REICHART KAREN
per_0596b2d7f68ceebdd831,per_2d3c94121adcea2c0952,88,RENE IGNACIO,VENER IGNACIO
per_960f78f03263941aba89,per_fd9366a4cbe6bea88f0a,88,REOS NICOLAS,RESCO NICOLAS
per_57177efae4664cd0f3ae,per_9b71fd52bc93e046b2a8,88,REPETTO MARIA,REPETTO MARTIN
per_b43d2b8680c86b556e65,per_84668db10644e8455fa9,88,RICOVER ANDRES,RIVERA ANDRES
per_8605aae451b50af25ed3,per_83b487634717cc7b13a6,88,RIO ALEJANDRO,ROCA ALEJANDRO
per_025cf81748cf2260fa22,per_32be5ccc1a701d5d4395,88,RIOBO GONZALO,RIOS GONZALO
per_097713c0c5dade31dc63,per_32be5ccc1a701d5d4395,88,RIOBO GONZALO,RIOS GONZALO
per_48178fdf864370da4b28,per_da29127fa388edf1898b,88,RIOS CRISTIAN,ROJAS CRISTIAN
per_ffd3d387b9520954f485,per_bea04d2ce54a182a8af0,88,RIOS JUAN,ROSS JUAN
per_efdd53bafea39a0f4ff1,per_69fcd26329587a8399ea,88,RIVERA JUAN IGNACIO,UZ JUAN IGNACIO
per_4acc934c62e42e9fbdbe,per_626ee1ac01265200bd0b,88,ROBLES MARTA,ROBLES MATIAS
per_626ee1ac01265200bd0b,per_9488898ef121fb420d1a,88,ROBLES MATIAS,ROSALES MATIAS
per_626ee1ac01265200bd0b,per_0af32258380d42fe60ac,88,ROBLES MATIAS,ROSALES MATIAS
per_2a44b05f5aee9f147c36,per_a3c3a36a2352771e75bd,88,RODRIGUEZ ALEJANDRO,RODRIGUEZ ALEJO
per_7ac78a5cdc309c235639,per_06ba32946f2c129dd448,88,RODRIGUEZ ANA LAURA,RODRIGUEZ MACHADO LAURA
per_7ac78a5cdc309c235639,per_c241ee83ca4a4c83d1e3,88,RODRIGUEZ ANA LAURA,RODRIGUEZ PAREDES LAURA
per_c59ced766a9e3f59c837,per_fb90e09656715c6634d7,88,RODRIGUEZ DIEGO MARTIN,RODRIGUEZ GIESSO MARTIN
per_c59ced766a9e3f59c837,per_a6e104ade42d968a9485,88,RODRIGUEZ DIEGO MARTIN,RODRIGUEZ GIESSO MARTIN
per_34b50acfb84b667ef8e8,per_4b7933315c565e40b674,88,RODRIGUEZ GRACIELA,RODRIGUEZ GRISELDA
per_2b6cd6c9a3e36d47cfaf,per_cb6b5b8f6eb2302bd9ab,88,ROJAS AGUSTIN,ROJO AGUSTIN
per_21cac34ffcd892a4739c,per_347a012318b3b186e496,88,ROJAS CARLA,ROJAS CAROLINA
per_da29127fa388edf1898b,per_1e32d7342b28fba59a28,88,ROJAS CRISTIAN,ROSS CRISTIAN
per_ec1e55a452f623fd05a0,per_69fcd26329587a8399ea,88,ROLDAN MIGUEL ANGEL LATORRE JUAN IGNACIO,UZ JUAN IGNACIO
per_9502d3ba4bbbafa281de,per_3ffc774f772d8a86d700,88,ROMANO JOAQUIN,ROMAY JOAQUIN
per_dde6e764a824aff62700,per_69fcd26329587a8399ea,88,ROMAY JUAN IGNACIO,UZ JUAN IGNACIO
per_68db8aaebf85d560e52e,per_2a020c5f6bc3cd48e2fd,88,ROMERO AGUSTINA,ROMO AGUSTIN
per_19676a3696b50081c235,per_2093769d04983b442226,88,ROSES GABRIELA,ROSSI GABRIEL
per_8ca1c35c5bf3ea41379b,per_69fcd26329587a8399ea,88,RUBIOLO JUAN IGNACIO,UZ JUAN IGNACIO
per_ef7b77ed21f8f3e1965e,per_a07660d0e06757d74c7e,88,RUSSO FERNANDO GABRIEL,TRUCCO FERNANDO GABRIEL
per_c0f9b8cbb9d74c48ffda,per_e6576a43e48960ac8669,88,SABIA JUAN IGNACIO,SALVI JUAN IGNACIO
per_37c39e4ae1b7c725f325,per_afe8b8db4597212fdc01,88,SAENZ GUSTAVO,SUAREZ GUSTAVO
per_22c107723371e46e5e85,per_446ad2b59efe5bf67dfa,88,SALAMA MATIAS,USALA MATIAS
per_f57961b7372d89310f9a,per_446ad2b59efe5bf67dfa,88,SALAMA MATIAS,USALA MATIAS
per_e6576a43e48960ac8669,per_69fcd26329587a8399ea,88,SALVI JUAN IGNACIO,UZ JUAN IGNACIO
per_503a19218b807bc6ed2b,per_4285e005f1163d21772a,88,SANCHEZ IGNACIO,SANZ IGNACIO
per_feeb9bfa581123bf165b,per_728512641d6e579caa87,88,SANTIAGO CAPUTO,SANTIAGO CAT
per_436d6abc7b8abe9c4553,per_22501155a204c3876c50,88,SAPINO ALEJANDRO,SPINELLO ALEJANDRO
per_39644cb9e18e83f61be0,per_69fcd26329587a8399ea,88,SASSADRO JUAN IGNACIO,UZ JUAN IGNACIO
per_666dc48fc38f4fe61292,per_451d19f40d64c22c28ac,88,SCIALABA FEDERICO,SICIALIA FEDERICO
per_666dc48fc38f4fe61292,per_dfef1ccae32dc9fd444e,88,SCIALABA FEDERICO,SICIALIA FEDERICO
per_85b8483faeee535c4590,per_756caa119fec3dc7792e,88,SCOTTO MARIANA,SCOTTO MARTIN
per_0194e61b8e82c2918278,per_0a4c609672dd6b739bab,88,SENKIERNMAN LAURA,SZENKEIRMAN LAURA
per_8b26f2822f2491a4df1c,per_d09c16a24c1012113fd5,88,SERRA JUAN MANUEL,SOLER JUAN MANUEL
per_d9469da82a62276ea999,per_efc840358948dd53db2f,88,SERRANO LARISA,SERRANO LAURA
per_7cb11831662771284228,per_69fcd26329587a8399ea,88,SERRATS JUAN IGNACIO,UZ JUAN IGNACIO
per_67f9b45bb9ef01d45fcf,per_69fcd26329587a8399ea,88,SICILIA JUAN IGNACIO,UZ JUAN IGNACIO
per_5d5121157e67c37c03ed,per_8934ae18801657783c50,88,SIGOT FEDERICO,SOTO FEDERICO
per_1e41b3e3ea9b9fe97e8e,per_8934ae18801657783c50,88,SIGOT FEDERICO,SOTO FEDERICO
per_ae872a7c074c2528e551,per_64802834afb64222d36e,88,SOLDAN JUAN MANUEL,SOSA JUAN MANUEL
per_ae872a7c074c2528e551,per_de1177565f1103f9b8c8,88,SOLDAN JUAN MANUEL,SOSA JUAN MANUEL
per_e64adeb33d40cf5884de,per_ab7f3fe49b8c1f24124f,88,SOLLA RICARDO,SOSA RICARDO
per_6da1cf6c47294df68378,per_c8c2897cb85ca4ff4685,88,SPEAR STEFANIE,SPEARS STEFAN
per_aea21c8c7c39291e4ee7,per_70ccc1bee10698abdafc,88,SPINSER ANDRES,SPIZER ANDRES
per_6b0eaa8f8786a4372a6c,per_69fcd26329587a8399ea,88,STAMPALIJA JUAN IGNACIO,UZ JUAN IGNACIO
per_6d2f678d107223608a40,per_69fcd26329587a8399ea,88,TAVELLA BURGOS JUAN IGNACIO,UZ JUAN IGNACIO
per_d16d533259b5e0295fb6,per_69fcd26329587a8399ea,88,TORNERO JUAN IGNACIO,UZ JUAN IGNACIO
per_a121b5454dcf0f8c3a7e,per_c0aea9c3779278fa2bd4,88,TORRE LUCIANA,TORRES LUCIA
per_397e47ecfd5e476d0922,per_1df1cdfd568d3dbce769,88,TORRES MARCELO,TORRES MARCOS
per_428f9e35a304c906ade1,per_1df1cdfd568d3dbce769,88,TORRES MARCELO,TORRES MARCOS
per_3a2fe40d3181168ab6d7,per_1df1cdfd568d3dbce769,88,TORRES MARCELO,TORRES MARCOS
per_69fcd26329587a8399ea,per_385e4e0604a6ea3464d3,88,UZ JUAN IGNACIO,VALENZUELA JUAN IGNACIO
per_69fcd26329587a8399ea,per_3b109a9843f6aa5d8de2,88,UZ JUAN IGNACIO,VINALS JUAN IGNACIO
per_69fcd26329587a8399ea,per_19ad3f59e0c6e0172e05,88,UZ JUAN IGNACIO,WAISSMAN JUAN IGNACIO
per_69fcd26329587a8399ea,per_3e9cb9eb6bafae716cae,88,UZ JUAN IGNACIO,WEIMBERG JUAN IGNACIO
per_69fcd26329587a8399ea,per_8e7d6791eda41b9e3ad2,88,UZ JUAN IGNACIO,ZAFFARONI MARINO JUAN IGNACIO
per_5fd34794373f96c8a3c1,per_1c095fcf873741d20095,88,VAL LEONARDO,VEGA LEONARDO
per_b82e5070c589280833f4,per_7584e1370a45a1721189,88,VARELA MARIA,VARELA MATIAS
per_18d13460e5de379579f2,per_46d90de186e59b1137f1,88,VASQUEZ ALEJANDRO,VAZQUEZ ALEJANDRA
per_ec46ee8e8864c647cf99,per_afdfda1e901c61cb8156,88,VEGA JOAQUIN,VENEGAS JOAQUIN
per_e8aeb16a07f575c825f4,per_e9e3fda8d939b95664e7,88,VELAZ FACUNDO,VILA FACUNDO
per_90205676861159e5ce42,per_912b758c0aa69d1f11f9,88,VELOSO MAXIMILIANO,VOSS MAXIMILIANO
per_90205676861159e5ce42,per_16ffba6a40687c298ac9,88,VELOSO MAXIMILIANO,VOSS MAXIMILIANO
per_c512c1d3cbb07bd807d5,per_23bae3208a880b03db7f,88,VENER GUSTAVO,VERA GUSTAVO
per_c9f8385096aeb5d6607a,per_23bae3208a880b03db7f,88,VENTURA GUSTAVO,VERA GUSTAVO
per_1138b508d12bf091a832,per_d8e909d0e97a5f3605c7,88,VIDAL CLAUDIO,VITALE CLAUDIO
per_8576fccf4f9036287619,per_11835ae2f666fbc9ab90,88,VIERA LUCIANA,VIERA LUCILA
per_ec5a0798c88d82508507,per_3cb34a3bf11c6bb39efc,88,VILAR MARIANO,VILLAR MARIA
per_aa939c44c0373b19b90b,per_5623668a8a9c50d72097,88,W AHNISH AXEL,WAHNISH AXEL
per_31c42475f422bce8a283,per_256ae75da0d1098e5dce,88,W ALTER SUFAN,WALTER SUFAN
per_31c42475f422bce8a283,per_339ab08e56ef4b395ad5,88,W ALTER SUFAN,WALTER SUFAN
per_b21d5c374ab28684b935,per_27157b2b6c4e43fed800,88,W EISS GUSTAVO,WEISS GUSTAVO
per_b21d5c374ab28684b935,per_77201ebb85a77d2e2c4a,88,W EISS GUSTAVO,WEISS GUSTAVO
per_ec98b233ba1afab33453,per_c164b3603af6b1d9fc58,88,ZANETTI SEBASTIAN,ZANOTTO SEBASTIAN
